-- 创建数据库
create database if not exists `kettle-repository` default character set utf8 collate utf8_general_ci;

use kettle-repository;


-- ----------------------------
-- Table structure for r_cluster
-- ----------------------------
DROP TABLE IF EXISTS `r_cluster`;
CREATE TABLE `r_cluster`  (
  `ID_CLUSTER` bigint(20) NOT NULL,
  `NAME` varchar(255) CHARACTER SET utf8 COLLATE utf8_general_ci NULL DEFAULT NULL,
  `BASE_PORT` varchar(255) CHARACTER SET utf8 COLLATE utf8_general_ci NULL DEFAULT NULL,
  `SOCKETS_BUFFER_SIZE` varchar(255) CHARACTER SET utf8 COLLATE utf8_general_ci NULL DEFAULT NULL,
  `SOCKETS_FLUSH_INTERVAL` varchar(255) CHARACTER SET utf8 COLLATE utf8_general_ci NULL DEFAULT NULL,
  `SOCKETS_COMPRESSED` tinyint(1) NULL DEFAULT NULL,
  `DYNAMIC_CLUSTER` tinyint(1) NULL DEFAULT NULL,
  PRIMARY KEY (`ID_CLUSTER`) USING BTREE
) ENGINE = InnoDB CHARACTER SET = utf8 COLLATE = utf8_general_ci ROW_FORMAT = Dynamic;

-- ----------------------------
-- Table structure for r_cluster_slave
-- ----------------------------
DROP TABLE IF EXISTS `r_cluster_slave`;
CREATE TABLE `r_cluster_slave`  (
  `ID_CLUSTER_SLAVE` bigint(20) NOT NULL,
  `ID_CLUSTER` int(11) NULL DEFAULT NULL,
  `ID_SLAVE` int(11) NULL DEFAULT NULL,
  PRIMARY KEY (`ID_CLUSTER_SLAVE`) USING BTREE
) ENGINE = InnoDB CHARACTER SET = utf8 COLLATE = utf8_general_ci ROW_FORMAT = Dynamic;

-- ----------------------------
-- Table structure for r_condition
-- ----------------------------
DROP TABLE IF EXISTS `r_condition`;
CREATE TABLE `r_condition`  (
  `ID_CONDITION` bigint(20) NOT NULL,
  `ID_CONDITION_PARENT` int(11) NULL DEFAULT NULL,
  `NEGATED` tinyint(1) NULL DEFAULT NULL,
  `OPERATOR` varchar(255) CHARACTER SET utf8 COLLATE utf8_general_ci NULL DEFAULT NULL,
  `LEFT_NAME` varchar(255) CHARACTER SET utf8 COLLATE utf8_general_ci NULL DEFAULT NULL,
  `CONDITION_FUNCTION` varchar(255) CHARACTER SET utf8 COLLATE utf8_general_ci NULL DEFAULT NULL,
  `RIGHT_NAME` varchar(255) CHARACTER SET utf8 COLLATE utf8_general_ci NULL DEFAULT NULL,
  `ID_VALUE_RIGHT` int(11) NULL DEFAULT NULL,
  PRIMARY KEY (`ID_CONDITION`) USING BTREE
) ENGINE = InnoDB CHARACTER SET = utf8 COLLATE = utf8_general_ci ROW_FORMAT = Dynamic;

-- ----------------------------
-- Table structure for r_database
-- ----------------------------
DROP TABLE IF EXISTS `r_database`;
CREATE TABLE `r_database`  (
  `ID_DATABASE` bigint(20) NOT NULL,
  `NAME` varchar(255) CHARACTER SET utf8 COLLATE utf8_general_ci NULL DEFAULT NULL,
  `ID_DATABASE_TYPE` int(11) NULL DEFAULT NULL,
  `ID_DATABASE_CONTYPE` int(11) NULL DEFAULT NULL,
  `HOST_NAME` varchar(255) CHARACTER SET utf8 COLLATE utf8_general_ci NULL DEFAULT NULL,
  `DATABASE_NAME` mediumtext CHARACTER SET utf8 COLLATE utf8_general_ci NULL,
  `PORT` int(11) NULL DEFAULT NULL,
  `USERNAME` varchar(255) CHARACTER SET utf8 COLLATE utf8_general_ci NULL DEFAULT NULL,
  `PASSWORD` varchar(255) CHARACTER SET utf8 COLLATE utf8_general_ci NULL DEFAULT NULL,
  `SERVERNAME` varchar(255) CHARACTER SET utf8 COLLATE utf8_general_ci NULL DEFAULT NULL,
  `DATA_TBS` varchar(255) CHARACTER SET utf8 COLLATE utf8_general_ci NULL DEFAULT NULL,
  `INDEX_TBS` varchar(255) CHARACTER SET utf8 COLLATE utf8_general_ci NULL DEFAULT NULL,
  PRIMARY KEY (`ID_DATABASE`) USING BTREE
) ENGINE = InnoDB CHARACTER SET = utf8 COLLATE = utf8_general_ci ROW_FORMAT = Dynamic;

-- ----------------------------
-- Records of r_database
-- ----------------------------
INSERT INTO `r_database` VALUES (1, 'etl_destination', 33, 1, '121.36.24.29', 'etl_destination', 3360, 'pieaccountC', 'Encrypted 2be98afc86aa7a28dae0aaf64fec3fd89', NULL, NULL, NULL);
INSERT INTO `r_database` VALUES (2, 'etl_source', 33, 1, '121.36.24.29', 'etl_source', 3360, 'pieaccountC', 'Encrypted 2be98afc86aa7a28dae0aaf64fec3fd89', NULL, NULL, NULL);
INSERT INTO `r_database` VALUES (3, 'KETCS', 33, 1, '121.36.24.29', 'etl_destination', 3360, 'pieaccountC', 'Encrypted 2be98afc86aa7a28dae0aaf64fec3fd89', NULL, NULL, NULL);
INSERT INTO `r_database` VALUES (4, 'data_pool', 33, 1, '127.0.0.1', 'data_pool', 3306, 'root', 'Encrypted 2be98afc86aa7f2e4cb79ce10cc9da0ce', NULL, NULL, NULL);
INSERT INTO `r_database` VALUES (5, 'lx', 33, 1, '127.0.0.1', 'lx', 3306, 'root', 'Encrypted 2be98afc86aa7f2e4cb79ce10cc9da0ce', NULL, NULL, NULL);
INSERT INTO `r_database` VALUES (6, '121.36.24.29-gx', 33, 1, '121.36.24.29', 'gx', 3360, 'pieaccountC', 'Encrypted 2be98afc86aa7a28dae0aaf64fec3fd89', NULL, NULL, NULL);

-- ----------------------------
-- Table structure for r_database_attribute
-- ----------------------------
DROP TABLE IF EXISTS `r_database_attribute`;
CREATE TABLE `r_database_attribute`  (
  `ID_DATABASE_ATTRIBUTE` bigint(20) NOT NULL,
  `ID_DATABASE` int(11) NULL DEFAULT NULL,
  `CODE` varchar(255) CHARACTER SET utf8 COLLATE utf8_general_ci NULL DEFAULT NULL,
  `VALUE_STR` mediumtext CHARACTER SET utf8 COLLATE utf8_general_ci NULL,
  PRIMARY KEY (`ID_DATABASE_ATTRIBUTE`) USING BTREE,
  UNIQUE INDEX `IDX_RDAT`(`ID_DATABASE`, `CODE`) USING BTREE
) ENGINE = InnoDB CHARACTER SET = utf8 COLLATE = utf8_general_ci ROW_FORMAT = Dynamic;

-- ----------------------------
-- Records of r_database_attribute
-- ----------------------------
INSERT INTO `r_database_attribute` VALUES (104, 1, 'USE_POOLING', 'N');
INSERT INTO `r_database_attribute` VALUES (105, 1, 'PRESERVE_RESERVED_WORD_CASE', 'Y');
INSERT INTO `r_database_attribute` VALUES (106, 1, 'SUPPORTS_TIMESTAMP_DATA_TYPE', 'Y');
INSERT INTO `r_database_attribute` VALUES (107, 1, 'IS_CLUSTERED', 'N');
INSERT INTO `r_database_attribute` VALUES (108, 1, 'SUPPORTS_BOOLEAN_DATA_TYPE', 'Y');
INSERT INTO `r_database_attribute` VALUES (109, 1, 'STREAM_RESULTS', 'Y');
INSERT INTO `r_database_attribute` VALUES (110, 1, 'PORT_NUMBER', '3360');
INSERT INTO `r_database_attribute` VALUES (111, 1, 'FORCE_IDENTIFIERS_TO_UPPERCASE', 'N');
INSERT INTO `r_database_attribute` VALUES (112, 1, 'FORCE_IDENTIFIERS_TO_LOWERCASE', 'N');
INSERT INTO `r_database_attribute` VALUES (113, 1, 'QUOTE_ALL_FIELDS', 'N');
INSERT INTO `r_database_attribute` VALUES (114, 2, 'USE_POOLING', 'N');
INSERT INTO `r_database_attribute` VALUES (115, 2, 'PRESERVE_RESERVED_WORD_CASE', 'Y');
INSERT INTO `r_database_attribute` VALUES (116, 2, 'SUPPORTS_TIMESTAMP_DATA_TYPE', 'Y');
INSERT INTO `r_database_attribute` VALUES (117, 2, 'IS_CLUSTERED', 'N');
INSERT INTO `r_database_attribute` VALUES (118, 2, 'SUPPORTS_BOOLEAN_DATA_TYPE', 'Y');
INSERT INTO `r_database_attribute` VALUES (119, 2, 'STREAM_RESULTS', 'Y');
INSERT INTO `r_database_attribute` VALUES (120, 2, 'PORT_NUMBER', '3360');
INSERT INTO `r_database_attribute` VALUES (121, 2, 'FORCE_IDENTIFIERS_TO_UPPERCASE', 'N');
INSERT INTO `r_database_attribute` VALUES (122, 2, 'FORCE_IDENTIFIERS_TO_LOWERCASE', 'N');
INSERT INTO `r_database_attribute` VALUES (123, 2, 'QUOTE_ALL_FIELDS', 'N');
INSERT INTO `r_database_attribute` VALUES (124, 3, 'USE_POOLING', 'N');
INSERT INTO `r_database_attribute` VALUES (125, 3, 'PRESERVE_RESERVED_WORD_CASE', 'Y');
INSERT INTO `r_database_attribute` VALUES (126, 3, 'SUPPORTS_TIMESTAMP_DATA_TYPE', 'Y');
INSERT INTO `r_database_attribute` VALUES (127, 3, 'IS_CLUSTERED', 'N');
INSERT INTO `r_database_attribute` VALUES (128, 3, 'SUPPORTS_BOOLEAN_DATA_TYPE', 'Y');
INSERT INTO `r_database_attribute` VALUES (129, 3, 'STREAM_RESULTS', 'Y');
INSERT INTO `r_database_attribute` VALUES (130, 3, 'PORT_NUMBER', '3360');
INSERT INTO `r_database_attribute` VALUES (131, 3, 'FORCE_IDENTIFIERS_TO_UPPERCASE', 'N');
INSERT INTO `r_database_attribute` VALUES (132, 3, 'FORCE_IDENTIFIERS_TO_LOWERCASE', 'N');
INSERT INTO `r_database_attribute` VALUES (133, 3, 'QUOTE_ALL_FIELDS', 'N');
INSERT INTO `r_database_attribute` VALUES (158, 4, 'USE_POOLING', 'N');
INSERT INTO `r_database_attribute` VALUES (159, 4, 'PRESERVE_RESERVED_WORD_CASE', 'Y');
INSERT INTO `r_database_attribute` VALUES (160, 4, 'IS_CLUSTERED', 'N');
INSERT INTO `r_database_attribute` VALUES (161, 4, 'SUPPORTS_TIMESTAMP_DATA_TYPE', 'Y');
INSERT INTO `r_database_attribute` VALUES (162, 4, 'SUPPORTS_BOOLEAN_DATA_TYPE', 'Y');
INSERT INTO `r_database_attribute` VALUES (163, 4, 'STREAM_RESULTS', 'Y');
INSERT INTO `r_database_attribute` VALUES (164, 4, 'PORT_NUMBER', '3306');
INSERT INTO `r_database_attribute` VALUES (165, 4, 'FORCE_IDENTIFIERS_TO_UPPERCASE', 'N');
INSERT INTO `r_database_attribute` VALUES (166, 4, 'PREFERRED_SCHEMA_NAME', NULL);
INSERT INTO `r_database_attribute` VALUES (167, 4, 'FORCE_IDENTIFIERS_TO_LOWERCASE', 'N');
INSERT INTO `r_database_attribute` VALUES (168, 4, 'SQL_CONNECT', NULL);
INSERT INTO `r_database_attribute` VALUES (169, 4, 'QUOTE_ALL_FIELDS', 'N');
INSERT INTO `r_database_attribute` VALUES (170, 5, 'USE_POOLING', 'N');
INSERT INTO `r_database_attribute` VALUES (171, 5, 'PRESERVE_RESERVED_WORD_CASE', 'Y');
INSERT INTO `r_database_attribute` VALUES (172, 5, 'IS_CLUSTERED', 'N');
INSERT INTO `r_database_attribute` VALUES (173, 5, 'SUPPORTS_TIMESTAMP_DATA_TYPE', 'Y');
INSERT INTO `r_database_attribute` VALUES (174, 5, 'SUPPORTS_BOOLEAN_DATA_TYPE', 'Y');
INSERT INTO `r_database_attribute` VALUES (175, 5, 'STREAM_RESULTS', 'Y');
INSERT INTO `r_database_attribute` VALUES (176, 5, 'PORT_NUMBER', '3306');
INSERT INTO `r_database_attribute` VALUES (177, 5, 'FORCE_IDENTIFIERS_TO_UPPERCASE', 'N');
INSERT INTO `r_database_attribute` VALUES (178, 5, 'PREFERRED_SCHEMA_NAME', NULL);
INSERT INTO `r_database_attribute` VALUES (179, 5, 'FORCE_IDENTIFIERS_TO_LOWERCASE', 'N');
INSERT INTO `r_database_attribute` VALUES (180, 5, 'SQL_CONNECT', NULL);
INSERT INTO `r_database_attribute` VALUES (181, 5, 'QUOTE_ALL_FIELDS', 'N');
INSERT INTO `r_database_attribute` VALUES (182, 6, 'USE_POOLING', 'N');
INSERT INTO `r_database_attribute` VALUES (183, 6, 'PRESERVE_RESERVED_WORD_CASE', 'Y');
INSERT INTO `r_database_attribute` VALUES (184, 6, 'IS_CLUSTERED', 'N');
INSERT INTO `r_database_attribute` VALUES (185, 6, 'SUPPORTS_TIMESTAMP_DATA_TYPE', 'Y');
INSERT INTO `r_database_attribute` VALUES (186, 6, 'SUPPORTS_BOOLEAN_DATA_TYPE', 'Y');
INSERT INTO `r_database_attribute` VALUES (187, 6, 'STREAM_RESULTS', 'Y');
INSERT INTO `r_database_attribute` VALUES (188, 6, 'PORT_NUMBER', '3360');
INSERT INTO `r_database_attribute` VALUES (189, 6, 'FORCE_IDENTIFIERS_TO_UPPERCASE', 'N');
INSERT INTO `r_database_attribute` VALUES (190, 6, 'PREFERRED_SCHEMA_NAME', NULL);
INSERT INTO `r_database_attribute` VALUES (191, 6, 'FORCE_IDENTIFIERS_TO_LOWERCASE', 'N');
INSERT INTO `r_database_attribute` VALUES (192, 6, 'SQL_CONNECT', NULL);
INSERT INTO `r_database_attribute` VALUES (193, 6, 'QUOTE_ALL_FIELDS', 'N');

-- ----------------------------
-- Table structure for r_database_contype
-- ----------------------------
DROP TABLE IF EXISTS `r_database_contype`;
CREATE TABLE `r_database_contype`  (
  `ID_DATABASE_CONTYPE` bigint(20) NOT NULL,
  `CODE` varchar(255) CHARACTER SET utf8 COLLATE utf8_general_ci NULL DEFAULT NULL,
  `DESCRIPTION` varchar(255) CHARACTER SET utf8 COLLATE utf8_general_ci NULL DEFAULT NULL,
  PRIMARY KEY (`ID_DATABASE_CONTYPE`) USING BTREE
) ENGINE = InnoDB CHARACTER SET = utf8 COLLATE = utf8_general_ci ROW_FORMAT = Dynamic;

-- ----------------------------
-- Records of r_database_contype
-- ----------------------------
INSERT INTO `r_database_contype` VALUES (1, 'Native', 'Native (JDBC)');
INSERT INTO `r_database_contype` VALUES (2, 'ODBC', 'ODBC');
INSERT INTO `r_database_contype` VALUES (3, 'OCI', 'OCI');
INSERT INTO `r_database_contype` VALUES (4, 'Plugin', 'Plugin specific access method');
INSERT INTO `r_database_contype` VALUES (5, 'JNDI', 'JNDI');
INSERT INTO `r_database_contype` VALUES (6, ',', 'Custom');

-- ----------------------------
-- Table structure for r_database_type
-- ----------------------------
DROP TABLE IF EXISTS `r_database_type`;
CREATE TABLE `r_database_type`  (
  `ID_DATABASE_TYPE` bigint(20) NOT NULL,
  `CODE` varchar(255) CHARACTER SET utf8 COLLATE utf8_general_ci NULL DEFAULT NULL,
  `DESCRIPTION` varchar(255) CHARACTER SET utf8 COLLATE utf8_general_ci NULL DEFAULT NULL,
  PRIMARY KEY (`ID_DATABASE_TYPE`) USING BTREE
) ENGINE = InnoDB CHARACTER SET = utf8 COLLATE = utf8_general_ci ROW_FORMAT = Dynamic;

-- ----------------------------
-- Records of r_database_type
-- ----------------------------
INSERT INTO `r_database_type` VALUES (2, 'AS/400', 'AS/400');
INSERT INTO `r_database_type` VALUES (3, 'INTERBASE', 'Borland Interbase');
INSERT INTO `r_database_type` VALUES (4, 'INFINIDB', 'Calpont InfiniDB');
INSERT INTO `r_database_type` VALUES (5, 'IMPALASIMBA', 'Cloudera Impala');
INSERT INTO `r_database_type` VALUES (6, 'DBASE', 'dBase III, IV or 5');
INSERT INTO `r_database_type` VALUES (7, 'EXASOL4', 'Exasol 4');
INSERT INTO `r_database_type` VALUES (8, 'EXTENDB', 'ExtenDB');
INSERT INTO `r_database_type` VALUES (9, 'FIREBIRD', 'Firebird SQL');
INSERT INTO `r_database_type` VALUES (10, 'GENERIC', 'Generic database');
INSERT INTO `r_database_type` VALUES (11, 'GOOGLEBIGQUERY', 'Google BigQuery');
INSERT INTO `r_database_type` VALUES (12, 'GREENPLUM', 'Greenplum');
INSERT INTO `r_database_type` VALUES (13, 'SQLBASE', 'Gupta SQL Base');
INSERT INTO `r_database_type` VALUES (14, 'H2', 'H2');
INSERT INTO `r_database_type` VALUES (15, 'HIVE', 'Hadoop Hive');
INSERT INTO `r_database_type` VALUES (16, 'HIVE2', 'Hadoop Hive 2');
INSERT INTO `r_database_type` VALUES (17, 'HYPERSONIC', 'Hypersonic');
INSERT INTO `r_database_type` VALUES (18, 'DB2', 'IBM DB2');
INSERT INTO `r_database_type` VALUES (19, 'IMPALA', 'Impala');
INSERT INTO `r_database_type` VALUES (20, 'INFOBRIGHT', 'Infobright');
INSERT INTO `r_database_type` VALUES (21, 'INFORMIX', 'Informix');
INSERT INTO `r_database_type` VALUES (22, 'INGRES', 'Ingres');
INSERT INTO `r_database_type` VALUES (23, 'VECTORWISE', 'Ingres VectorWise');
INSERT INTO `r_database_type` VALUES (24, 'CACHE', 'Intersystems Cache');
INSERT INTO `r_database_type` VALUES (25, 'KINGBASEES', 'KingbaseES');
INSERT INTO `r_database_type` VALUES (26, 'LucidDB', 'LucidDB');
INSERT INTO `r_database_type` VALUES (27, 'MARIADB', 'MariaDB');
INSERT INTO `r_database_type` VALUES (28, 'SAPDB', 'MaxDB (SAP DB)');
INSERT INTO `r_database_type` VALUES (29, 'MONETDB', 'MonetDB');
INSERT INTO `r_database_type` VALUES (30, 'MSACCESS', 'MS Access');
INSERT INTO `r_database_type` VALUES (31, 'MSSQL', 'MS SQL Server');
INSERT INTO `r_database_type` VALUES (32, 'MSSQLNATIVE', 'MS SQL Server (Native)');
INSERT INTO `r_database_type` VALUES (33, 'MYSQL', 'MySQL');
INSERT INTO `r_database_type` VALUES (34, 'MONDRIAN', 'Native Mondrian');
INSERT INTO `r_database_type` VALUES (35, 'NEOVIEW', 'Neoview');
INSERT INTO `r_database_type` VALUES (36, 'NETEZZA', 'Netezza');
INSERT INTO `r_database_type` VALUES (37, 'OpenERPDatabaseMeta', 'OpenERP Server');
INSERT INTO `r_database_type` VALUES (38, 'ORACLE', 'Oracle');
INSERT INTO `r_database_type` VALUES (39, 'ORACLERDB', 'Oracle RDB');
INSERT INTO `r_database_type` VALUES (40, 'PALO', 'Palo MOLAP Server');
INSERT INTO `r_database_type` VALUES (41, 'KettleThin', 'Pentaho Data Services');
INSERT INTO `r_database_type` VALUES (42, 'POSTGRESQL', 'PostgreSQL');
INSERT INTO `r_database_type` VALUES (43, 'REDSHIFT', 'Redshift');
INSERT INTO `r_database_type` VALUES (44, 'REMEDY-AR-SYSTEM', 'Remedy Action Request System');
INSERT INTO `r_database_type` VALUES (45, 'SAPR3', 'SAP ERP System');
INSERT INTO `r_database_type` VALUES (46, 'SPARKSIMBA', 'SparkSQL');
INSERT INTO `r_database_type` VALUES (47, 'SQLITE', 'SQLite');
INSERT INTO `r_database_type` VALUES (48, 'SYBASE', 'Sybase');
INSERT INTO `r_database_type` VALUES (49, 'SYBASEIQ', 'SybaseIQ');
INSERT INTO `r_database_type` VALUES (50, 'TERADATA', 'Teradata');
INSERT INTO `r_database_type` VALUES (51, 'UNIVERSE', 'UniVerse database');
INSERT INTO `r_database_type` VALUES (52, 'VERTICA', 'Vertica');
INSERT INTO `r_database_type` VALUES (53, 'VERTICA5', 'Vertica 5+');
INSERT INTO `r_database_type` VALUES (54, 'XG', 'Xu Gu');
INSERT INTO `r_database_type` VALUES (55, 'DERBY', 'Apache Derby');
INSERT INTO `r_database_type` VALUES (56, 'xugu', 'xugu');

-- ----------------------------
-- Table structure for r_dependency
-- ----------------------------
DROP TABLE IF EXISTS `r_dependency`;
CREATE TABLE `r_dependency`  (
  `ID_DEPENDENCY` bigint(20) NOT NULL,
  `ID_TRANSFORMATION` int(11) NULL DEFAULT NULL,
  `ID_DATABASE` int(11) NULL DEFAULT NULL,
  `TABLE_NAME` varchar(255) CHARACTER SET utf8 COLLATE utf8_general_ci NULL DEFAULT NULL,
  `FIELD_NAME` varchar(255) CHARACTER SET utf8 COLLATE utf8_general_ci NULL DEFAULT NULL,
  PRIMARY KEY (`ID_DEPENDENCY`) USING BTREE
) ENGINE = InnoDB CHARACTER SET = utf8 COLLATE = utf8_general_ci ROW_FORMAT = Dynamic;

-- ----------------------------
-- Table structure for r_directory
-- ----------------------------
DROP TABLE IF EXISTS `r_directory`;
CREATE TABLE `r_directory`  (
  `ID_DIRECTORY` bigint(20) NOT NULL,
  `ID_DIRECTORY_PARENT` int(11) NULL DEFAULT NULL,
  `DIRECTORY_NAME` varchar(255) CHARACTER SET utf8 COLLATE utf8_general_ci NULL DEFAULT NULL,
  PRIMARY KEY (`ID_DIRECTORY`) USING BTREE,
  UNIQUE INDEX `IDX_RDIR`(`ID_DIRECTORY_PARENT`, `DIRECTORY_NAME`) USING BTREE
) ENGINE = InnoDB CHARACTER SET = utf8 COLLATE = utf8_general_ci ROW_FORMAT = Dynamic;

-- ----------------------------
-- Table structure for r_element
-- ----------------------------
DROP TABLE IF EXISTS `r_element`;
CREATE TABLE `r_element`  (
  `ID_ELEMENT` bigint(20) NOT NULL,
  `ID_ELEMENT_TYPE` int(11) NULL DEFAULT NULL,
  `NAME` text CHARACTER SET utf8 COLLATE utf8_general_ci NULL,
  PRIMARY KEY (`ID_ELEMENT`) USING BTREE
) ENGINE = InnoDB CHARACTER SET = utf8 COLLATE = utf8_general_ci ROW_FORMAT = Dynamic;

-- ----------------------------
-- Table structure for r_element_attribute
-- ----------------------------
DROP TABLE IF EXISTS `r_element_attribute`;
CREATE TABLE `r_element_attribute`  (
  `ID_ELEMENT_ATTRIBUTE` bigint(20) NOT NULL,
  `ID_ELEMENT` int(11) NULL DEFAULT NULL,
  `ID_ELEMENT_ATTRIBUTE_PARENT` int(11) NULL DEFAULT NULL,
  `ATTR_KEY` varchar(255) CHARACTER SET utf8 COLLATE utf8_general_ci NULL DEFAULT NULL,
  `ATTR_VALUE` mediumtext CHARACTER SET utf8 COLLATE utf8_general_ci NULL,
  PRIMARY KEY (`ID_ELEMENT_ATTRIBUTE`) USING BTREE
) ENGINE = InnoDB CHARACTER SET = utf8 COLLATE = utf8_general_ci ROW_FORMAT = Dynamic;

-- ----------------------------
-- Table structure for r_element_type
-- ----------------------------
DROP TABLE IF EXISTS `r_element_type`;
CREATE TABLE `r_element_type`  (
  `ID_ELEMENT_TYPE` bigint(20) NOT NULL,
  `ID_NAMESPACE` int(11) NULL DEFAULT NULL,
  `NAME` text CHARACTER SET utf8 COLLATE utf8_general_ci NULL,
  `DESCRIPTION` mediumtext CHARACTER SET utf8 COLLATE utf8_general_ci NULL,
  PRIMARY KEY (`ID_ELEMENT_TYPE`) USING BTREE
) ENGINE = InnoDB CHARACTER SET = utf8 COLLATE = utf8_general_ci ROW_FORMAT = Dynamic;

-- ----------------------------
-- Table structure for r_job
-- ----------------------------
DROP TABLE IF EXISTS `r_job`;
CREATE TABLE `r_job`  (
  `ID_JOB` bigint(20) NOT NULL,
  `ID_DIRECTORY` int(11) NULL DEFAULT NULL,
  `NAME` varchar(255) CHARACTER SET utf8 COLLATE utf8_general_ci NULL DEFAULT NULL,
  `DESCRIPTION` mediumtext CHARACTER SET utf8 COLLATE utf8_general_ci NULL,
  `EXTENDED_DESCRIPTION` mediumtext CHARACTER SET utf8 COLLATE utf8_general_ci NULL,
  `JOB_VERSION` varchar(255) CHARACTER SET utf8 COLLATE utf8_general_ci NULL DEFAULT NULL,
  `JOB_STATUS` int(11) NULL DEFAULT NULL,
  `ID_DATABASE_LOG` int(11) NULL DEFAULT NULL,
  `TABLE_NAME_LOG` varchar(255) CHARACTER SET utf8 COLLATE utf8_general_ci NULL DEFAULT NULL,
  `CREATED_USER` varchar(255) CHARACTER SET utf8 COLLATE utf8_general_ci NULL DEFAULT NULL,
  `CREATED_DATE` datetime(0) NULL DEFAULT NULL,
  `MODIFIED_USER` varchar(255) CHARACTER SET utf8 COLLATE utf8_general_ci NULL DEFAULT NULL,
  `MODIFIED_DATE` datetime(0) NULL DEFAULT NULL,
  `USE_BATCH_ID` tinyint(1) NULL DEFAULT NULL,
  `PASS_BATCH_ID` tinyint(1) NULL DEFAULT NULL,
  `USE_LOGFIELD` tinyint(1) NULL DEFAULT NULL,
  `SHARED_FILE` varchar(255) CHARACTER SET utf8 COLLATE utf8_general_ci NULL DEFAULT NULL,
  PRIMARY KEY (`ID_JOB`) USING BTREE
) ENGINE = InnoDB CHARACTER SET = utf8 COLLATE = utf8_general_ci ROW_FORMAT = Dynamic;

-- ----------------------------
-- Records of r_job
-- ----------------------------
INSERT INTO `r_job` VALUES (1, 0, '批量同步', NULL, NULL, NULL, -1, -1, NULL, '-', '2020-03-06 17:30:16', 'admin', '2020-03-17 15:40:35', 1, 0, 1, NULL);
INSERT INTO `r_job` VALUES (2, 0, '库表获取ftp信息下载文件作业', NULL, NULL, NULL, 0, -1, NULL, '-', '2020-03-10 14:03:51', 'admin', '2020-03-17 11:00:27', 1, 0, 1, NULL);
INSERT INTO `r_job` VALUES (3, 0, '库表获取ftp信息推送文件至远程作业', NULL, NULL, NULL, 0, -1, NULL, '-', '2020-03-09 16:21:35', 'admin', '2020-03-17 11:17:01', 1, 0, 1, NULL);
INSERT INTO `r_job` VALUES (4, 0, '测试批量数据同步', NULL, NULL, NULL, -1, -1, NULL, '-', '2020-03-17 17:26:36', 'admin', '2020-03-17 18:03:54', 1, 0, 1, NULL);

-- ----------------------------
-- Table structure for r_job_attribute
-- ----------------------------
DROP TABLE IF EXISTS `r_job_attribute`;
CREATE TABLE `r_job_attribute`  (
  `ID_JOB_ATTRIBUTE` bigint(20) NOT NULL,
  `ID_JOB` int(11) NULL DEFAULT NULL,
  `NR` int(11) NULL DEFAULT NULL,
  `CODE` varchar(255) CHARACTER SET utf8 COLLATE utf8_general_ci NULL DEFAULT NULL,
  `VALUE_NUM` bigint(20) NULL DEFAULT NULL,
  `VALUE_STR` mediumtext CHARACTER SET utf8 COLLATE utf8_general_ci NULL,
  PRIMARY KEY (`ID_JOB_ATTRIBUTE`) USING BTREE,
  UNIQUE INDEX `IDX_JATT`(`ID_JOB`, `CODE`, `NR`) USING BTREE
) ENGINE = InnoDB CHARACTER SET = utf8 COLLATE = utf8_general_ci ROW_FORMAT = Dynamic;

-- ----------------------------
-- Records of r_job_attribute
-- ----------------------------
INSERT INTO `r_job_attribute` VALUES (502, 2, 0, 'LOG_SIZE_LIMIT', 0, NULL);
INSERT INTO `r_job_attribute` VALUES (503, 2, 0, 'JOB_LOG_TABLE_CONNECTION_NAME', 0, NULL);
INSERT INTO `r_job_attribute` VALUES (504, 2, 0, 'JOB_LOG_TABLE_SCHEMA_NAME', 0, NULL);
INSERT INTO `r_job_attribute` VALUES (505, 2, 0, 'JOB_LOG_TABLE_TABLE_NAME', 0, NULL);
INSERT INTO `r_job_attribute` VALUES (506, 2, 0, 'JOB_LOG_TABLE_TIMEOUT_IN_DAYS', 0, NULL);
INSERT INTO `r_job_attribute` VALUES (507, 2, 0, 'JOB_LOG_TABLE_FIELD_ID0', 0, 'ID_JOB');
INSERT INTO `r_job_attribute` VALUES (508, 2, 0, 'JOB_LOG_TABLE_FIELD_NAME0', 0, 'ID_JOB');
INSERT INTO `r_job_attribute` VALUES (509, 2, 0, 'JOB_LOG_TABLE_FIELD_ENABLED0', 0, 'Y');
INSERT INTO `r_job_attribute` VALUES (510, 2, 0, 'JOB_LOG_TABLE_FIELD_ID1', 0, 'CHANNEL_ID');
INSERT INTO `r_job_attribute` VALUES (511, 2, 0, 'JOB_LOG_TABLE_FIELD_NAME1', 0, 'CHANNEL_ID');
INSERT INTO `r_job_attribute` VALUES (512, 2, 0, 'JOB_LOG_TABLE_FIELD_ENABLED1', 0, 'Y');
INSERT INTO `r_job_attribute` VALUES (513, 2, 0, 'JOB_LOG_TABLE_FIELD_ID2', 0, 'JOBNAME');
INSERT INTO `r_job_attribute` VALUES (514, 2, 0, 'JOB_LOG_TABLE_FIELD_NAME2', 0, 'JOBNAME');
INSERT INTO `r_job_attribute` VALUES (515, 2, 0, 'JOB_LOG_TABLE_FIELD_ENABLED2', 0, 'Y');
INSERT INTO `r_job_attribute` VALUES (516, 2, 0, 'JOB_LOG_TABLE_FIELD_ID3', 0, 'STATUS');
INSERT INTO `r_job_attribute` VALUES (517, 2, 0, 'JOB_LOG_TABLE_FIELD_NAME3', 0, 'STATUS');
INSERT INTO `r_job_attribute` VALUES (518, 2, 0, 'JOB_LOG_TABLE_FIELD_ENABLED3', 0, 'Y');
INSERT INTO `r_job_attribute` VALUES (519, 2, 0, 'JOB_LOG_TABLE_FIELD_ID4', 0, 'LINES_READ');
INSERT INTO `r_job_attribute` VALUES (520, 2, 0, 'JOB_LOG_TABLE_FIELD_NAME4', 0, 'LINES_READ');
INSERT INTO `r_job_attribute` VALUES (521, 2, 0, 'JOB_LOG_TABLE_FIELD_ENABLED4', 0, 'Y');
INSERT INTO `r_job_attribute` VALUES (522, 2, 0, 'JOB_LOG_TABLE_FIELD_ID5', 0, 'LINES_WRITTEN');
INSERT INTO `r_job_attribute` VALUES (523, 2, 0, 'JOB_LOG_TABLE_FIELD_NAME5', 0, 'LINES_WRITTEN');
INSERT INTO `r_job_attribute` VALUES (524, 2, 0, 'JOB_LOG_TABLE_FIELD_ENABLED5', 0, 'Y');
INSERT INTO `r_job_attribute` VALUES (525, 2, 0, 'JOB_LOG_TABLE_FIELD_ID6', 0, 'LINES_UPDATED');
INSERT INTO `r_job_attribute` VALUES (526, 2, 0, 'JOB_LOG_TABLE_FIELD_NAME6', 0, 'LINES_UPDATED');
INSERT INTO `r_job_attribute` VALUES (527, 2, 0, 'JOB_LOG_TABLE_FIELD_ENABLED6', 0, 'Y');
INSERT INTO `r_job_attribute` VALUES (528, 2, 0, 'JOB_LOG_TABLE_FIELD_ID7', 0, 'LINES_INPUT');
INSERT INTO `r_job_attribute` VALUES (529, 2, 0, 'JOB_LOG_TABLE_FIELD_NAME7', 0, 'LINES_INPUT');
INSERT INTO `r_job_attribute` VALUES (530, 2, 0, 'JOB_LOG_TABLE_FIELD_ENABLED7', 0, 'Y');
INSERT INTO `r_job_attribute` VALUES (531, 2, 0, 'JOB_LOG_TABLE_FIELD_ID8', 0, 'LINES_OUTPUT');
INSERT INTO `r_job_attribute` VALUES (532, 2, 0, 'JOB_LOG_TABLE_FIELD_NAME8', 0, 'LINES_OUTPUT');
INSERT INTO `r_job_attribute` VALUES (533, 2, 0, 'JOB_LOG_TABLE_FIELD_ENABLED8', 0, 'Y');
INSERT INTO `r_job_attribute` VALUES (534, 2, 0, 'JOB_LOG_TABLE_FIELD_ID9', 0, 'LINES_REJECTED');
INSERT INTO `r_job_attribute` VALUES (535, 2, 0, 'JOB_LOG_TABLE_FIELD_NAME9', 0, 'LINES_REJECTED');
INSERT INTO `r_job_attribute` VALUES (536, 2, 0, 'JOB_LOG_TABLE_FIELD_ENABLED9', 0, 'Y');
INSERT INTO `r_job_attribute` VALUES (537, 2, 0, 'JOB_LOG_TABLE_FIELD_ID10', 0, 'ERRORS');
INSERT INTO `r_job_attribute` VALUES (538, 2, 0, 'JOB_LOG_TABLE_FIELD_NAME10', 0, 'ERRORS');
INSERT INTO `r_job_attribute` VALUES (539, 2, 0, 'JOB_LOG_TABLE_FIELD_ENABLED10', 0, 'Y');
INSERT INTO `r_job_attribute` VALUES (540, 2, 0, 'JOB_LOG_TABLE_FIELD_ID11', 0, 'STARTDATE');
INSERT INTO `r_job_attribute` VALUES (541, 2, 0, 'JOB_LOG_TABLE_FIELD_NAME11', 0, 'STARTDATE');
INSERT INTO `r_job_attribute` VALUES (542, 2, 0, 'JOB_LOG_TABLE_FIELD_ENABLED11', 0, 'Y');
INSERT INTO `r_job_attribute` VALUES (543, 2, 0, 'JOB_LOG_TABLE_FIELD_ID12', 0, 'ENDDATE');
INSERT INTO `r_job_attribute` VALUES (544, 2, 0, 'JOB_LOG_TABLE_FIELD_NAME12', 0, 'ENDDATE');
INSERT INTO `r_job_attribute` VALUES (545, 2, 0, 'JOB_LOG_TABLE_FIELD_ENABLED12', 0, 'Y');
INSERT INTO `r_job_attribute` VALUES (546, 2, 0, 'JOB_LOG_TABLE_FIELD_ID13', 0, 'LOGDATE');
INSERT INTO `r_job_attribute` VALUES (547, 2, 0, 'JOB_LOG_TABLE_FIELD_NAME13', 0, 'LOGDATE');
INSERT INTO `r_job_attribute` VALUES (548, 2, 0, 'JOB_LOG_TABLE_FIELD_ENABLED13', 0, 'Y');
INSERT INTO `r_job_attribute` VALUES (549, 2, 0, 'JOB_LOG_TABLE_FIELD_ID14', 0, 'DEPDATE');
INSERT INTO `r_job_attribute` VALUES (550, 2, 0, 'JOB_LOG_TABLE_FIELD_NAME14', 0, 'DEPDATE');
INSERT INTO `r_job_attribute` VALUES (551, 2, 0, 'JOB_LOG_TABLE_FIELD_ENABLED14', 0, 'Y');
INSERT INTO `r_job_attribute` VALUES (552, 2, 0, 'JOB_LOG_TABLE_FIELD_ID15', 0, 'REPLAYDATE');
INSERT INTO `r_job_attribute` VALUES (553, 2, 0, 'JOB_LOG_TABLE_FIELD_NAME15', 0, 'REPLAYDATE');
INSERT INTO `r_job_attribute` VALUES (554, 2, 0, 'JOB_LOG_TABLE_FIELD_ENABLED15', 0, 'Y');
INSERT INTO `r_job_attribute` VALUES (555, 2, 0, 'JOB_LOG_TABLE_FIELD_ID16', 0, 'LOG_FIELD');
INSERT INTO `r_job_attribute` VALUES (556, 2, 0, 'JOB_LOG_TABLE_FIELD_NAME16', 0, 'LOG_FIELD');
INSERT INTO `r_job_attribute` VALUES (557, 2, 0, 'JOB_LOG_TABLE_FIELD_ENABLED16', 0, 'Y');
INSERT INTO `r_job_attribute` VALUES (558, 2, 0, 'JOB_LOG_TABLE_FIELD_ID17', 0, 'EXECUTING_SERVER');
INSERT INTO `r_job_attribute` VALUES (559, 2, 0, 'JOB_LOG_TABLE_FIELD_NAME17', 0, 'EXECUTING_SERVER');
INSERT INTO `r_job_attribute` VALUES (560, 2, 0, 'JOB_LOG_TABLE_FIELD_ENABLED17', 0, 'N');
INSERT INTO `r_job_attribute` VALUES (561, 2, 0, 'JOB_LOG_TABLE_FIELD_ID18', 0, 'EXECUTING_USER');
INSERT INTO `r_job_attribute` VALUES (562, 2, 0, 'JOB_LOG_TABLE_FIELD_NAME18', 0, 'EXECUTING_USER');
INSERT INTO `r_job_attribute` VALUES (563, 2, 0, 'JOB_LOG_TABLE_FIELD_ENABLED18', 0, 'N');
INSERT INTO `r_job_attribute` VALUES (564, 2, 0, 'JOB_LOG_TABLE_FIELD_ID19', 0, 'START_JOB_ENTRY');
INSERT INTO `r_job_attribute` VALUES (565, 2, 0, 'JOB_LOG_TABLE_FIELD_NAME19', 0, 'START_JOB_ENTRY');
INSERT INTO `r_job_attribute` VALUES (566, 2, 0, 'JOB_LOG_TABLE_FIELD_ENABLED19', 0, 'N');
INSERT INTO `r_job_attribute` VALUES (567, 2, 0, 'JOB_LOG_TABLE_FIELD_ID20', 0, 'CLIENT');
INSERT INTO `r_job_attribute` VALUES (568, 2, 0, 'JOB_LOG_TABLE_FIELD_NAME20', 0, 'CLIENT');
INSERT INTO `r_job_attribute` VALUES (569, 2, 0, 'JOB_LOG_TABLE_FIELD_ENABLED20', 0, 'N');
INSERT INTO `r_job_attribute` VALUES (570, 2, 0, 'JOBLOG_TABLE_INTERVAL', 0, NULL);
INSERT INTO `r_job_attribute` VALUES (571, 2, 0, 'JOBLOG_TABLE_SIZE_LIMIT', 0, NULL);
INSERT INTO `r_job_attribute` VALUES (572, 2, 0, 'JOB_ENTRY_LOG_TABLE_CONNECTION_NAME', 0, NULL);
INSERT INTO `r_job_attribute` VALUES (573, 2, 0, 'JOB_ENTRY_LOG_TABLE_SCHEMA_NAME', 0, NULL);
INSERT INTO `r_job_attribute` VALUES (574, 2, 0, 'JOB_ENTRY_LOG_TABLE_TABLE_NAME', 0, NULL);
INSERT INTO `r_job_attribute` VALUES (575, 2, 0, 'JOB_ENTRY_LOG_TABLE_TIMEOUT_IN_DAYS', 0, NULL);
INSERT INTO `r_job_attribute` VALUES (576, 2, 0, 'JOB_ENTRY_LOG_TABLE_FIELD_ID0', 0, 'ID_BATCH');
INSERT INTO `r_job_attribute` VALUES (577, 2, 0, 'JOB_ENTRY_LOG_TABLE_FIELD_NAME0', 0, 'ID_BATCH');
INSERT INTO `r_job_attribute` VALUES (578, 2, 0, 'JOB_ENTRY_LOG_TABLE_FIELD_ENABLED0', 0, 'Y');
INSERT INTO `r_job_attribute` VALUES (579, 2, 0, 'JOB_ENTRY_LOG_TABLE_FIELD_ID1', 0, 'CHANNEL_ID');
INSERT INTO `r_job_attribute` VALUES (580, 2, 0, 'JOB_ENTRY_LOG_TABLE_FIELD_NAME1', 0, 'CHANNEL_ID');
INSERT INTO `r_job_attribute` VALUES (581, 2, 0, 'JOB_ENTRY_LOG_TABLE_FIELD_ENABLED1', 0, 'Y');
INSERT INTO `r_job_attribute` VALUES (582, 2, 0, 'JOB_ENTRY_LOG_TABLE_FIELD_ID2', 0, 'LOG_DATE');
INSERT INTO `r_job_attribute` VALUES (583, 2, 0, 'JOB_ENTRY_LOG_TABLE_FIELD_NAME2', 0, 'LOG_DATE');
INSERT INTO `r_job_attribute` VALUES (584, 2, 0, 'JOB_ENTRY_LOG_TABLE_FIELD_ENABLED2', 0, 'Y');
INSERT INTO `r_job_attribute` VALUES (585, 2, 0, 'JOB_ENTRY_LOG_TABLE_FIELD_ID3', 0, 'JOBNAME');
INSERT INTO `r_job_attribute` VALUES (586, 2, 0, 'JOB_ENTRY_LOG_TABLE_FIELD_NAME3', 0, 'TRANSNAME');
INSERT INTO `r_job_attribute` VALUES (587, 2, 0, 'JOB_ENTRY_LOG_TABLE_FIELD_ENABLED3', 0, 'Y');
INSERT INTO `r_job_attribute` VALUES (588, 2, 0, 'JOB_ENTRY_LOG_TABLE_FIELD_ID4', 0, 'JOBENTRYNAME');
INSERT INTO `r_job_attribute` VALUES (589, 2, 0, 'JOB_ENTRY_LOG_TABLE_FIELD_NAME4', 0, 'STEPNAME');
INSERT INTO `r_job_attribute` VALUES (590, 2, 0, 'JOB_ENTRY_LOG_TABLE_FIELD_ENABLED4', 0, 'Y');
INSERT INTO `r_job_attribute` VALUES (591, 2, 0, 'JOB_ENTRY_LOG_TABLE_FIELD_ID5', 0, 'LINES_READ');
INSERT INTO `r_job_attribute` VALUES (592, 2, 0, 'JOB_ENTRY_LOG_TABLE_FIELD_NAME5', 0, 'LINES_READ');
INSERT INTO `r_job_attribute` VALUES (593, 2, 0, 'JOB_ENTRY_LOG_TABLE_FIELD_ENABLED5', 0, 'Y');
INSERT INTO `r_job_attribute` VALUES (594, 2, 0, 'JOB_ENTRY_LOG_TABLE_FIELD_ID6', 0, 'LINES_WRITTEN');
INSERT INTO `r_job_attribute` VALUES (595, 2, 0, 'JOB_ENTRY_LOG_TABLE_FIELD_NAME6', 0, 'LINES_WRITTEN');
INSERT INTO `r_job_attribute` VALUES (596, 2, 0, 'JOB_ENTRY_LOG_TABLE_FIELD_ENABLED6', 0, 'Y');
INSERT INTO `r_job_attribute` VALUES (597, 2, 0, 'JOB_ENTRY_LOG_TABLE_FIELD_ID7', 0, 'LINES_UPDATED');
INSERT INTO `r_job_attribute` VALUES (598, 2, 0, 'JOB_ENTRY_LOG_TABLE_FIELD_NAME7', 0, 'LINES_UPDATED');
INSERT INTO `r_job_attribute` VALUES (599, 2, 0, 'JOB_ENTRY_LOG_TABLE_FIELD_ENABLED7', 0, 'Y');
INSERT INTO `r_job_attribute` VALUES (600, 2, 0, 'JOB_ENTRY_LOG_TABLE_FIELD_ID8', 0, 'LINES_INPUT');
INSERT INTO `r_job_attribute` VALUES (601, 2, 0, 'JOB_ENTRY_LOG_TABLE_FIELD_NAME8', 0, 'LINES_INPUT');
INSERT INTO `r_job_attribute` VALUES (602, 2, 0, 'JOB_ENTRY_LOG_TABLE_FIELD_ENABLED8', 0, 'Y');
INSERT INTO `r_job_attribute` VALUES (603, 2, 0, 'JOB_ENTRY_LOG_TABLE_FIELD_ID9', 0, 'LINES_OUTPUT');
INSERT INTO `r_job_attribute` VALUES (604, 2, 0, 'JOB_ENTRY_LOG_TABLE_FIELD_NAME9', 0, 'LINES_OUTPUT');
INSERT INTO `r_job_attribute` VALUES (605, 2, 0, 'JOB_ENTRY_LOG_TABLE_FIELD_ENABLED9', 0, 'Y');
INSERT INTO `r_job_attribute` VALUES (606, 2, 0, 'JOB_ENTRY_LOG_TABLE_FIELD_ID10', 0, 'LINES_REJECTED');
INSERT INTO `r_job_attribute` VALUES (607, 2, 0, 'JOB_ENTRY_LOG_TABLE_FIELD_NAME10', 0, 'LINES_REJECTED');
INSERT INTO `r_job_attribute` VALUES (608, 2, 0, 'JOB_ENTRY_LOG_TABLE_FIELD_ENABLED10', 0, 'Y');
INSERT INTO `r_job_attribute` VALUES (609, 2, 0, 'JOB_ENTRY_LOG_TABLE_FIELD_ID11', 0, 'ERRORS');
INSERT INTO `r_job_attribute` VALUES (610, 2, 0, 'JOB_ENTRY_LOG_TABLE_FIELD_NAME11', 0, 'ERRORS');
INSERT INTO `r_job_attribute` VALUES (611, 2, 0, 'JOB_ENTRY_LOG_TABLE_FIELD_ENABLED11', 0, 'Y');
INSERT INTO `r_job_attribute` VALUES (612, 2, 0, 'JOB_ENTRY_LOG_TABLE_FIELD_ID12', 0, 'RESULT');
INSERT INTO `r_job_attribute` VALUES (613, 2, 0, 'JOB_ENTRY_LOG_TABLE_FIELD_NAME12', 0, 'RESULT');
INSERT INTO `r_job_attribute` VALUES (614, 2, 0, 'JOB_ENTRY_LOG_TABLE_FIELD_ENABLED12', 0, 'Y');
INSERT INTO `r_job_attribute` VALUES (615, 2, 0, 'JOB_ENTRY_LOG_TABLE_FIELD_ID13', 0, 'NR_RESULT_ROWS');
INSERT INTO `r_job_attribute` VALUES (616, 2, 0, 'JOB_ENTRY_LOG_TABLE_FIELD_NAME13', 0, 'NR_RESULT_ROWS');
INSERT INTO `r_job_attribute` VALUES (617, 2, 0, 'JOB_ENTRY_LOG_TABLE_FIELD_ENABLED13', 0, 'Y');
INSERT INTO `r_job_attribute` VALUES (618, 2, 0, 'JOB_ENTRY_LOG_TABLE_FIELD_ID14', 0, 'NR_RESULT_FILES');
INSERT INTO `r_job_attribute` VALUES (619, 2, 0, 'JOB_ENTRY_LOG_TABLE_FIELD_NAME14', 0, 'NR_RESULT_FILES');
INSERT INTO `r_job_attribute` VALUES (620, 2, 0, 'JOB_ENTRY_LOG_TABLE_FIELD_ENABLED14', 0, 'Y');
INSERT INTO `r_job_attribute` VALUES (621, 2, 0, 'JOB_ENTRY_LOG_TABLE_FIELD_ID15', 0, 'LOG_FIELD');
INSERT INTO `r_job_attribute` VALUES (622, 2, 0, 'JOB_ENTRY_LOG_TABLE_FIELD_NAME15', 0, 'LOG_FIELD');
INSERT INTO `r_job_attribute` VALUES (623, 2, 0, 'JOB_ENTRY_LOG_TABLE_FIELD_ENABLED15', 0, 'N');
INSERT INTO `r_job_attribute` VALUES (624, 2, 0, 'JOB_ENTRY_LOG_TABLE_FIELD_ID16', 0, 'COPY_NR');
INSERT INTO `r_job_attribute` VALUES (625, 2, 0, 'JOB_ENTRY_LOG_TABLE_FIELD_NAME16', 0, 'COPY_NR');
INSERT INTO `r_job_attribute` VALUES (626, 2, 0, 'JOB_ENTRY_LOG_TABLE_FIELD_ENABLED16', 0, 'N');
INSERT INTO `r_job_attribute` VALUES (627, 2, 0, 'CHANNEL_LOG_TABLE_CONNECTION_NAME', 0, NULL);
INSERT INTO `r_job_attribute` VALUES (628, 2, 0, 'CHANNEL_LOG_TABLE_SCHEMA_NAME', 0, NULL);
INSERT INTO `r_job_attribute` VALUES (629, 2, 0, 'CHANNEL_LOG_TABLE_TABLE_NAME', 0, NULL);
INSERT INTO `r_job_attribute` VALUES (630, 2, 0, 'CHANNEL_LOG_TABLE_TIMEOUT_IN_DAYS', 0, NULL);
INSERT INTO `r_job_attribute` VALUES (631, 2, 0, 'CHANNEL_LOG_TABLE_FIELD_ID0', 0, 'ID_BATCH');
INSERT INTO `r_job_attribute` VALUES (632, 2, 0, 'CHANNEL_LOG_TABLE_FIELD_NAME0', 0, 'ID_BATCH');
INSERT INTO `r_job_attribute` VALUES (633, 2, 0, 'CHANNEL_LOG_TABLE_FIELD_ENABLED0', 0, 'Y');
INSERT INTO `r_job_attribute` VALUES (634, 2, 0, 'CHANNEL_LOG_TABLE_FIELD_ID1', 0, 'CHANNEL_ID');
INSERT INTO `r_job_attribute` VALUES (635, 2, 0, 'CHANNEL_LOG_TABLE_FIELD_NAME1', 0, 'CHANNEL_ID');
INSERT INTO `r_job_attribute` VALUES (636, 2, 0, 'CHANNEL_LOG_TABLE_FIELD_ENABLED1', 0, 'Y');
INSERT INTO `r_job_attribute` VALUES (637, 2, 0, 'CHANNEL_LOG_TABLE_FIELD_ID2', 0, 'LOG_DATE');
INSERT INTO `r_job_attribute` VALUES (638, 2, 0, 'CHANNEL_LOG_TABLE_FIELD_NAME2', 0, 'LOG_DATE');
INSERT INTO `r_job_attribute` VALUES (639, 2, 0, 'CHANNEL_LOG_TABLE_FIELD_ENABLED2', 0, 'Y');
INSERT INTO `r_job_attribute` VALUES (640, 2, 0, 'CHANNEL_LOG_TABLE_FIELD_ID3', 0, 'LOGGING_OBJECT_TYPE');
INSERT INTO `r_job_attribute` VALUES (641, 2, 0, 'CHANNEL_LOG_TABLE_FIELD_NAME3', 0, 'LOGGING_OBJECT_TYPE');
INSERT INTO `r_job_attribute` VALUES (642, 2, 0, 'CHANNEL_LOG_TABLE_FIELD_ENABLED3', 0, 'Y');
INSERT INTO `r_job_attribute` VALUES (643, 2, 0, 'CHANNEL_LOG_TABLE_FIELD_ID4', 0, 'OBJECT_NAME');
INSERT INTO `r_job_attribute` VALUES (644, 2, 0, 'CHANNEL_LOG_TABLE_FIELD_NAME4', 0, 'OBJECT_NAME');
INSERT INTO `r_job_attribute` VALUES (645, 2, 0, 'CHANNEL_LOG_TABLE_FIELD_ENABLED4', 0, 'Y');
INSERT INTO `r_job_attribute` VALUES (646, 2, 0, 'CHANNEL_LOG_TABLE_FIELD_ID5', 0, 'OBJECT_COPY');
INSERT INTO `r_job_attribute` VALUES (647, 2, 0, 'CHANNEL_LOG_TABLE_FIELD_NAME5', 0, 'OBJECT_COPY');
INSERT INTO `r_job_attribute` VALUES (648, 2, 0, 'CHANNEL_LOG_TABLE_FIELD_ENABLED5', 0, 'Y');
INSERT INTO `r_job_attribute` VALUES (649, 2, 0, 'CHANNEL_LOG_TABLE_FIELD_ID6', 0, 'REPOSITORY_DIRECTORY');
INSERT INTO `r_job_attribute` VALUES (650, 2, 0, 'CHANNEL_LOG_TABLE_FIELD_NAME6', 0, 'REPOSITORY_DIRECTORY');
INSERT INTO `r_job_attribute` VALUES (651, 2, 0, 'CHANNEL_LOG_TABLE_FIELD_ENABLED6', 0, 'Y');
INSERT INTO `r_job_attribute` VALUES (652, 2, 0, 'CHANNEL_LOG_TABLE_FIELD_ID7', 0, 'FILENAME');
INSERT INTO `r_job_attribute` VALUES (653, 2, 0, 'CHANNEL_LOG_TABLE_FIELD_NAME7', 0, 'FILENAME');
INSERT INTO `r_job_attribute` VALUES (654, 2, 0, 'CHANNEL_LOG_TABLE_FIELD_ENABLED7', 0, 'Y');
INSERT INTO `r_job_attribute` VALUES (655, 2, 0, 'CHANNEL_LOG_TABLE_FIELD_ID8', 0, 'OBJECT_ID');
INSERT INTO `r_job_attribute` VALUES (656, 2, 0, 'CHANNEL_LOG_TABLE_FIELD_NAME8', 0, 'OBJECT_ID');
INSERT INTO `r_job_attribute` VALUES (657, 2, 0, 'CHANNEL_LOG_TABLE_FIELD_ENABLED8', 0, 'Y');
INSERT INTO `r_job_attribute` VALUES (658, 2, 0, 'CHANNEL_LOG_TABLE_FIELD_ID9', 0, 'OBJECT_REVISION');
INSERT INTO `r_job_attribute` VALUES (659, 2, 0, 'CHANNEL_LOG_TABLE_FIELD_NAME9', 0, 'OBJECT_REVISION');
INSERT INTO `r_job_attribute` VALUES (660, 2, 0, 'CHANNEL_LOG_TABLE_FIELD_ENABLED9', 0, 'Y');
INSERT INTO `r_job_attribute` VALUES (661, 2, 0, 'CHANNEL_LOG_TABLE_FIELD_ID10', 0, 'PARENT_CHANNEL_ID');
INSERT INTO `r_job_attribute` VALUES (662, 2, 0, 'CHANNEL_LOG_TABLE_FIELD_NAME10', 0, 'PARENT_CHANNEL_ID');
INSERT INTO `r_job_attribute` VALUES (663, 2, 0, 'CHANNEL_LOG_TABLE_FIELD_ENABLED10', 0, 'Y');
INSERT INTO `r_job_attribute` VALUES (664, 2, 0, 'CHANNEL_LOG_TABLE_FIELD_ID11', 0, 'ROOT_CHANNEL_ID');
INSERT INTO `r_job_attribute` VALUES (665, 2, 0, 'CHANNEL_LOG_TABLE_FIELD_NAME11', 0, 'ROOT_CHANNEL_ID');
INSERT INTO `r_job_attribute` VALUES (666, 2, 0, 'CHANNEL_LOG_TABLE_FIELD_ENABLED11', 0, 'Y');
INSERT INTO `r_job_attribute` VALUES (667, 2, 0, '_ATTR_	{\"_\":\"Embedded MetaStore Elements\",\"namespace\":\"pentaho\",\"type\":\"Default Run Configuration\"}	Pentaho local', 0, '{\"children\":[{\"children\":[],\"id\":\"server\",\"value\":null},{\"children\":[],\"id\":\"clustered\",\"value\":\"N\"},{\"children\":[],\"id\":\"name\",\"value\":\"Pentaho local\"},{\"children\":[],\"id\":\"description\",\"value\":null},{\"children\":[],\"id\":\"pentaho\",\"value\":\"N\"},{\"children\":[],\"id\":\"readOnly\",\"value\":\"Y\"},{\"children\":[],\"id\":\"sendResources\",\"value\":\"N\"},{\"children\":[],\"id\":\"logRemoteExecutionLocally\",\"value\":\"N\"},{\"children\":[],\"id\":\"remote\",\"value\":\"N\"},{\"children\":[],\"id\":\"local\",\"value\":\"Y\"},{\"children\":[],\"id\":\"showTransformations\",\"value\":\"N\"}],\"id\":\"Pentaho local\",\"value\":null,\"name\":\"Pentaho local\",\"owner\":null,\"ownerPermissionsList\":[]}');
INSERT INTO `r_job_attribute` VALUES (668, 2, 0, '_ATTR_	METASTORE.pentaho	Default Run Configuration', 0, '{\"namespace\":\"pentaho\",\"id\":\"Default Run Configuration\",\"name\":\"Default Run Configuration\",\"description\":\"Defines a default run configuration\",\"metaStoreName\":null}');
INSERT INTO `r_job_attribute` VALUES (669, 3, 0, 'LOG_SIZE_LIMIT', 0, NULL);
INSERT INTO `r_job_attribute` VALUES (670, 3, 0, 'JOB_LOG_TABLE_CONNECTION_NAME', 0, NULL);
INSERT INTO `r_job_attribute` VALUES (671, 3, 0, 'JOB_LOG_TABLE_SCHEMA_NAME', 0, NULL);
INSERT INTO `r_job_attribute` VALUES (672, 3, 0, 'JOB_LOG_TABLE_TABLE_NAME', 0, NULL);
INSERT INTO `r_job_attribute` VALUES (673, 3, 0, 'JOB_LOG_TABLE_TIMEOUT_IN_DAYS', 0, NULL);
INSERT INTO `r_job_attribute` VALUES (674, 3, 0, 'JOB_LOG_TABLE_FIELD_ID0', 0, 'ID_JOB');
INSERT INTO `r_job_attribute` VALUES (675, 3, 0, 'JOB_LOG_TABLE_FIELD_NAME0', 0, 'ID_JOB');
INSERT INTO `r_job_attribute` VALUES (676, 3, 0, 'JOB_LOG_TABLE_FIELD_ENABLED0', 0, 'Y');
INSERT INTO `r_job_attribute` VALUES (677, 3, 0, 'JOB_LOG_TABLE_FIELD_ID1', 0, 'CHANNEL_ID');
INSERT INTO `r_job_attribute` VALUES (678, 3, 0, 'JOB_LOG_TABLE_FIELD_NAME1', 0, 'CHANNEL_ID');
INSERT INTO `r_job_attribute` VALUES (679, 3, 0, 'JOB_LOG_TABLE_FIELD_ENABLED1', 0, 'Y');
INSERT INTO `r_job_attribute` VALUES (680, 3, 0, 'JOB_LOG_TABLE_FIELD_ID2', 0, 'JOBNAME');
INSERT INTO `r_job_attribute` VALUES (681, 3, 0, 'JOB_LOG_TABLE_FIELD_NAME2', 0, 'JOBNAME');
INSERT INTO `r_job_attribute` VALUES (682, 3, 0, 'JOB_LOG_TABLE_FIELD_ENABLED2', 0, 'Y');
INSERT INTO `r_job_attribute` VALUES (683, 3, 0, 'JOB_LOG_TABLE_FIELD_ID3', 0, 'STATUS');
INSERT INTO `r_job_attribute` VALUES (684, 3, 0, 'JOB_LOG_TABLE_FIELD_NAME3', 0, 'STATUS');
INSERT INTO `r_job_attribute` VALUES (685, 3, 0, 'JOB_LOG_TABLE_FIELD_ENABLED3', 0, 'Y');
INSERT INTO `r_job_attribute` VALUES (686, 3, 0, 'JOB_LOG_TABLE_FIELD_ID4', 0, 'LINES_READ');
INSERT INTO `r_job_attribute` VALUES (687, 3, 0, 'JOB_LOG_TABLE_FIELD_NAME4', 0, 'LINES_READ');
INSERT INTO `r_job_attribute` VALUES (688, 3, 0, 'JOB_LOG_TABLE_FIELD_ENABLED4', 0, 'Y');
INSERT INTO `r_job_attribute` VALUES (689, 3, 0, 'JOB_LOG_TABLE_FIELD_ID5', 0, 'LINES_WRITTEN');
INSERT INTO `r_job_attribute` VALUES (690, 3, 0, 'JOB_LOG_TABLE_FIELD_NAME5', 0, 'LINES_WRITTEN');
INSERT INTO `r_job_attribute` VALUES (691, 3, 0, 'JOB_LOG_TABLE_FIELD_ENABLED5', 0, 'Y');
INSERT INTO `r_job_attribute` VALUES (692, 3, 0, 'JOB_LOG_TABLE_FIELD_ID6', 0, 'LINES_UPDATED');
INSERT INTO `r_job_attribute` VALUES (693, 3, 0, 'JOB_LOG_TABLE_FIELD_NAME6', 0, 'LINES_UPDATED');
INSERT INTO `r_job_attribute` VALUES (694, 3, 0, 'JOB_LOG_TABLE_FIELD_ENABLED6', 0, 'Y');
INSERT INTO `r_job_attribute` VALUES (695, 3, 0, 'JOB_LOG_TABLE_FIELD_ID7', 0, 'LINES_INPUT');
INSERT INTO `r_job_attribute` VALUES (696, 3, 0, 'JOB_LOG_TABLE_FIELD_NAME7', 0, 'LINES_INPUT');
INSERT INTO `r_job_attribute` VALUES (697, 3, 0, 'JOB_LOG_TABLE_FIELD_ENABLED7', 0, 'Y');
INSERT INTO `r_job_attribute` VALUES (698, 3, 0, 'JOB_LOG_TABLE_FIELD_ID8', 0, 'LINES_OUTPUT');
INSERT INTO `r_job_attribute` VALUES (699, 3, 0, 'JOB_LOG_TABLE_FIELD_NAME8', 0, 'LINES_OUTPUT');
INSERT INTO `r_job_attribute` VALUES (700, 3, 0, 'JOB_LOG_TABLE_FIELD_ENABLED8', 0, 'Y');
INSERT INTO `r_job_attribute` VALUES (701, 3, 0, 'JOB_LOG_TABLE_FIELD_ID9', 0, 'LINES_REJECTED');
INSERT INTO `r_job_attribute` VALUES (702, 3, 0, 'JOB_LOG_TABLE_FIELD_NAME9', 0, 'LINES_REJECTED');
INSERT INTO `r_job_attribute` VALUES (703, 3, 0, 'JOB_LOG_TABLE_FIELD_ENABLED9', 0, 'Y');
INSERT INTO `r_job_attribute` VALUES (704, 3, 0, 'JOB_LOG_TABLE_FIELD_ID10', 0, 'ERRORS');
INSERT INTO `r_job_attribute` VALUES (705, 3, 0, 'JOB_LOG_TABLE_FIELD_NAME10', 0, 'ERRORS');
INSERT INTO `r_job_attribute` VALUES (706, 3, 0, 'JOB_LOG_TABLE_FIELD_ENABLED10', 0, 'Y');
INSERT INTO `r_job_attribute` VALUES (707, 3, 0, 'JOB_LOG_TABLE_FIELD_ID11', 0, 'STARTDATE');
INSERT INTO `r_job_attribute` VALUES (708, 3, 0, 'JOB_LOG_TABLE_FIELD_NAME11', 0, 'STARTDATE');
INSERT INTO `r_job_attribute` VALUES (709, 3, 0, 'JOB_LOG_TABLE_FIELD_ENABLED11', 0, 'Y');
INSERT INTO `r_job_attribute` VALUES (710, 3, 0, 'JOB_LOG_TABLE_FIELD_ID12', 0, 'ENDDATE');
INSERT INTO `r_job_attribute` VALUES (711, 3, 0, 'JOB_LOG_TABLE_FIELD_NAME12', 0, 'ENDDATE');
INSERT INTO `r_job_attribute` VALUES (712, 3, 0, 'JOB_LOG_TABLE_FIELD_ENABLED12', 0, 'Y');
INSERT INTO `r_job_attribute` VALUES (713, 3, 0, 'JOB_LOG_TABLE_FIELD_ID13', 0, 'LOGDATE');
INSERT INTO `r_job_attribute` VALUES (714, 3, 0, 'JOB_LOG_TABLE_FIELD_NAME13', 0, 'LOGDATE');
INSERT INTO `r_job_attribute` VALUES (715, 3, 0, 'JOB_LOG_TABLE_FIELD_ENABLED13', 0, 'Y');
INSERT INTO `r_job_attribute` VALUES (716, 3, 0, 'JOB_LOG_TABLE_FIELD_ID14', 0, 'DEPDATE');
INSERT INTO `r_job_attribute` VALUES (717, 3, 0, 'JOB_LOG_TABLE_FIELD_NAME14', 0, 'DEPDATE');
INSERT INTO `r_job_attribute` VALUES (718, 3, 0, 'JOB_LOG_TABLE_FIELD_ENABLED14', 0, 'Y');
INSERT INTO `r_job_attribute` VALUES (719, 3, 0, 'JOB_LOG_TABLE_FIELD_ID15', 0, 'REPLAYDATE');
INSERT INTO `r_job_attribute` VALUES (720, 3, 0, 'JOB_LOG_TABLE_FIELD_NAME15', 0, 'REPLAYDATE');
INSERT INTO `r_job_attribute` VALUES (721, 3, 0, 'JOB_LOG_TABLE_FIELD_ENABLED15', 0, 'Y');
INSERT INTO `r_job_attribute` VALUES (722, 3, 0, 'JOB_LOG_TABLE_FIELD_ID16', 0, 'LOG_FIELD');
INSERT INTO `r_job_attribute` VALUES (723, 3, 0, 'JOB_LOG_TABLE_FIELD_NAME16', 0, 'LOG_FIELD');
INSERT INTO `r_job_attribute` VALUES (724, 3, 0, 'JOB_LOG_TABLE_FIELD_ENABLED16', 0, 'Y');
INSERT INTO `r_job_attribute` VALUES (725, 3, 0, 'JOB_LOG_TABLE_FIELD_ID17', 0, 'EXECUTING_SERVER');
INSERT INTO `r_job_attribute` VALUES (726, 3, 0, 'JOB_LOG_TABLE_FIELD_NAME17', 0, 'EXECUTING_SERVER');
INSERT INTO `r_job_attribute` VALUES (727, 3, 0, 'JOB_LOG_TABLE_FIELD_ENABLED17', 0, 'N');
INSERT INTO `r_job_attribute` VALUES (728, 3, 0, 'JOB_LOG_TABLE_FIELD_ID18', 0, 'EXECUTING_USER');
INSERT INTO `r_job_attribute` VALUES (729, 3, 0, 'JOB_LOG_TABLE_FIELD_NAME18', 0, 'EXECUTING_USER');
INSERT INTO `r_job_attribute` VALUES (730, 3, 0, 'JOB_LOG_TABLE_FIELD_ENABLED18', 0, 'N');
INSERT INTO `r_job_attribute` VALUES (731, 3, 0, 'JOB_LOG_TABLE_FIELD_ID19', 0, 'START_JOB_ENTRY');
INSERT INTO `r_job_attribute` VALUES (732, 3, 0, 'JOB_LOG_TABLE_FIELD_NAME19', 0, 'START_JOB_ENTRY');
INSERT INTO `r_job_attribute` VALUES (733, 3, 0, 'JOB_LOG_TABLE_FIELD_ENABLED19', 0, 'N');
INSERT INTO `r_job_attribute` VALUES (734, 3, 0, 'JOB_LOG_TABLE_FIELD_ID20', 0, 'CLIENT');
INSERT INTO `r_job_attribute` VALUES (735, 3, 0, 'JOB_LOG_TABLE_FIELD_NAME20', 0, 'CLIENT');
INSERT INTO `r_job_attribute` VALUES (736, 3, 0, 'JOB_LOG_TABLE_FIELD_ENABLED20', 0, 'N');
INSERT INTO `r_job_attribute` VALUES (737, 3, 0, 'JOBLOG_TABLE_INTERVAL', 0, NULL);
INSERT INTO `r_job_attribute` VALUES (738, 3, 0, 'JOBLOG_TABLE_SIZE_LIMIT', 0, NULL);
INSERT INTO `r_job_attribute` VALUES (739, 3, 0, 'JOB_ENTRY_LOG_TABLE_CONNECTION_NAME', 0, NULL);
INSERT INTO `r_job_attribute` VALUES (740, 3, 0, 'JOB_ENTRY_LOG_TABLE_SCHEMA_NAME', 0, NULL);
INSERT INTO `r_job_attribute` VALUES (741, 3, 0, 'JOB_ENTRY_LOG_TABLE_TABLE_NAME', 0, NULL);
INSERT INTO `r_job_attribute` VALUES (742, 3, 0, 'JOB_ENTRY_LOG_TABLE_TIMEOUT_IN_DAYS', 0, NULL);
INSERT INTO `r_job_attribute` VALUES (743, 3, 0, 'JOB_ENTRY_LOG_TABLE_FIELD_ID0', 0, 'ID_BATCH');
INSERT INTO `r_job_attribute` VALUES (744, 3, 0, 'JOB_ENTRY_LOG_TABLE_FIELD_NAME0', 0, 'ID_BATCH');
INSERT INTO `r_job_attribute` VALUES (745, 3, 0, 'JOB_ENTRY_LOG_TABLE_FIELD_ENABLED0', 0, 'Y');
INSERT INTO `r_job_attribute` VALUES (746, 3, 0, 'JOB_ENTRY_LOG_TABLE_FIELD_ID1', 0, 'CHANNEL_ID');
INSERT INTO `r_job_attribute` VALUES (747, 3, 0, 'JOB_ENTRY_LOG_TABLE_FIELD_NAME1', 0, 'CHANNEL_ID');
INSERT INTO `r_job_attribute` VALUES (748, 3, 0, 'JOB_ENTRY_LOG_TABLE_FIELD_ENABLED1', 0, 'Y');
INSERT INTO `r_job_attribute` VALUES (749, 3, 0, 'JOB_ENTRY_LOG_TABLE_FIELD_ID2', 0, 'LOG_DATE');
INSERT INTO `r_job_attribute` VALUES (750, 3, 0, 'JOB_ENTRY_LOG_TABLE_FIELD_NAME2', 0, 'LOG_DATE');
INSERT INTO `r_job_attribute` VALUES (751, 3, 0, 'JOB_ENTRY_LOG_TABLE_FIELD_ENABLED2', 0, 'Y');
INSERT INTO `r_job_attribute` VALUES (752, 3, 0, 'JOB_ENTRY_LOG_TABLE_FIELD_ID3', 0, 'JOBNAME');
INSERT INTO `r_job_attribute` VALUES (753, 3, 0, 'JOB_ENTRY_LOG_TABLE_FIELD_NAME3', 0, 'TRANSNAME');
INSERT INTO `r_job_attribute` VALUES (754, 3, 0, 'JOB_ENTRY_LOG_TABLE_FIELD_ENABLED3', 0, 'Y');
INSERT INTO `r_job_attribute` VALUES (755, 3, 0, 'JOB_ENTRY_LOG_TABLE_FIELD_ID4', 0, 'JOBENTRYNAME');
INSERT INTO `r_job_attribute` VALUES (756, 3, 0, 'JOB_ENTRY_LOG_TABLE_FIELD_NAME4', 0, 'STEPNAME');
INSERT INTO `r_job_attribute` VALUES (757, 3, 0, 'JOB_ENTRY_LOG_TABLE_FIELD_ENABLED4', 0, 'Y');
INSERT INTO `r_job_attribute` VALUES (758, 3, 0, 'JOB_ENTRY_LOG_TABLE_FIELD_ID5', 0, 'LINES_READ');
INSERT INTO `r_job_attribute` VALUES (759, 3, 0, 'JOB_ENTRY_LOG_TABLE_FIELD_NAME5', 0, 'LINES_READ');
INSERT INTO `r_job_attribute` VALUES (760, 3, 0, 'JOB_ENTRY_LOG_TABLE_FIELD_ENABLED5', 0, 'Y');
INSERT INTO `r_job_attribute` VALUES (761, 3, 0, 'JOB_ENTRY_LOG_TABLE_FIELD_ID6', 0, 'LINES_WRITTEN');
INSERT INTO `r_job_attribute` VALUES (762, 3, 0, 'JOB_ENTRY_LOG_TABLE_FIELD_NAME6', 0, 'LINES_WRITTEN');
INSERT INTO `r_job_attribute` VALUES (763, 3, 0, 'JOB_ENTRY_LOG_TABLE_FIELD_ENABLED6', 0, 'Y');
INSERT INTO `r_job_attribute` VALUES (764, 3, 0, 'JOB_ENTRY_LOG_TABLE_FIELD_ID7', 0, 'LINES_UPDATED');
INSERT INTO `r_job_attribute` VALUES (765, 3, 0, 'JOB_ENTRY_LOG_TABLE_FIELD_NAME7', 0, 'LINES_UPDATED');
INSERT INTO `r_job_attribute` VALUES (766, 3, 0, 'JOB_ENTRY_LOG_TABLE_FIELD_ENABLED7', 0, 'Y');
INSERT INTO `r_job_attribute` VALUES (767, 3, 0, 'JOB_ENTRY_LOG_TABLE_FIELD_ID8', 0, 'LINES_INPUT');
INSERT INTO `r_job_attribute` VALUES (768, 3, 0, 'JOB_ENTRY_LOG_TABLE_FIELD_NAME8', 0, 'LINES_INPUT');
INSERT INTO `r_job_attribute` VALUES (769, 3, 0, 'JOB_ENTRY_LOG_TABLE_FIELD_ENABLED8', 0, 'Y');
INSERT INTO `r_job_attribute` VALUES (770, 3, 0, 'JOB_ENTRY_LOG_TABLE_FIELD_ID9', 0, 'LINES_OUTPUT');
INSERT INTO `r_job_attribute` VALUES (771, 3, 0, 'JOB_ENTRY_LOG_TABLE_FIELD_NAME9', 0, 'LINES_OUTPUT');
INSERT INTO `r_job_attribute` VALUES (772, 3, 0, 'JOB_ENTRY_LOG_TABLE_FIELD_ENABLED9', 0, 'Y');
INSERT INTO `r_job_attribute` VALUES (773, 3, 0, 'JOB_ENTRY_LOG_TABLE_FIELD_ID10', 0, 'LINES_REJECTED');
INSERT INTO `r_job_attribute` VALUES (774, 3, 0, 'JOB_ENTRY_LOG_TABLE_FIELD_NAME10', 0, 'LINES_REJECTED');
INSERT INTO `r_job_attribute` VALUES (775, 3, 0, 'JOB_ENTRY_LOG_TABLE_FIELD_ENABLED10', 0, 'Y');
INSERT INTO `r_job_attribute` VALUES (776, 3, 0, 'JOB_ENTRY_LOG_TABLE_FIELD_ID11', 0, 'ERRORS');
INSERT INTO `r_job_attribute` VALUES (777, 3, 0, 'JOB_ENTRY_LOG_TABLE_FIELD_NAME11', 0, 'ERRORS');
INSERT INTO `r_job_attribute` VALUES (778, 3, 0, 'JOB_ENTRY_LOG_TABLE_FIELD_ENABLED11', 0, 'Y');
INSERT INTO `r_job_attribute` VALUES (779, 3, 0, 'JOB_ENTRY_LOG_TABLE_FIELD_ID12', 0, 'RESULT');
INSERT INTO `r_job_attribute` VALUES (780, 3, 0, 'JOB_ENTRY_LOG_TABLE_FIELD_NAME12', 0, 'RESULT');
INSERT INTO `r_job_attribute` VALUES (781, 3, 0, 'JOB_ENTRY_LOG_TABLE_FIELD_ENABLED12', 0, 'Y');
INSERT INTO `r_job_attribute` VALUES (782, 3, 0, 'JOB_ENTRY_LOG_TABLE_FIELD_ID13', 0, 'NR_RESULT_ROWS');
INSERT INTO `r_job_attribute` VALUES (783, 3, 0, 'JOB_ENTRY_LOG_TABLE_FIELD_NAME13', 0, 'NR_RESULT_ROWS');
INSERT INTO `r_job_attribute` VALUES (784, 3, 0, 'JOB_ENTRY_LOG_TABLE_FIELD_ENABLED13', 0, 'Y');
INSERT INTO `r_job_attribute` VALUES (785, 3, 0, 'JOB_ENTRY_LOG_TABLE_FIELD_ID14', 0, 'NR_RESULT_FILES');
INSERT INTO `r_job_attribute` VALUES (786, 3, 0, 'JOB_ENTRY_LOG_TABLE_FIELD_NAME14', 0, 'NR_RESULT_FILES');
INSERT INTO `r_job_attribute` VALUES (787, 3, 0, 'JOB_ENTRY_LOG_TABLE_FIELD_ENABLED14', 0, 'Y');
INSERT INTO `r_job_attribute` VALUES (788, 3, 0, 'JOB_ENTRY_LOG_TABLE_FIELD_ID15', 0, 'LOG_FIELD');
INSERT INTO `r_job_attribute` VALUES (789, 3, 0, 'JOB_ENTRY_LOG_TABLE_FIELD_NAME15', 0, 'LOG_FIELD');
INSERT INTO `r_job_attribute` VALUES (790, 3, 0, 'JOB_ENTRY_LOG_TABLE_FIELD_ENABLED15', 0, 'N');
INSERT INTO `r_job_attribute` VALUES (791, 3, 0, 'JOB_ENTRY_LOG_TABLE_FIELD_ID16', 0, 'COPY_NR');
INSERT INTO `r_job_attribute` VALUES (792, 3, 0, 'JOB_ENTRY_LOG_TABLE_FIELD_NAME16', 0, 'COPY_NR');
INSERT INTO `r_job_attribute` VALUES (793, 3, 0, 'JOB_ENTRY_LOG_TABLE_FIELD_ENABLED16', 0, 'N');
INSERT INTO `r_job_attribute` VALUES (794, 3, 0, 'CHANNEL_LOG_TABLE_CONNECTION_NAME', 0, NULL);
INSERT INTO `r_job_attribute` VALUES (795, 3, 0, 'CHANNEL_LOG_TABLE_SCHEMA_NAME', 0, NULL);
INSERT INTO `r_job_attribute` VALUES (796, 3, 0, 'CHANNEL_LOG_TABLE_TABLE_NAME', 0, NULL);
INSERT INTO `r_job_attribute` VALUES (797, 3, 0, 'CHANNEL_LOG_TABLE_TIMEOUT_IN_DAYS', 0, NULL);
INSERT INTO `r_job_attribute` VALUES (798, 3, 0, 'CHANNEL_LOG_TABLE_FIELD_ID0', 0, 'ID_BATCH');
INSERT INTO `r_job_attribute` VALUES (799, 3, 0, 'CHANNEL_LOG_TABLE_FIELD_NAME0', 0, 'ID_BATCH');
INSERT INTO `r_job_attribute` VALUES (800, 3, 0, 'CHANNEL_LOG_TABLE_FIELD_ENABLED0', 0, 'Y');
INSERT INTO `r_job_attribute` VALUES (801, 3, 0, 'CHANNEL_LOG_TABLE_FIELD_ID1', 0, 'CHANNEL_ID');
INSERT INTO `r_job_attribute` VALUES (802, 3, 0, 'CHANNEL_LOG_TABLE_FIELD_NAME1', 0, 'CHANNEL_ID');
INSERT INTO `r_job_attribute` VALUES (803, 3, 0, 'CHANNEL_LOG_TABLE_FIELD_ENABLED1', 0, 'Y');
INSERT INTO `r_job_attribute` VALUES (804, 3, 0, 'CHANNEL_LOG_TABLE_FIELD_ID2', 0, 'LOG_DATE');
INSERT INTO `r_job_attribute` VALUES (805, 3, 0, 'CHANNEL_LOG_TABLE_FIELD_NAME2', 0, 'LOG_DATE');
INSERT INTO `r_job_attribute` VALUES (806, 3, 0, 'CHANNEL_LOG_TABLE_FIELD_ENABLED2', 0, 'Y');
INSERT INTO `r_job_attribute` VALUES (807, 3, 0, 'CHANNEL_LOG_TABLE_FIELD_ID3', 0, 'LOGGING_OBJECT_TYPE');
INSERT INTO `r_job_attribute` VALUES (808, 3, 0, 'CHANNEL_LOG_TABLE_FIELD_NAME3', 0, 'LOGGING_OBJECT_TYPE');
INSERT INTO `r_job_attribute` VALUES (809, 3, 0, 'CHANNEL_LOG_TABLE_FIELD_ENABLED3', 0, 'Y');
INSERT INTO `r_job_attribute` VALUES (810, 3, 0, 'CHANNEL_LOG_TABLE_FIELD_ID4', 0, 'OBJECT_NAME');
INSERT INTO `r_job_attribute` VALUES (811, 3, 0, 'CHANNEL_LOG_TABLE_FIELD_NAME4', 0, 'OBJECT_NAME');
INSERT INTO `r_job_attribute` VALUES (812, 3, 0, 'CHANNEL_LOG_TABLE_FIELD_ENABLED4', 0, 'Y');
INSERT INTO `r_job_attribute` VALUES (813, 3, 0, 'CHANNEL_LOG_TABLE_FIELD_ID5', 0, 'OBJECT_COPY');
INSERT INTO `r_job_attribute` VALUES (814, 3, 0, 'CHANNEL_LOG_TABLE_FIELD_NAME5', 0, 'OBJECT_COPY');
INSERT INTO `r_job_attribute` VALUES (815, 3, 0, 'CHANNEL_LOG_TABLE_FIELD_ENABLED5', 0, 'Y');
INSERT INTO `r_job_attribute` VALUES (816, 3, 0, 'CHANNEL_LOG_TABLE_FIELD_ID6', 0, 'REPOSITORY_DIRECTORY');
INSERT INTO `r_job_attribute` VALUES (817, 3, 0, 'CHANNEL_LOG_TABLE_FIELD_NAME6', 0, 'REPOSITORY_DIRECTORY');
INSERT INTO `r_job_attribute` VALUES (818, 3, 0, 'CHANNEL_LOG_TABLE_FIELD_ENABLED6', 0, 'Y');
INSERT INTO `r_job_attribute` VALUES (819, 3, 0, 'CHANNEL_LOG_TABLE_FIELD_ID7', 0, 'FILENAME');
INSERT INTO `r_job_attribute` VALUES (820, 3, 0, 'CHANNEL_LOG_TABLE_FIELD_NAME7', 0, 'FILENAME');
INSERT INTO `r_job_attribute` VALUES (821, 3, 0, 'CHANNEL_LOG_TABLE_FIELD_ENABLED7', 0, 'Y');
INSERT INTO `r_job_attribute` VALUES (822, 3, 0, 'CHANNEL_LOG_TABLE_FIELD_ID8', 0, 'OBJECT_ID');
INSERT INTO `r_job_attribute` VALUES (823, 3, 0, 'CHANNEL_LOG_TABLE_FIELD_NAME8', 0, 'OBJECT_ID');
INSERT INTO `r_job_attribute` VALUES (824, 3, 0, 'CHANNEL_LOG_TABLE_FIELD_ENABLED8', 0, 'Y');
INSERT INTO `r_job_attribute` VALUES (825, 3, 0, 'CHANNEL_LOG_TABLE_FIELD_ID9', 0, 'OBJECT_REVISION');
INSERT INTO `r_job_attribute` VALUES (826, 3, 0, 'CHANNEL_LOG_TABLE_FIELD_NAME9', 0, 'OBJECT_REVISION');
INSERT INTO `r_job_attribute` VALUES (827, 3, 0, 'CHANNEL_LOG_TABLE_FIELD_ENABLED9', 0, 'Y');
INSERT INTO `r_job_attribute` VALUES (828, 3, 0, 'CHANNEL_LOG_TABLE_FIELD_ID10', 0, 'PARENT_CHANNEL_ID');
INSERT INTO `r_job_attribute` VALUES (829, 3, 0, 'CHANNEL_LOG_TABLE_FIELD_NAME10', 0, 'PARENT_CHANNEL_ID');
INSERT INTO `r_job_attribute` VALUES (830, 3, 0, 'CHANNEL_LOG_TABLE_FIELD_ENABLED10', 0, 'Y');
INSERT INTO `r_job_attribute` VALUES (831, 3, 0, 'CHANNEL_LOG_TABLE_FIELD_ID11', 0, 'ROOT_CHANNEL_ID');
INSERT INTO `r_job_attribute` VALUES (832, 3, 0, 'CHANNEL_LOG_TABLE_FIELD_NAME11', 0, 'ROOT_CHANNEL_ID');
INSERT INTO `r_job_attribute` VALUES (833, 3, 0, 'CHANNEL_LOG_TABLE_FIELD_ENABLED11', 0, 'Y');
INSERT INTO `r_job_attribute` VALUES (834, 3, 0, '_ATTR_	{\"_\":\"Embedded MetaStore Elements\",\"namespace\":\"pentaho\",\"type\":\"Default Run Configuration\"}	Pentaho local', 0, '{\"children\":[{\"children\":[],\"id\":\"server\",\"value\":null},{\"children\":[],\"id\":\"clustered\",\"value\":\"N\"},{\"children\":[],\"id\":\"name\",\"value\":\"Pentaho local\"},{\"children\":[],\"id\":\"description\",\"value\":null},{\"children\":[],\"id\":\"pentaho\",\"value\":\"N\"},{\"children\":[],\"id\":\"readOnly\",\"value\":\"Y\"},{\"children\":[],\"id\":\"sendResources\",\"value\":\"N\"},{\"children\":[],\"id\":\"logRemoteExecutionLocally\",\"value\":\"N\"},{\"children\":[],\"id\":\"remote\",\"value\":\"N\"},{\"children\":[],\"id\":\"local\",\"value\":\"Y\"},{\"children\":[],\"id\":\"showTransformations\",\"value\":\"N\"}],\"id\":\"Pentaho local\",\"value\":null,\"name\":\"Pentaho local\",\"owner\":null,\"ownerPermissionsList\":[]}');
INSERT INTO `r_job_attribute` VALUES (835, 3, 0, '_ATTR_	METASTORE.pentaho	Default Run Configuration', 0, '{\"namespace\":\"pentaho\",\"id\":\"Default Run Configuration\",\"name\":\"Default Run Configuration\",\"description\":\"Defines a default run configuration\",\"metaStoreName\":null}');
INSERT INTO `r_job_attribute` VALUES (836, 1, 0, 'LOG_SIZE_LIMIT', 0, NULL);
INSERT INTO `r_job_attribute` VALUES (837, 1, 0, 'JOB_LOG_TABLE_CONNECTION_NAME', 0, NULL);
INSERT INTO `r_job_attribute` VALUES (838, 1, 0, 'JOB_LOG_TABLE_SCHEMA_NAME', 0, NULL);
INSERT INTO `r_job_attribute` VALUES (839, 1, 0, 'JOB_LOG_TABLE_TABLE_NAME', 0, NULL);
INSERT INTO `r_job_attribute` VALUES (840, 1, 0, 'JOB_LOG_TABLE_TIMEOUT_IN_DAYS', 0, NULL);
INSERT INTO `r_job_attribute` VALUES (841, 1, 0, 'JOB_LOG_TABLE_FIELD_ID0', 0, 'ID_JOB');
INSERT INTO `r_job_attribute` VALUES (842, 1, 0, 'JOB_LOG_TABLE_FIELD_NAME0', 0, 'ID_JOB');
INSERT INTO `r_job_attribute` VALUES (843, 1, 0, 'JOB_LOG_TABLE_FIELD_ENABLED0', 0, 'Y');
INSERT INTO `r_job_attribute` VALUES (844, 1, 0, 'JOB_LOG_TABLE_FIELD_ID1', 0, 'CHANNEL_ID');
INSERT INTO `r_job_attribute` VALUES (845, 1, 0, 'JOB_LOG_TABLE_FIELD_NAME1', 0, 'CHANNEL_ID');
INSERT INTO `r_job_attribute` VALUES (846, 1, 0, 'JOB_LOG_TABLE_FIELD_ENABLED1', 0, 'Y');
INSERT INTO `r_job_attribute` VALUES (847, 1, 0, 'JOB_LOG_TABLE_FIELD_ID2', 0, 'JOBNAME');
INSERT INTO `r_job_attribute` VALUES (848, 1, 0, 'JOB_LOG_TABLE_FIELD_NAME2', 0, 'JOBNAME');
INSERT INTO `r_job_attribute` VALUES (849, 1, 0, 'JOB_LOG_TABLE_FIELD_ENABLED2', 0, 'Y');
INSERT INTO `r_job_attribute` VALUES (850, 1, 0, 'JOB_LOG_TABLE_FIELD_ID3', 0, 'STATUS');
INSERT INTO `r_job_attribute` VALUES (851, 1, 0, 'JOB_LOG_TABLE_FIELD_NAME3', 0, 'STATUS');
INSERT INTO `r_job_attribute` VALUES (852, 1, 0, 'JOB_LOG_TABLE_FIELD_ENABLED3', 0, 'Y');
INSERT INTO `r_job_attribute` VALUES (853, 1, 0, 'JOB_LOG_TABLE_FIELD_ID4', 0, 'LINES_READ');
INSERT INTO `r_job_attribute` VALUES (854, 1, 0, 'JOB_LOG_TABLE_FIELD_NAME4', 0, 'LINES_READ');
INSERT INTO `r_job_attribute` VALUES (855, 1, 0, 'JOB_LOG_TABLE_FIELD_ENABLED4', 0, 'Y');
INSERT INTO `r_job_attribute` VALUES (856, 1, 0, 'JOB_LOG_TABLE_FIELD_ID5', 0, 'LINES_WRITTEN');
INSERT INTO `r_job_attribute` VALUES (857, 1, 0, 'JOB_LOG_TABLE_FIELD_NAME5', 0, 'LINES_WRITTEN');
INSERT INTO `r_job_attribute` VALUES (858, 1, 0, 'JOB_LOG_TABLE_FIELD_ENABLED5', 0, 'Y');
INSERT INTO `r_job_attribute` VALUES (859, 1, 0, 'JOB_LOG_TABLE_FIELD_ID6', 0, 'LINES_UPDATED');
INSERT INTO `r_job_attribute` VALUES (860, 1, 0, 'JOB_LOG_TABLE_FIELD_NAME6', 0, 'LINES_UPDATED');
INSERT INTO `r_job_attribute` VALUES (861, 1, 0, 'JOB_LOG_TABLE_FIELD_ENABLED6', 0, 'Y');
INSERT INTO `r_job_attribute` VALUES (862, 1, 0, 'JOB_LOG_TABLE_FIELD_ID7', 0, 'LINES_INPUT');
INSERT INTO `r_job_attribute` VALUES (863, 1, 0, 'JOB_LOG_TABLE_FIELD_NAME7', 0, 'LINES_INPUT');
INSERT INTO `r_job_attribute` VALUES (864, 1, 0, 'JOB_LOG_TABLE_FIELD_ENABLED7', 0, 'Y');
INSERT INTO `r_job_attribute` VALUES (865, 1, 0, 'JOB_LOG_TABLE_FIELD_ID8', 0, 'LINES_OUTPUT');
INSERT INTO `r_job_attribute` VALUES (866, 1, 0, 'JOB_LOG_TABLE_FIELD_NAME8', 0, 'LINES_OUTPUT');
INSERT INTO `r_job_attribute` VALUES (867, 1, 0, 'JOB_LOG_TABLE_FIELD_ENABLED8', 0, 'Y');
INSERT INTO `r_job_attribute` VALUES (868, 1, 0, 'JOB_LOG_TABLE_FIELD_ID9', 0, 'LINES_REJECTED');
INSERT INTO `r_job_attribute` VALUES (869, 1, 0, 'JOB_LOG_TABLE_FIELD_NAME9', 0, 'LINES_REJECTED');
INSERT INTO `r_job_attribute` VALUES (870, 1, 0, 'JOB_LOG_TABLE_FIELD_ENABLED9', 0, 'Y');
INSERT INTO `r_job_attribute` VALUES (871, 1, 0, 'JOB_LOG_TABLE_FIELD_ID10', 0, 'ERRORS');
INSERT INTO `r_job_attribute` VALUES (872, 1, 0, 'JOB_LOG_TABLE_FIELD_NAME10', 0, 'ERRORS');
INSERT INTO `r_job_attribute` VALUES (873, 1, 0, 'JOB_LOG_TABLE_FIELD_ENABLED10', 0, 'Y');
INSERT INTO `r_job_attribute` VALUES (874, 1, 0, 'JOB_LOG_TABLE_FIELD_ID11', 0, 'STARTDATE');
INSERT INTO `r_job_attribute` VALUES (875, 1, 0, 'JOB_LOG_TABLE_FIELD_NAME11', 0, 'STARTDATE');
INSERT INTO `r_job_attribute` VALUES (876, 1, 0, 'JOB_LOG_TABLE_FIELD_ENABLED11', 0, 'Y');
INSERT INTO `r_job_attribute` VALUES (877, 1, 0, 'JOB_LOG_TABLE_FIELD_ID12', 0, 'ENDDATE');
INSERT INTO `r_job_attribute` VALUES (878, 1, 0, 'JOB_LOG_TABLE_FIELD_NAME12', 0, 'ENDDATE');
INSERT INTO `r_job_attribute` VALUES (879, 1, 0, 'JOB_LOG_TABLE_FIELD_ENABLED12', 0, 'Y');
INSERT INTO `r_job_attribute` VALUES (880, 1, 0, 'JOB_LOG_TABLE_FIELD_ID13', 0, 'LOGDATE');
INSERT INTO `r_job_attribute` VALUES (881, 1, 0, 'JOB_LOG_TABLE_FIELD_NAME13', 0, 'LOGDATE');
INSERT INTO `r_job_attribute` VALUES (882, 1, 0, 'JOB_LOG_TABLE_FIELD_ENABLED13', 0, 'Y');
INSERT INTO `r_job_attribute` VALUES (883, 1, 0, 'JOB_LOG_TABLE_FIELD_ID14', 0, 'DEPDATE');
INSERT INTO `r_job_attribute` VALUES (884, 1, 0, 'JOB_LOG_TABLE_FIELD_NAME14', 0, 'DEPDATE');
INSERT INTO `r_job_attribute` VALUES (885, 1, 0, 'JOB_LOG_TABLE_FIELD_ENABLED14', 0, 'Y');
INSERT INTO `r_job_attribute` VALUES (886, 1, 0, 'JOB_LOG_TABLE_FIELD_ID15', 0, 'REPLAYDATE');
INSERT INTO `r_job_attribute` VALUES (887, 1, 0, 'JOB_LOG_TABLE_FIELD_NAME15', 0, 'REPLAYDATE');
INSERT INTO `r_job_attribute` VALUES (888, 1, 0, 'JOB_LOG_TABLE_FIELD_ENABLED15', 0, 'Y');
INSERT INTO `r_job_attribute` VALUES (889, 1, 0, 'JOB_LOG_TABLE_FIELD_ID16', 0, 'LOG_FIELD');
INSERT INTO `r_job_attribute` VALUES (890, 1, 0, 'JOB_LOG_TABLE_FIELD_NAME16', 0, 'LOG_FIELD');
INSERT INTO `r_job_attribute` VALUES (891, 1, 0, 'JOB_LOG_TABLE_FIELD_ENABLED16', 0, 'Y');
INSERT INTO `r_job_attribute` VALUES (892, 1, 0, 'JOB_LOG_TABLE_FIELD_ID17', 0, 'EXECUTING_SERVER');
INSERT INTO `r_job_attribute` VALUES (893, 1, 0, 'JOB_LOG_TABLE_FIELD_NAME17', 0, 'EXECUTING_SERVER');
INSERT INTO `r_job_attribute` VALUES (894, 1, 0, 'JOB_LOG_TABLE_FIELD_ENABLED17', 0, 'N');
INSERT INTO `r_job_attribute` VALUES (895, 1, 0, 'JOB_LOG_TABLE_FIELD_ID18', 0, 'EXECUTING_USER');
INSERT INTO `r_job_attribute` VALUES (896, 1, 0, 'JOB_LOG_TABLE_FIELD_NAME18', 0, 'EXECUTING_USER');
INSERT INTO `r_job_attribute` VALUES (897, 1, 0, 'JOB_LOG_TABLE_FIELD_ENABLED18', 0, 'N');
INSERT INTO `r_job_attribute` VALUES (898, 1, 0, 'JOB_LOG_TABLE_FIELD_ID19', 0, 'START_JOB_ENTRY');
INSERT INTO `r_job_attribute` VALUES (899, 1, 0, 'JOB_LOG_TABLE_FIELD_NAME19', 0, 'START_JOB_ENTRY');
INSERT INTO `r_job_attribute` VALUES (900, 1, 0, 'JOB_LOG_TABLE_FIELD_ENABLED19', 0, 'N');
INSERT INTO `r_job_attribute` VALUES (901, 1, 0, 'JOB_LOG_TABLE_FIELD_ID20', 0, 'CLIENT');
INSERT INTO `r_job_attribute` VALUES (902, 1, 0, 'JOB_LOG_TABLE_FIELD_NAME20', 0, 'CLIENT');
INSERT INTO `r_job_attribute` VALUES (903, 1, 0, 'JOB_LOG_TABLE_FIELD_ENABLED20', 0, 'N');
INSERT INTO `r_job_attribute` VALUES (904, 1, 0, 'JOBLOG_TABLE_INTERVAL', 0, NULL);
INSERT INTO `r_job_attribute` VALUES (905, 1, 0, 'JOBLOG_TABLE_SIZE_LIMIT', 0, NULL);
INSERT INTO `r_job_attribute` VALUES (906, 1, 0, 'JOB_ENTRY_LOG_TABLE_CONNECTION_NAME', 0, NULL);
INSERT INTO `r_job_attribute` VALUES (907, 1, 0, 'JOB_ENTRY_LOG_TABLE_SCHEMA_NAME', 0, NULL);
INSERT INTO `r_job_attribute` VALUES (908, 1, 0, 'JOB_ENTRY_LOG_TABLE_TABLE_NAME', 0, NULL);
INSERT INTO `r_job_attribute` VALUES (909, 1, 0, 'JOB_ENTRY_LOG_TABLE_TIMEOUT_IN_DAYS', 0, NULL);
INSERT INTO `r_job_attribute` VALUES (910, 1, 0, 'JOB_ENTRY_LOG_TABLE_FIELD_ID0', 0, 'ID_BATCH');
INSERT INTO `r_job_attribute` VALUES (911, 1, 0, 'JOB_ENTRY_LOG_TABLE_FIELD_NAME0', 0, 'ID_BATCH');
INSERT INTO `r_job_attribute` VALUES (912, 1, 0, 'JOB_ENTRY_LOG_TABLE_FIELD_ENABLED0', 0, 'Y');
INSERT INTO `r_job_attribute` VALUES (913, 1, 0, 'JOB_ENTRY_LOG_TABLE_FIELD_ID1', 0, 'CHANNEL_ID');
INSERT INTO `r_job_attribute` VALUES (914, 1, 0, 'JOB_ENTRY_LOG_TABLE_FIELD_NAME1', 0, 'CHANNEL_ID');
INSERT INTO `r_job_attribute` VALUES (915, 1, 0, 'JOB_ENTRY_LOG_TABLE_FIELD_ENABLED1', 0, 'Y');
INSERT INTO `r_job_attribute` VALUES (916, 1, 0, 'JOB_ENTRY_LOG_TABLE_FIELD_ID2', 0, 'LOG_DATE');
INSERT INTO `r_job_attribute` VALUES (917, 1, 0, 'JOB_ENTRY_LOG_TABLE_FIELD_NAME2', 0, 'LOG_DATE');
INSERT INTO `r_job_attribute` VALUES (918, 1, 0, 'JOB_ENTRY_LOG_TABLE_FIELD_ENABLED2', 0, 'Y');
INSERT INTO `r_job_attribute` VALUES (919, 1, 0, 'JOB_ENTRY_LOG_TABLE_FIELD_ID3', 0, 'JOBNAME');
INSERT INTO `r_job_attribute` VALUES (920, 1, 0, 'JOB_ENTRY_LOG_TABLE_FIELD_NAME3', 0, 'TRANSNAME');
INSERT INTO `r_job_attribute` VALUES (921, 1, 0, 'JOB_ENTRY_LOG_TABLE_FIELD_ENABLED3', 0, 'Y');
INSERT INTO `r_job_attribute` VALUES (922, 1, 0, 'JOB_ENTRY_LOG_TABLE_FIELD_ID4', 0, 'JOBENTRYNAME');
INSERT INTO `r_job_attribute` VALUES (923, 1, 0, 'JOB_ENTRY_LOG_TABLE_FIELD_NAME4', 0, 'STEPNAME');
INSERT INTO `r_job_attribute` VALUES (924, 1, 0, 'JOB_ENTRY_LOG_TABLE_FIELD_ENABLED4', 0, 'Y');
INSERT INTO `r_job_attribute` VALUES (925, 1, 0, 'JOB_ENTRY_LOG_TABLE_FIELD_ID5', 0, 'LINES_READ');
INSERT INTO `r_job_attribute` VALUES (926, 1, 0, 'JOB_ENTRY_LOG_TABLE_FIELD_NAME5', 0, 'LINES_READ');
INSERT INTO `r_job_attribute` VALUES (927, 1, 0, 'JOB_ENTRY_LOG_TABLE_FIELD_ENABLED5', 0, 'Y');
INSERT INTO `r_job_attribute` VALUES (928, 1, 0, 'JOB_ENTRY_LOG_TABLE_FIELD_ID6', 0, 'LINES_WRITTEN');
INSERT INTO `r_job_attribute` VALUES (929, 1, 0, 'JOB_ENTRY_LOG_TABLE_FIELD_NAME6', 0, 'LINES_WRITTEN');
INSERT INTO `r_job_attribute` VALUES (930, 1, 0, 'JOB_ENTRY_LOG_TABLE_FIELD_ENABLED6', 0, 'Y');
INSERT INTO `r_job_attribute` VALUES (931, 1, 0, 'JOB_ENTRY_LOG_TABLE_FIELD_ID7', 0, 'LINES_UPDATED');
INSERT INTO `r_job_attribute` VALUES (932, 1, 0, 'JOB_ENTRY_LOG_TABLE_FIELD_NAME7', 0, 'LINES_UPDATED');
INSERT INTO `r_job_attribute` VALUES (933, 1, 0, 'JOB_ENTRY_LOG_TABLE_FIELD_ENABLED7', 0, 'Y');
INSERT INTO `r_job_attribute` VALUES (934, 1, 0, 'JOB_ENTRY_LOG_TABLE_FIELD_ID8', 0, 'LINES_INPUT');
INSERT INTO `r_job_attribute` VALUES (935, 1, 0, 'JOB_ENTRY_LOG_TABLE_FIELD_NAME8', 0, 'LINES_INPUT');
INSERT INTO `r_job_attribute` VALUES (936, 1, 0, 'JOB_ENTRY_LOG_TABLE_FIELD_ENABLED8', 0, 'Y');
INSERT INTO `r_job_attribute` VALUES (937, 1, 0, 'JOB_ENTRY_LOG_TABLE_FIELD_ID9', 0, 'LINES_OUTPUT');
INSERT INTO `r_job_attribute` VALUES (938, 1, 0, 'JOB_ENTRY_LOG_TABLE_FIELD_NAME9', 0, 'LINES_OUTPUT');
INSERT INTO `r_job_attribute` VALUES (939, 1, 0, 'JOB_ENTRY_LOG_TABLE_FIELD_ENABLED9', 0, 'Y');
INSERT INTO `r_job_attribute` VALUES (940, 1, 0, 'JOB_ENTRY_LOG_TABLE_FIELD_ID10', 0, 'LINES_REJECTED');
INSERT INTO `r_job_attribute` VALUES (941, 1, 0, 'JOB_ENTRY_LOG_TABLE_FIELD_NAME10', 0, 'LINES_REJECTED');
INSERT INTO `r_job_attribute` VALUES (942, 1, 0, 'JOB_ENTRY_LOG_TABLE_FIELD_ENABLED10', 0, 'Y');
INSERT INTO `r_job_attribute` VALUES (943, 1, 0, 'JOB_ENTRY_LOG_TABLE_FIELD_ID11', 0, 'ERRORS');
INSERT INTO `r_job_attribute` VALUES (944, 1, 0, 'JOB_ENTRY_LOG_TABLE_FIELD_NAME11', 0, 'ERRORS');
INSERT INTO `r_job_attribute` VALUES (945, 1, 0, 'JOB_ENTRY_LOG_TABLE_FIELD_ENABLED11', 0, 'Y');
INSERT INTO `r_job_attribute` VALUES (946, 1, 0, 'JOB_ENTRY_LOG_TABLE_FIELD_ID12', 0, 'RESULT');
INSERT INTO `r_job_attribute` VALUES (947, 1, 0, 'JOB_ENTRY_LOG_TABLE_FIELD_NAME12', 0, 'RESULT');
INSERT INTO `r_job_attribute` VALUES (948, 1, 0, 'JOB_ENTRY_LOG_TABLE_FIELD_ENABLED12', 0, 'Y');
INSERT INTO `r_job_attribute` VALUES (949, 1, 0, 'JOB_ENTRY_LOG_TABLE_FIELD_ID13', 0, 'NR_RESULT_ROWS');
INSERT INTO `r_job_attribute` VALUES (950, 1, 0, 'JOB_ENTRY_LOG_TABLE_FIELD_NAME13', 0, 'NR_RESULT_ROWS');
INSERT INTO `r_job_attribute` VALUES (951, 1, 0, 'JOB_ENTRY_LOG_TABLE_FIELD_ENABLED13', 0, 'Y');
INSERT INTO `r_job_attribute` VALUES (952, 1, 0, 'JOB_ENTRY_LOG_TABLE_FIELD_ID14', 0, 'NR_RESULT_FILES');
INSERT INTO `r_job_attribute` VALUES (953, 1, 0, 'JOB_ENTRY_LOG_TABLE_FIELD_NAME14', 0, 'NR_RESULT_FILES');
INSERT INTO `r_job_attribute` VALUES (954, 1, 0, 'JOB_ENTRY_LOG_TABLE_FIELD_ENABLED14', 0, 'Y');
INSERT INTO `r_job_attribute` VALUES (955, 1, 0, 'JOB_ENTRY_LOG_TABLE_FIELD_ID15', 0, 'LOG_FIELD');
INSERT INTO `r_job_attribute` VALUES (956, 1, 0, 'JOB_ENTRY_LOG_TABLE_FIELD_NAME15', 0, 'LOG_FIELD');
INSERT INTO `r_job_attribute` VALUES (957, 1, 0, 'JOB_ENTRY_LOG_TABLE_FIELD_ENABLED15', 0, 'N');
INSERT INTO `r_job_attribute` VALUES (958, 1, 0, 'JOB_ENTRY_LOG_TABLE_FIELD_ID16', 0, 'COPY_NR');
INSERT INTO `r_job_attribute` VALUES (959, 1, 0, 'JOB_ENTRY_LOG_TABLE_FIELD_NAME16', 0, 'COPY_NR');
INSERT INTO `r_job_attribute` VALUES (960, 1, 0, 'JOB_ENTRY_LOG_TABLE_FIELD_ENABLED16', 0, 'N');
INSERT INTO `r_job_attribute` VALUES (961, 1, 0, 'CHANNEL_LOG_TABLE_CONNECTION_NAME', 0, NULL);
INSERT INTO `r_job_attribute` VALUES (962, 1, 0, 'CHANNEL_LOG_TABLE_SCHEMA_NAME', 0, NULL);
INSERT INTO `r_job_attribute` VALUES (963, 1, 0, 'CHANNEL_LOG_TABLE_TABLE_NAME', 0, NULL);
INSERT INTO `r_job_attribute` VALUES (964, 1, 0, 'CHANNEL_LOG_TABLE_TIMEOUT_IN_DAYS', 0, NULL);
INSERT INTO `r_job_attribute` VALUES (965, 1, 0, 'CHANNEL_LOG_TABLE_FIELD_ID0', 0, 'ID_BATCH');
INSERT INTO `r_job_attribute` VALUES (966, 1, 0, 'CHANNEL_LOG_TABLE_FIELD_NAME0', 0, 'ID_BATCH');
INSERT INTO `r_job_attribute` VALUES (967, 1, 0, 'CHANNEL_LOG_TABLE_FIELD_ENABLED0', 0, 'Y');
INSERT INTO `r_job_attribute` VALUES (968, 1, 0, 'CHANNEL_LOG_TABLE_FIELD_ID1', 0, 'CHANNEL_ID');
INSERT INTO `r_job_attribute` VALUES (969, 1, 0, 'CHANNEL_LOG_TABLE_FIELD_NAME1', 0, 'CHANNEL_ID');
INSERT INTO `r_job_attribute` VALUES (970, 1, 0, 'CHANNEL_LOG_TABLE_FIELD_ENABLED1', 0, 'Y');
INSERT INTO `r_job_attribute` VALUES (971, 1, 0, 'CHANNEL_LOG_TABLE_FIELD_ID2', 0, 'LOG_DATE');
INSERT INTO `r_job_attribute` VALUES (972, 1, 0, 'CHANNEL_LOG_TABLE_FIELD_NAME2', 0, 'LOG_DATE');
INSERT INTO `r_job_attribute` VALUES (973, 1, 0, 'CHANNEL_LOG_TABLE_FIELD_ENABLED2', 0, 'Y');
INSERT INTO `r_job_attribute` VALUES (974, 1, 0, 'CHANNEL_LOG_TABLE_FIELD_ID3', 0, 'LOGGING_OBJECT_TYPE');
INSERT INTO `r_job_attribute` VALUES (975, 1, 0, 'CHANNEL_LOG_TABLE_FIELD_NAME3', 0, 'LOGGING_OBJECT_TYPE');
INSERT INTO `r_job_attribute` VALUES (976, 1, 0, 'CHANNEL_LOG_TABLE_FIELD_ENABLED3', 0, 'Y');
INSERT INTO `r_job_attribute` VALUES (977, 1, 0, 'CHANNEL_LOG_TABLE_FIELD_ID4', 0, 'OBJECT_NAME');
INSERT INTO `r_job_attribute` VALUES (978, 1, 0, 'CHANNEL_LOG_TABLE_FIELD_NAME4', 0, 'OBJECT_NAME');
INSERT INTO `r_job_attribute` VALUES (979, 1, 0, 'CHANNEL_LOG_TABLE_FIELD_ENABLED4', 0, 'Y');
INSERT INTO `r_job_attribute` VALUES (980, 1, 0, 'CHANNEL_LOG_TABLE_FIELD_ID5', 0, 'OBJECT_COPY');
INSERT INTO `r_job_attribute` VALUES (981, 1, 0, 'CHANNEL_LOG_TABLE_FIELD_NAME5', 0, 'OBJECT_COPY');
INSERT INTO `r_job_attribute` VALUES (982, 1, 0, 'CHANNEL_LOG_TABLE_FIELD_ENABLED5', 0, 'Y');
INSERT INTO `r_job_attribute` VALUES (983, 1, 0, 'CHANNEL_LOG_TABLE_FIELD_ID6', 0, 'REPOSITORY_DIRECTORY');
INSERT INTO `r_job_attribute` VALUES (984, 1, 0, 'CHANNEL_LOG_TABLE_FIELD_NAME6', 0, 'REPOSITORY_DIRECTORY');
INSERT INTO `r_job_attribute` VALUES (985, 1, 0, 'CHANNEL_LOG_TABLE_FIELD_ENABLED6', 0, 'Y');
INSERT INTO `r_job_attribute` VALUES (986, 1, 0, 'CHANNEL_LOG_TABLE_FIELD_ID7', 0, 'FILENAME');
INSERT INTO `r_job_attribute` VALUES (987, 1, 0, 'CHANNEL_LOG_TABLE_FIELD_NAME7', 0, 'FILENAME');
INSERT INTO `r_job_attribute` VALUES (988, 1, 0, 'CHANNEL_LOG_TABLE_FIELD_ENABLED7', 0, 'Y');
INSERT INTO `r_job_attribute` VALUES (989, 1, 0, 'CHANNEL_LOG_TABLE_FIELD_ID8', 0, 'OBJECT_ID');
INSERT INTO `r_job_attribute` VALUES (990, 1, 0, 'CHANNEL_LOG_TABLE_FIELD_NAME8', 0, 'OBJECT_ID');
INSERT INTO `r_job_attribute` VALUES (991, 1, 0, 'CHANNEL_LOG_TABLE_FIELD_ENABLED8', 0, 'Y');
INSERT INTO `r_job_attribute` VALUES (992, 1, 0, 'CHANNEL_LOG_TABLE_FIELD_ID9', 0, 'OBJECT_REVISION');
INSERT INTO `r_job_attribute` VALUES (993, 1, 0, 'CHANNEL_LOG_TABLE_FIELD_NAME9', 0, 'OBJECT_REVISION');
INSERT INTO `r_job_attribute` VALUES (994, 1, 0, 'CHANNEL_LOG_TABLE_FIELD_ENABLED9', 0, 'Y');
INSERT INTO `r_job_attribute` VALUES (995, 1, 0, 'CHANNEL_LOG_TABLE_FIELD_ID10', 0, 'PARENT_CHANNEL_ID');
INSERT INTO `r_job_attribute` VALUES (996, 1, 0, 'CHANNEL_LOG_TABLE_FIELD_NAME10', 0, 'PARENT_CHANNEL_ID');
INSERT INTO `r_job_attribute` VALUES (997, 1, 0, 'CHANNEL_LOG_TABLE_FIELD_ENABLED10', 0, 'Y');
INSERT INTO `r_job_attribute` VALUES (998, 1, 0, 'CHANNEL_LOG_TABLE_FIELD_ID11', 0, 'ROOT_CHANNEL_ID');
INSERT INTO `r_job_attribute` VALUES (999, 1, 0, 'CHANNEL_LOG_TABLE_FIELD_NAME11', 0, 'ROOT_CHANNEL_ID');
INSERT INTO `r_job_attribute` VALUES (1000, 1, 0, 'CHANNEL_LOG_TABLE_FIELD_ENABLED11', 0, 'Y');
INSERT INTO `r_job_attribute` VALUES (1001, 1, 0, '_ATTR_	{\"_\":\"Embedded MetaStore Elements\",\"namespace\":\"pentaho\",\"type\":\"Default Run Configuration\"}	Pentaho local', 0, '{\"children\":[{\"children\":[],\"id\":\"server\",\"value\":null},{\"children\":[],\"id\":\"clustered\",\"value\":\"N\"},{\"children\":[],\"id\":\"name\",\"value\":\"Pentaho local\"},{\"children\":[],\"id\":\"description\",\"value\":null},{\"children\":[],\"id\":\"pentaho\",\"value\":\"N\"},{\"children\":[],\"id\":\"readOnly\",\"value\":\"Y\"},{\"children\":[],\"id\":\"sendResources\",\"value\":\"N\"},{\"children\":[],\"id\":\"logRemoteExecutionLocally\",\"value\":\"N\"},{\"children\":[],\"id\":\"remote\",\"value\":\"N\"},{\"children\":[],\"id\":\"local\",\"value\":\"Y\"},{\"children\":[],\"id\":\"showTransformations\",\"value\":\"N\"}],\"id\":\"Pentaho local\",\"value\":null,\"name\":\"Pentaho local\",\"owner\":null,\"ownerPermissionsList\":[]}');
INSERT INTO `r_job_attribute` VALUES (1002, 1, 0, '_ATTR_	METASTORE.pentaho	Default Run Configuration', 0, '{\"namespace\":\"pentaho\",\"id\":\"Default Run Configuration\",\"name\":\"Default Run Configuration\",\"description\":\"Defines a default run configuration\",\"metaStoreName\":null}');
INSERT INTO `r_job_attribute` VALUES (1003, 4, 0, 'LOG_SIZE_LIMIT', 0, NULL);
INSERT INTO `r_job_attribute` VALUES (1004, 4, 0, 'JOB_LOG_TABLE_CONNECTION_NAME', 0, NULL);
INSERT INTO `r_job_attribute` VALUES (1005, 4, 0, 'JOB_LOG_TABLE_SCHEMA_NAME', 0, NULL);
INSERT INTO `r_job_attribute` VALUES (1006, 4, 0, 'JOB_LOG_TABLE_TABLE_NAME', 0, NULL);
INSERT INTO `r_job_attribute` VALUES (1007, 4, 0, 'JOB_LOG_TABLE_TIMEOUT_IN_DAYS', 0, NULL);
INSERT INTO `r_job_attribute` VALUES (1008, 4, 0, 'JOB_LOG_TABLE_FIELD_ID0', 0, 'ID_JOB');
INSERT INTO `r_job_attribute` VALUES (1009, 4, 0, 'JOB_LOG_TABLE_FIELD_NAME0', 0, 'ID_JOB');
INSERT INTO `r_job_attribute` VALUES (1010, 4, 0, 'JOB_LOG_TABLE_FIELD_ENABLED0', 0, 'Y');
INSERT INTO `r_job_attribute` VALUES (1011, 4, 0, 'JOB_LOG_TABLE_FIELD_ID1', 0, 'CHANNEL_ID');
INSERT INTO `r_job_attribute` VALUES (1012, 4, 0, 'JOB_LOG_TABLE_FIELD_NAME1', 0, 'CHANNEL_ID');
INSERT INTO `r_job_attribute` VALUES (1013, 4, 0, 'JOB_LOG_TABLE_FIELD_ENABLED1', 0, 'Y');
INSERT INTO `r_job_attribute` VALUES (1014, 4, 0, 'JOB_LOG_TABLE_FIELD_ID2', 0, 'JOBNAME');
INSERT INTO `r_job_attribute` VALUES (1015, 4, 0, 'JOB_LOG_TABLE_FIELD_NAME2', 0, 'JOBNAME');
INSERT INTO `r_job_attribute` VALUES (1016, 4, 0, 'JOB_LOG_TABLE_FIELD_ENABLED2', 0, 'Y');
INSERT INTO `r_job_attribute` VALUES (1017, 4, 0, 'JOB_LOG_TABLE_FIELD_ID3', 0, 'STATUS');
INSERT INTO `r_job_attribute` VALUES (1018, 4, 0, 'JOB_LOG_TABLE_FIELD_NAME3', 0, 'STATUS');
INSERT INTO `r_job_attribute` VALUES (1019, 4, 0, 'JOB_LOG_TABLE_FIELD_ENABLED3', 0, 'Y');
INSERT INTO `r_job_attribute` VALUES (1020, 4, 0, 'JOB_LOG_TABLE_FIELD_ID4', 0, 'LINES_READ');
INSERT INTO `r_job_attribute` VALUES (1021, 4, 0, 'JOB_LOG_TABLE_FIELD_NAME4', 0, 'LINES_READ');
INSERT INTO `r_job_attribute` VALUES (1022, 4, 0, 'JOB_LOG_TABLE_FIELD_ENABLED4', 0, 'Y');
INSERT INTO `r_job_attribute` VALUES (1023, 4, 0, 'JOB_LOG_TABLE_FIELD_ID5', 0, 'LINES_WRITTEN');
INSERT INTO `r_job_attribute` VALUES (1024, 4, 0, 'JOB_LOG_TABLE_FIELD_NAME5', 0, 'LINES_WRITTEN');
INSERT INTO `r_job_attribute` VALUES (1025, 4, 0, 'JOB_LOG_TABLE_FIELD_ENABLED5', 0, 'Y');
INSERT INTO `r_job_attribute` VALUES (1026, 4, 0, 'JOB_LOG_TABLE_FIELD_ID6', 0, 'LINES_UPDATED');
INSERT INTO `r_job_attribute` VALUES (1027, 4, 0, 'JOB_LOG_TABLE_FIELD_NAME6', 0, 'LINES_UPDATED');
INSERT INTO `r_job_attribute` VALUES (1028, 4, 0, 'JOB_LOG_TABLE_FIELD_ENABLED6', 0, 'Y');
INSERT INTO `r_job_attribute` VALUES (1029, 4, 0, 'JOB_LOG_TABLE_FIELD_ID7', 0, 'LINES_INPUT');
INSERT INTO `r_job_attribute` VALUES (1030, 4, 0, 'JOB_LOG_TABLE_FIELD_NAME7', 0, 'LINES_INPUT');
INSERT INTO `r_job_attribute` VALUES (1031, 4, 0, 'JOB_LOG_TABLE_FIELD_ENABLED7', 0, 'Y');
INSERT INTO `r_job_attribute` VALUES (1032, 4, 0, 'JOB_LOG_TABLE_FIELD_ID8', 0, 'LINES_OUTPUT');
INSERT INTO `r_job_attribute` VALUES (1033, 4, 0, 'JOB_LOG_TABLE_FIELD_NAME8', 0, 'LINES_OUTPUT');
INSERT INTO `r_job_attribute` VALUES (1034, 4, 0, 'JOB_LOG_TABLE_FIELD_ENABLED8', 0, 'Y');
INSERT INTO `r_job_attribute` VALUES (1035, 4, 0, 'JOB_LOG_TABLE_FIELD_ID9', 0, 'LINES_REJECTED');
INSERT INTO `r_job_attribute` VALUES (1036, 4, 0, 'JOB_LOG_TABLE_FIELD_NAME9', 0, 'LINES_REJECTED');
INSERT INTO `r_job_attribute` VALUES (1037, 4, 0, 'JOB_LOG_TABLE_FIELD_ENABLED9', 0, 'Y');
INSERT INTO `r_job_attribute` VALUES (1038, 4, 0, 'JOB_LOG_TABLE_FIELD_ID10', 0, 'ERRORS');
INSERT INTO `r_job_attribute` VALUES (1039, 4, 0, 'JOB_LOG_TABLE_FIELD_NAME10', 0, 'ERRORS');
INSERT INTO `r_job_attribute` VALUES (1040, 4, 0, 'JOB_LOG_TABLE_FIELD_ENABLED10', 0, 'Y');
INSERT INTO `r_job_attribute` VALUES (1041, 4, 0, 'JOB_LOG_TABLE_FIELD_ID11', 0, 'STARTDATE');
INSERT INTO `r_job_attribute` VALUES (1042, 4, 0, 'JOB_LOG_TABLE_FIELD_NAME11', 0, 'STARTDATE');
INSERT INTO `r_job_attribute` VALUES (1043, 4, 0, 'JOB_LOG_TABLE_FIELD_ENABLED11', 0, 'Y');
INSERT INTO `r_job_attribute` VALUES (1044, 4, 0, 'JOB_LOG_TABLE_FIELD_ID12', 0, 'ENDDATE');
INSERT INTO `r_job_attribute` VALUES (1045, 4, 0, 'JOB_LOG_TABLE_FIELD_NAME12', 0, 'ENDDATE');
INSERT INTO `r_job_attribute` VALUES (1046, 4, 0, 'JOB_LOG_TABLE_FIELD_ENABLED12', 0, 'Y');
INSERT INTO `r_job_attribute` VALUES (1047, 4, 0, 'JOB_LOG_TABLE_FIELD_ID13', 0, 'LOGDATE');
INSERT INTO `r_job_attribute` VALUES (1048, 4, 0, 'JOB_LOG_TABLE_FIELD_NAME13', 0, 'LOGDATE');
INSERT INTO `r_job_attribute` VALUES (1049, 4, 0, 'JOB_LOG_TABLE_FIELD_ENABLED13', 0, 'Y');
INSERT INTO `r_job_attribute` VALUES (1050, 4, 0, 'JOB_LOG_TABLE_FIELD_ID14', 0, 'DEPDATE');
INSERT INTO `r_job_attribute` VALUES (1051, 4, 0, 'JOB_LOG_TABLE_FIELD_NAME14', 0, 'DEPDATE');
INSERT INTO `r_job_attribute` VALUES (1052, 4, 0, 'JOB_LOG_TABLE_FIELD_ENABLED14', 0, 'Y');
INSERT INTO `r_job_attribute` VALUES (1053, 4, 0, 'JOB_LOG_TABLE_FIELD_ID15', 0, 'REPLAYDATE');
INSERT INTO `r_job_attribute` VALUES (1054, 4, 0, 'JOB_LOG_TABLE_FIELD_NAME15', 0, 'REPLAYDATE');
INSERT INTO `r_job_attribute` VALUES (1055, 4, 0, 'JOB_LOG_TABLE_FIELD_ENABLED15', 0, 'Y');
INSERT INTO `r_job_attribute` VALUES (1056, 4, 0, 'JOB_LOG_TABLE_FIELD_ID16', 0, 'LOG_FIELD');
INSERT INTO `r_job_attribute` VALUES (1057, 4, 0, 'JOB_LOG_TABLE_FIELD_NAME16', 0, 'LOG_FIELD');
INSERT INTO `r_job_attribute` VALUES (1058, 4, 0, 'JOB_LOG_TABLE_FIELD_ENABLED16', 0, 'Y');
INSERT INTO `r_job_attribute` VALUES (1059, 4, 0, 'JOB_LOG_TABLE_FIELD_ID17', 0, 'EXECUTING_SERVER');
INSERT INTO `r_job_attribute` VALUES (1060, 4, 0, 'JOB_LOG_TABLE_FIELD_NAME17', 0, 'EXECUTING_SERVER');
INSERT INTO `r_job_attribute` VALUES (1061, 4, 0, 'JOB_LOG_TABLE_FIELD_ENABLED17', 0, 'N');
INSERT INTO `r_job_attribute` VALUES (1062, 4, 0, 'JOB_LOG_TABLE_FIELD_ID18', 0, 'EXECUTING_USER');
INSERT INTO `r_job_attribute` VALUES (1063, 4, 0, 'JOB_LOG_TABLE_FIELD_NAME18', 0, 'EXECUTING_USER');
INSERT INTO `r_job_attribute` VALUES (1064, 4, 0, 'JOB_LOG_TABLE_FIELD_ENABLED18', 0, 'N');
INSERT INTO `r_job_attribute` VALUES (1065, 4, 0, 'JOB_LOG_TABLE_FIELD_ID19', 0, 'START_JOB_ENTRY');
INSERT INTO `r_job_attribute` VALUES (1066, 4, 0, 'JOB_LOG_TABLE_FIELD_NAME19', 0, 'START_JOB_ENTRY');
INSERT INTO `r_job_attribute` VALUES (1067, 4, 0, 'JOB_LOG_TABLE_FIELD_ENABLED19', 0, 'N');
INSERT INTO `r_job_attribute` VALUES (1068, 4, 0, 'JOB_LOG_TABLE_FIELD_ID20', 0, 'CLIENT');
INSERT INTO `r_job_attribute` VALUES (1069, 4, 0, 'JOB_LOG_TABLE_FIELD_NAME20', 0, 'CLIENT');
INSERT INTO `r_job_attribute` VALUES (1070, 4, 0, 'JOB_LOG_TABLE_FIELD_ENABLED20', 0, 'N');
INSERT INTO `r_job_attribute` VALUES (1071, 4, 0, 'JOBLOG_TABLE_INTERVAL', 0, NULL);
INSERT INTO `r_job_attribute` VALUES (1072, 4, 0, 'JOBLOG_TABLE_SIZE_LIMIT', 0, NULL);
INSERT INTO `r_job_attribute` VALUES (1073, 4, 0, 'JOB_ENTRY_LOG_TABLE_CONNECTION_NAME', 0, NULL);
INSERT INTO `r_job_attribute` VALUES (1074, 4, 0, 'JOB_ENTRY_LOG_TABLE_SCHEMA_NAME', 0, NULL);
INSERT INTO `r_job_attribute` VALUES (1075, 4, 0, 'JOB_ENTRY_LOG_TABLE_TABLE_NAME', 0, NULL);
INSERT INTO `r_job_attribute` VALUES (1076, 4, 0, 'JOB_ENTRY_LOG_TABLE_TIMEOUT_IN_DAYS', 0, NULL);
INSERT INTO `r_job_attribute` VALUES (1077, 4, 0, 'JOB_ENTRY_LOG_TABLE_FIELD_ID0', 0, 'ID_BATCH');
INSERT INTO `r_job_attribute` VALUES (1078, 4, 0, 'JOB_ENTRY_LOG_TABLE_FIELD_NAME0', 0, 'ID_BATCH');
INSERT INTO `r_job_attribute` VALUES (1079, 4, 0, 'JOB_ENTRY_LOG_TABLE_FIELD_ENABLED0', 0, 'Y');
INSERT INTO `r_job_attribute` VALUES (1080, 4, 0, 'JOB_ENTRY_LOG_TABLE_FIELD_ID1', 0, 'CHANNEL_ID');
INSERT INTO `r_job_attribute` VALUES (1081, 4, 0, 'JOB_ENTRY_LOG_TABLE_FIELD_NAME1', 0, 'CHANNEL_ID');
INSERT INTO `r_job_attribute` VALUES (1082, 4, 0, 'JOB_ENTRY_LOG_TABLE_FIELD_ENABLED1', 0, 'Y');
INSERT INTO `r_job_attribute` VALUES (1083, 4, 0, 'JOB_ENTRY_LOG_TABLE_FIELD_ID2', 0, 'LOG_DATE');
INSERT INTO `r_job_attribute` VALUES (1084, 4, 0, 'JOB_ENTRY_LOG_TABLE_FIELD_NAME2', 0, 'LOG_DATE');
INSERT INTO `r_job_attribute` VALUES (1085, 4, 0, 'JOB_ENTRY_LOG_TABLE_FIELD_ENABLED2', 0, 'Y');
INSERT INTO `r_job_attribute` VALUES (1086, 4, 0, 'JOB_ENTRY_LOG_TABLE_FIELD_ID3', 0, 'JOBNAME');
INSERT INTO `r_job_attribute` VALUES (1087, 4, 0, 'JOB_ENTRY_LOG_TABLE_FIELD_NAME3', 0, 'TRANSNAME');
INSERT INTO `r_job_attribute` VALUES (1088, 4, 0, 'JOB_ENTRY_LOG_TABLE_FIELD_ENABLED3', 0, 'Y');
INSERT INTO `r_job_attribute` VALUES (1089, 4, 0, 'JOB_ENTRY_LOG_TABLE_FIELD_ID4', 0, 'JOBENTRYNAME');
INSERT INTO `r_job_attribute` VALUES (1090, 4, 0, 'JOB_ENTRY_LOG_TABLE_FIELD_NAME4', 0, 'STEPNAME');
INSERT INTO `r_job_attribute` VALUES (1091, 4, 0, 'JOB_ENTRY_LOG_TABLE_FIELD_ENABLED4', 0, 'Y');
INSERT INTO `r_job_attribute` VALUES (1092, 4, 0, 'JOB_ENTRY_LOG_TABLE_FIELD_ID5', 0, 'LINES_READ');
INSERT INTO `r_job_attribute` VALUES (1093, 4, 0, 'JOB_ENTRY_LOG_TABLE_FIELD_NAME5', 0, 'LINES_READ');
INSERT INTO `r_job_attribute` VALUES (1094, 4, 0, 'JOB_ENTRY_LOG_TABLE_FIELD_ENABLED5', 0, 'Y');
INSERT INTO `r_job_attribute` VALUES (1095, 4, 0, 'JOB_ENTRY_LOG_TABLE_FIELD_ID6', 0, 'LINES_WRITTEN');
INSERT INTO `r_job_attribute` VALUES (1096, 4, 0, 'JOB_ENTRY_LOG_TABLE_FIELD_NAME6', 0, 'LINES_WRITTEN');
INSERT INTO `r_job_attribute` VALUES (1097, 4, 0, 'JOB_ENTRY_LOG_TABLE_FIELD_ENABLED6', 0, 'Y');
INSERT INTO `r_job_attribute` VALUES (1098, 4, 0, 'JOB_ENTRY_LOG_TABLE_FIELD_ID7', 0, 'LINES_UPDATED');
INSERT INTO `r_job_attribute` VALUES (1099, 4, 0, 'JOB_ENTRY_LOG_TABLE_FIELD_NAME7', 0, 'LINES_UPDATED');
INSERT INTO `r_job_attribute` VALUES (1100, 4, 0, 'JOB_ENTRY_LOG_TABLE_FIELD_ENABLED7', 0, 'Y');
INSERT INTO `r_job_attribute` VALUES (1101, 4, 0, 'JOB_ENTRY_LOG_TABLE_FIELD_ID8', 0, 'LINES_INPUT');
INSERT INTO `r_job_attribute` VALUES (1102, 4, 0, 'JOB_ENTRY_LOG_TABLE_FIELD_NAME8', 0, 'LINES_INPUT');
INSERT INTO `r_job_attribute` VALUES (1103, 4, 0, 'JOB_ENTRY_LOG_TABLE_FIELD_ENABLED8', 0, 'Y');
INSERT INTO `r_job_attribute` VALUES (1104, 4, 0, 'JOB_ENTRY_LOG_TABLE_FIELD_ID9', 0, 'LINES_OUTPUT');
INSERT INTO `r_job_attribute` VALUES (1105, 4, 0, 'JOB_ENTRY_LOG_TABLE_FIELD_NAME9', 0, 'LINES_OUTPUT');
INSERT INTO `r_job_attribute` VALUES (1106, 4, 0, 'JOB_ENTRY_LOG_TABLE_FIELD_ENABLED9', 0, 'Y');
INSERT INTO `r_job_attribute` VALUES (1107, 4, 0, 'JOB_ENTRY_LOG_TABLE_FIELD_ID10', 0, 'LINES_REJECTED');
INSERT INTO `r_job_attribute` VALUES (1108, 4, 0, 'JOB_ENTRY_LOG_TABLE_FIELD_NAME10', 0, 'LINES_REJECTED');
INSERT INTO `r_job_attribute` VALUES (1109, 4, 0, 'JOB_ENTRY_LOG_TABLE_FIELD_ENABLED10', 0, 'Y');
INSERT INTO `r_job_attribute` VALUES (1110, 4, 0, 'JOB_ENTRY_LOG_TABLE_FIELD_ID11', 0, 'ERRORS');
INSERT INTO `r_job_attribute` VALUES (1111, 4, 0, 'JOB_ENTRY_LOG_TABLE_FIELD_NAME11', 0, 'ERRORS');
INSERT INTO `r_job_attribute` VALUES (1112, 4, 0, 'JOB_ENTRY_LOG_TABLE_FIELD_ENABLED11', 0, 'Y');
INSERT INTO `r_job_attribute` VALUES (1113, 4, 0, 'JOB_ENTRY_LOG_TABLE_FIELD_ID12', 0, 'RESULT');
INSERT INTO `r_job_attribute` VALUES (1114, 4, 0, 'JOB_ENTRY_LOG_TABLE_FIELD_NAME12', 0, 'RESULT');
INSERT INTO `r_job_attribute` VALUES (1115, 4, 0, 'JOB_ENTRY_LOG_TABLE_FIELD_ENABLED12', 0, 'Y');
INSERT INTO `r_job_attribute` VALUES (1116, 4, 0, 'JOB_ENTRY_LOG_TABLE_FIELD_ID13', 0, 'NR_RESULT_ROWS');
INSERT INTO `r_job_attribute` VALUES (1117, 4, 0, 'JOB_ENTRY_LOG_TABLE_FIELD_NAME13', 0, 'NR_RESULT_ROWS');
INSERT INTO `r_job_attribute` VALUES (1118, 4, 0, 'JOB_ENTRY_LOG_TABLE_FIELD_ENABLED13', 0, 'Y');
INSERT INTO `r_job_attribute` VALUES (1119, 4, 0, 'JOB_ENTRY_LOG_TABLE_FIELD_ID14', 0, 'NR_RESULT_FILES');
INSERT INTO `r_job_attribute` VALUES (1120, 4, 0, 'JOB_ENTRY_LOG_TABLE_FIELD_NAME14', 0, 'NR_RESULT_FILES');
INSERT INTO `r_job_attribute` VALUES (1121, 4, 0, 'JOB_ENTRY_LOG_TABLE_FIELD_ENABLED14', 0, 'Y');
INSERT INTO `r_job_attribute` VALUES (1122, 4, 0, 'JOB_ENTRY_LOG_TABLE_FIELD_ID15', 0, 'LOG_FIELD');
INSERT INTO `r_job_attribute` VALUES (1123, 4, 0, 'JOB_ENTRY_LOG_TABLE_FIELD_NAME15', 0, 'LOG_FIELD');
INSERT INTO `r_job_attribute` VALUES (1124, 4, 0, 'JOB_ENTRY_LOG_TABLE_FIELD_ENABLED15', 0, 'N');
INSERT INTO `r_job_attribute` VALUES (1125, 4, 0, 'JOB_ENTRY_LOG_TABLE_FIELD_ID16', 0, 'COPY_NR');
INSERT INTO `r_job_attribute` VALUES (1126, 4, 0, 'JOB_ENTRY_LOG_TABLE_FIELD_NAME16', 0, 'COPY_NR');
INSERT INTO `r_job_attribute` VALUES (1127, 4, 0, 'JOB_ENTRY_LOG_TABLE_FIELD_ENABLED16', 0, 'N');
INSERT INTO `r_job_attribute` VALUES (1128, 4, 0, 'CHANNEL_LOG_TABLE_CONNECTION_NAME', 0, NULL);
INSERT INTO `r_job_attribute` VALUES (1129, 4, 0, 'CHANNEL_LOG_TABLE_SCHEMA_NAME', 0, NULL);
INSERT INTO `r_job_attribute` VALUES (1130, 4, 0, 'CHANNEL_LOG_TABLE_TABLE_NAME', 0, NULL);
INSERT INTO `r_job_attribute` VALUES (1131, 4, 0, 'CHANNEL_LOG_TABLE_TIMEOUT_IN_DAYS', 0, NULL);
INSERT INTO `r_job_attribute` VALUES (1132, 4, 0, 'CHANNEL_LOG_TABLE_FIELD_ID0', 0, 'ID_BATCH');
INSERT INTO `r_job_attribute` VALUES (1133, 4, 0, 'CHANNEL_LOG_TABLE_FIELD_NAME0', 0, 'ID_BATCH');
INSERT INTO `r_job_attribute` VALUES (1134, 4, 0, 'CHANNEL_LOG_TABLE_FIELD_ENABLED0', 0, 'Y');
INSERT INTO `r_job_attribute` VALUES (1135, 4, 0, 'CHANNEL_LOG_TABLE_FIELD_ID1', 0, 'CHANNEL_ID');
INSERT INTO `r_job_attribute` VALUES (1136, 4, 0, 'CHANNEL_LOG_TABLE_FIELD_NAME1', 0, 'CHANNEL_ID');
INSERT INTO `r_job_attribute` VALUES (1137, 4, 0, 'CHANNEL_LOG_TABLE_FIELD_ENABLED1', 0, 'Y');
INSERT INTO `r_job_attribute` VALUES (1138, 4, 0, 'CHANNEL_LOG_TABLE_FIELD_ID2', 0, 'LOG_DATE');
INSERT INTO `r_job_attribute` VALUES (1139, 4, 0, 'CHANNEL_LOG_TABLE_FIELD_NAME2', 0, 'LOG_DATE');
INSERT INTO `r_job_attribute` VALUES (1140, 4, 0, 'CHANNEL_LOG_TABLE_FIELD_ENABLED2', 0, 'Y');
INSERT INTO `r_job_attribute` VALUES (1141, 4, 0, 'CHANNEL_LOG_TABLE_FIELD_ID3', 0, 'LOGGING_OBJECT_TYPE');
INSERT INTO `r_job_attribute` VALUES (1142, 4, 0, 'CHANNEL_LOG_TABLE_FIELD_NAME3', 0, 'LOGGING_OBJECT_TYPE');
INSERT INTO `r_job_attribute` VALUES (1143, 4, 0, 'CHANNEL_LOG_TABLE_FIELD_ENABLED3', 0, 'Y');
INSERT INTO `r_job_attribute` VALUES (1144, 4, 0, 'CHANNEL_LOG_TABLE_FIELD_ID4', 0, 'OBJECT_NAME');
INSERT INTO `r_job_attribute` VALUES (1145, 4, 0, 'CHANNEL_LOG_TABLE_FIELD_NAME4', 0, 'OBJECT_NAME');
INSERT INTO `r_job_attribute` VALUES (1146, 4, 0, 'CHANNEL_LOG_TABLE_FIELD_ENABLED4', 0, 'Y');
INSERT INTO `r_job_attribute` VALUES (1147, 4, 0, 'CHANNEL_LOG_TABLE_FIELD_ID5', 0, 'OBJECT_COPY');
INSERT INTO `r_job_attribute` VALUES (1148, 4, 0, 'CHANNEL_LOG_TABLE_FIELD_NAME5', 0, 'OBJECT_COPY');
INSERT INTO `r_job_attribute` VALUES (1149, 4, 0, 'CHANNEL_LOG_TABLE_FIELD_ENABLED5', 0, 'Y');
INSERT INTO `r_job_attribute` VALUES (1150, 4, 0, 'CHANNEL_LOG_TABLE_FIELD_ID6', 0, 'REPOSITORY_DIRECTORY');
INSERT INTO `r_job_attribute` VALUES (1151, 4, 0, 'CHANNEL_LOG_TABLE_FIELD_NAME6', 0, 'REPOSITORY_DIRECTORY');
INSERT INTO `r_job_attribute` VALUES (1152, 4, 0, 'CHANNEL_LOG_TABLE_FIELD_ENABLED6', 0, 'Y');
INSERT INTO `r_job_attribute` VALUES (1153, 4, 0, 'CHANNEL_LOG_TABLE_FIELD_ID7', 0, 'FILENAME');
INSERT INTO `r_job_attribute` VALUES (1154, 4, 0, 'CHANNEL_LOG_TABLE_FIELD_NAME7', 0, 'FILENAME');
INSERT INTO `r_job_attribute` VALUES (1155, 4, 0, 'CHANNEL_LOG_TABLE_FIELD_ENABLED7', 0, 'Y');
INSERT INTO `r_job_attribute` VALUES (1156, 4, 0, 'CHANNEL_LOG_TABLE_FIELD_ID8', 0, 'OBJECT_ID');
INSERT INTO `r_job_attribute` VALUES (1157, 4, 0, 'CHANNEL_LOG_TABLE_FIELD_NAME8', 0, 'OBJECT_ID');
INSERT INTO `r_job_attribute` VALUES (1158, 4, 0, 'CHANNEL_LOG_TABLE_FIELD_ENABLED8', 0, 'Y');
INSERT INTO `r_job_attribute` VALUES (1159, 4, 0, 'CHANNEL_LOG_TABLE_FIELD_ID9', 0, 'OBJECT_REVISION');
INSERT INTO `r_job_attribute` VALUES (1160, 4, 0, 'CHANNEL_LOG_TABLE_FIELD_NAME9', 0, 'OBJECT_REVISION');
INSERT INTO `r_job_attribute` VALUES (1161, 4, 0, 'CHANNEL_LOG_TABLE_FIELD_ENABLED9', 0, 'Y');
INSERT INTO `r_job_attribute` VALUES (1162, 4, 0, 'CHANNEL_LOG_TABLE_FIELD_ID10', 0, 'PARENT_CHANNEL_ID');
INSERT INTO `r_job_attribute` VALUES (1163, 4, 0, 'CHANNEL_LOG_TABLE_FIELD_NAME10', 0, 'PARENT_CHANNEL_ID');
INSERT INTO `r_job_attribute` VALUES (1164, 4, 0, 'CHANNEL_LOG_TABLE_FIELD_ENABLED10', 0, 'Y');
INSERT INTO `r_job_attribute` VALUES (1165, 4, 0, 'CHANNEL_LOG_TABLE_FIELD_ID11', 0, 'ROOT_CHANNEL_ID');
INSERT INTO `r_job_attribute` VALUES (1166, 4, 0, 'CHANNEL_LOG_TABLE_FIELD_NAME11', 0, 'ROOT_CHANNEL_ID');
INSERT INTO `r_job_attribute` VALUES (1167, 4, 0, 'CHANNEL_LOG_TABLE_FIELD_ENABLED11', 0, 'Y');
INSERT INTO `r_job_attribute` VALUES (1168, 4, 0, '_ATTR_	{\"_\":\"Embedded MetaStore Elements\",\"namespace\":\"pentaho\",\"type\":\"Default Run Configuration\"}	Pentaho local', 0, '{\"children\":[{\"children\":[],\"id\":\"server\",\"value\":null},{\"children\":[],\"id\":\"clustered\",\"value\":\"N\"},{\"children\":[],\"id\":\"name\",\"value\":\"Pentaho local\"},{\"children\":[],\"id\":\"description\",\"value\":null},{\"children\":[],\"id\":\"pentaho\",\"value\":\"N\"},{\"children\":[],\"id\":\"readOnly\",\"value\":\"Y\"},{\"children\":[],\"id\":\"sendResources\",\"value\":\"N\"},{\"children\":[],\"id\":\"logRemoteExecutionLocally\",\"value\":\"N\"},{\"children\":[],\"id\":\"remote\",\"value\":\"N\"},{\"children\":[],\"id\":\"local\",\"value\":\"Y\"},{\"children\":[],\"id\":\"showTransformations\",\"value\":\"N\"}],\"id\":\"Pentaho local\",\"value\":null,\"name\":\"Pentaho local\",\"owner\":null,\"ownerPermissionsList\":[]}');
INSERT INTO `r_job_attribute` VALUES (1169, 4, 0, '_ATTR_	METASTORE.pentaho	Default Run Configuration', 0, '{\"namespace\":\"pentaho\",\"id\":\"Default Run Configuration\",\"name\":\"Default Run Configuration\",\"description\":\"Defines a default run configuration\",\"metaStoreName\":null}');

-- ----------------------------
-- Table structure for r_job_hop
-- ----------------------------
DROP TABLE IF EXISTS `r_job_hop`;
CREATE TABLE `r_job_hop`  (
  `ID_JOB_HOP` bigint(20) NOT NULL,
  `ID_JOB` int(11) NULL DEFAULT NULL,
  `ID_JOBENTRY_COPY_FROM` int(11) NULL DEFAULT NULL,
  `ID_JOBENTRY_COPY_TO` int(11) NULL DEFAULT NULL,
  `ENABLED` tinyint(1) NULL DEFAULT NULL,
  `EVALUATION` tinyint(1) NULL DEFAULT NULL,
  `UNCONDITIONAL` tinyint(1) NULL DEFAULT NULL,
  PRIMARY KEY (`ID_JOB_HOP`) USING BTREE
) ENGINE = InnoDB CHARACTER SET = utf8 COLLATE = utf8_general_ci ROW_FORMAT = Dynamic;

-- ----------------------------
-- Records of r_job_hop
-- ----------------------------
INSERT INTO `r_job_hop` VALUES (10, 2, 13, 14, 1, 1, 1);
INSERT INTO `r_job_hop` VALUES (11, 2, 14, 15, 1, 1, 0);
INSERT INTO `r_job_hop` VALUES (12, 2, 15, 16, 1, 1, 0);
INSERT INTO `r_job_hop` VALUES (13, 3, 19, 18, 1, 1, 0);
INSERT INTO `r_job_hop` VALUES (14, 3, 17, 20, 1, 1, 1);
INSERT INTO `r_job_hop` VALUES (15, 3, 20, 19, 1, 1, 0);
INSERT INTO `r_job_hop` VALUES (16, 1, 21, 22, 0, 1, 1);
INSERT INTO `r_job_hop` VALUES (17, 1, 22, 23, 1, 1, 0);
INSERT INTO `r_job_hop` VALUES (18, 1, 23, 24, 1, 1, 0);
INSERT INTO `r_job_hop` VALUES (19, 4, 25, 26, 1, 1, 1);
INSERT INTO `r_job_hop` VALUES (20, 4, 26, 27, 1, 1, 0);
INSERT INTO `r_job_hop` VALUES (21, 4, 27, 28, 1, 1, 0);
INSERT INTO `r_job_hop` VALUES (22, 4, 28, 29, 1, 1, 0);

-- ----------------------------
-- Table structure for r_job_lock
-- ----------------------------
DROP TABLE IF EXISTS `r_job_lock`;
CREATE TABLE `r_job_lock`  (
  `ID_JOB_LOCK` bigint(20) NOT NULL,
  `ID_JOB` int(11) NULL DEFAULT NULL,
  `ID_USER` int(11) NULL DEFAULT NULL,
  `LOCK_MESSAGE` mediumtext CHARACTER SET utf8 COLLATE utf8_general_ci NULL,
  `LOCK_DATE` datetime(0) NULL DEFAULT NULL,
  PRIMARY KEY (`ID_JOB_LOCK`) USING BTREE
) ENGINE = InnoDB CHARACTER SET = utf8 COLLATE = utf8_general_ci ROW_FORMAT = Dynamic;

-- ----------------------------
-- Table structure for r_job_note
-- ----------------------------
DROP TABLE IF EXISTS `r_job_note`;
CREATE TABLE `r_job_note`  (
  `ID_JOB` int(11) NULL DEFAULT NULL,
  `ID_NOTE` int(11) NULL DEFAULT NULL
) ENGINE = InnoDB CHARACTER SET = utf8 COLLATE = utf8_general_ci ROW_FORMAT = Dynamic;

-- ----------------------------
-- Table structure for r_jobentry
-- ----------------------------
DROP TABLE IF EXISTS `r_jobentry`;
CREATE TABLE `r_jobentry`  (
  `ID_JOBENTRY` bigint(20) NOT NULL,
  `ID_JOB` int(11) NULL DEFAULT NULL,
  `ID_JOBENTRY_TYPE` int(11) NULL DEFAULT NULL,
  `NAME` varchar(255) CHARACTER SET utf8 COLLATE utf8_general_ci NULL DEFAULT NULL,
  `DESCRIPTION` mediumtext CHARACTER SET utf8 COLLATE utf8_general_ci NULL,
  PRIMARY KEY (`ID_JOBENTRY`) USING BTREE
) ENGINE = InnoDB CHARACTER SET = utf8 COLLATE = utf8_general_ci ROW_FORMAT = Dynamic;

-- ----------------------------
-- Records of r_jobentry
-- ----------------------------
INSERT INTO `r_jobentry` VALUES (13, 2, 75, 'Start', NULL);
INSERT INTO `r_jobentry` VALUES (14, 2, 88, '获取ftp信息', NULL);
INSERT INTO `r_jobentry` VALUES (15, 2, 31, 'SFTP 下载', NULL);
INSERT INTO `r_jobentry` VALUES (16, 2, 60, '成功', NULL);
INSERT INTO `r_jobentry` VALUES (17, 3, 75, 'Start', NULL);
INSERT INTO `r_jobentry` VALUES (18, 3, 60, '成功', NULL);
INSERT INTO `r_jobentry` VALUES (19, 3, 30, 'SFTP 上传', NULL);
INSERT INTO `r_jobentry` VALUES (20, 3, 88, '获取ftp信息', NULL);
INSERT INTO `r_jobentry` VALUES (21, 1, 75, 'Start', NULL);
INSERT INTO `r_jobentry` VALUES (22, 1, 88, '获取表名', NULL);
INSERT INTO `r_jobentry` VALUES (23, 1, 88, '表同步', NULL);
INSERT INTO `r_jobentry` VALUES (24, 1, 60, '成功', NULL);
INSERT INTO `r_jobentry` VALUES (25, 4, 75, 'Start', NULL);
INSERT INTO `r_jobentry` VALUES (26, 4, 88, '取表名', NULL);
INSERT INTO `r_jobentry` VALUES (27, 4, 88, '设置表名变量', NULL);
INSERT INTO `r_jobentry` VALUES (28, 4, 88, '同步表数据', NULL);
INSERT INTO `r_jobentry` VALUES (29, 4, 60, '成功', NULL);

-- ----------------------------
-- Table structure for r_jobentry_attribute
-- ----------------------------
DROP TABLE IF EXISTS `r_jobentry_attribute`;
CREATE TABLE `r_jobentry_attribute`  (
  `ID_JOBENTRY_ATTRIBUTE` bigint(20) NOT NULL,
  `ID_JOB` int(11) NULL DEFAULT NULL,
  `ID_JOBENTRY` int(11) NULL DEFAULT NULL,
  `NR` int(11) NULL DEFAULT NULL,
  `CODE` varchar(255) CHARACTER SET utf8 COLLATE utf8_general_ci NULL DEFAULT NULL,
  `VALUE_NUM` double NULL DEFAULT NULL,
  `VALUE_STR` mediumtext CHARACTER SET utf8 COLLATE utf8_general_ci NULL,
  PRIMARY KEY (`ID_JOBENTRY_ATTRIBUTE`) USING BTREE,
  UNIQUE INDEX `IDX_RJEA`(`ID_JOBENTRY_ATTRIBUTE`, `CODE`, `NR`) USING BTREE
) ENGINE = InnoDB CHARACTER SET = utf8 COLLATE = utf8_general_ci ROW_FORMAT = Dynamic;

-- ----------------------------
-- Records of r_jobentry_attribute
-- ----------------------------
INSERT INTO `r_jobentry_attribute` VALUES (178, 2, 13, 0, 'start', 0, 'Y');
INSERT INTO `r_jobentry_attribute` VALUES (179, 2, 13, 0, 'dummy', 0, 'N');
INSERT INTO `r_jobentry_attribute` VALUES (180, 2, 13, 0, 'repeat', 0, 'N');
INSERT INTO `r_jobentry_attribute` VALUES (181, 2, 13, 0, 'schedulerType', 0, NULL);
INSERT INTO `r_jobentry_attribute` VALUES (182, 2, 13, 0, 'intervalSeconds', 0, NULL);
INSERT INTO `r_jobentry_attribute` VALUES (183, 2, 13, 0, 'intervalMinutes', 60, NULL);
INSERT INTO `r_jobentry_attribute` VALUES (184, 2, 13, 0, 'hour', 12, NULL);
INSERT INTO `r_jobentry_attribute` VALUES (185, 2, 13, 0, 'minutes', 0, NULL);
INSERT INTO `r_jobentry_attribute` VALUES (186, 2, 13, 0, 'weekDay', 1, NULL);
INSERT INTO `r_jobentry_attribute` VALUES (187, 2, 13, 0, 'dayOfMonth', 1, NULL);
INSERT INTO `r_jobentry_attribute` VALUES (188, 2, 14, 0, 'specification_method', 0, 'rep_name');
INSERT INTO `r_jobentry_attribute` VALUES (189, 2, 14, 0, 'trans_object_id', 0, NULL);
INSERT INTO `r_jobentry_attribute` VALUES (190, 2, 14, 0, 'name', 0, '获取ftp信息转换');
INSERT INTO `r_jobentry_attribute` VALUES (191, 2, 14, 0, 'dir_path', 0, '/');
INSERT INTO `r_jobentry_attribute` VALUES (192, 2, 14, 0, 'file_name', 0, NULL);
INSERT INTO `r_jobentry_attribute` VALUES (193, 2, 14, 0, 'arg_from_previous', 0, 'N');
INSERT INTO `r_jobentry_attribute` VALUES (194, 2, 14, 0, 'params_from_previous', 0, 'N');
INSERT INTO `r_jobentry_attribute` VALUES (195, 2, 14, 0, 'exec_per_row', 0, 'N');
INSERT INTO `r_jobentry_attribute` VALUES (196, 2, 14, 0, 'clear_rows', 0, 'N');
INSERT INTO `r_jobentry_attribute` VALUES (197, 2, 14, 0, 'clear_files', 0, 'N');
INSERT INTO `r_jobentry_attribute` VALUES (198, 2, 14, 0, 'set_logfile', 0, 'N');
INSERT INTO `r_jobentry_attribute` VALUES (199, 2, 14, 0, 'add_date', 0, 'N');
INSERT INTO `r_jobentry_attribute` VALUES (200, 2, 14, 0, 'add_time', 0, 'N');
INSERT INTO `r_jobentry_attribute` VALUES (201, 2, 14, 0, 'logfile', 0, NULL);
INSERT INTO `r_jobentry_attribute` VALUES (202, 2, 14, 0, 'logext', 0, NULL);
INSERT INTO `r_jobentry_attribute` VALUES (203, 2, 14, 0, 'loglevel', 0, 'Basic');
INSERT INTO `r_jobentry_attribute` VALUES (204, 2, 14, 0, 'cluster', 0, 'N');
INSERT INTO `r_jobentry_attribute` VALUES (205, 2, 14, 0, 'slave_server_name', 0, NULL);
INSERT INTO `r_jobentry_attribute` VALUES (206, 2, 14, 0, 'set_append_logfile', 0, 'N');
INSERT INTO `r_jobentry_attribute` VALUES (207, 2, 14, 0, 'wait_until_finished', 0, 'Y');
INSERT INTO `r_jobentry_attribute` VALUES (208, 2, 14, 0, 'follow_abort_remote', 0, 'N');
INSERT INTO `r_jobentry_attribute` VALUES (209, 2, 14, 0, 'create_parent_folder', 0, 'N');
INSERT INTO `r_jobentry_attribute` VALUES (210, 2, 14, 0, 'logging_remote_work', 0, 'N');
INSERT INTO `r_jobentry_attribute` VALUES (211, 2, 14, 0, 'run_configuration', 0, 'Pentaho local');
INSERT INTO `r_jobentry_attribute` VALUES (212, 2, 14, 0, 'pass_all_parameters', 0, 'Y');
INSERT INTO `r_jobentry_attribute` VALUES (213, 2, 15, 0, 'servername', 0, '${SFTPIP}');
INSERT INTO `r_jobentry_attribute` VALUES (214, 2, 15, 0, 'serverport', 0, '${SFTPPORT}');
INSERT INTO `r_jobentry_attribute` VALUES (215, 2, 15, 0, 'username', 0, '${SFTPUSER}');
INSERT INTO `r_jobentry_attribute` VALUES (216, 2, 15, 0, 'password', 0, 'Encrypted 2be98afc86aa7a28dae0aaf64fec3fd89');
INSERT INTO `r_jobentry_attribute` VALUES (217, 2, 15, 0, 'sftpdirectory', 0, '${REMOTE_FILEPATH}');
INSERT INTO `r_jobentry_attribute` VALUES (218, 2, 15, 0, 'targetdirectory', 0, '${LOCAL_FILEPATH}');
INSERT INTO `r_jobentry_attribute` VALUES (219, 2, 15, 0, 'wildcard', 0, NULL);
INSERT INTO `r_jobentry_attribute` VALUES (220, 2, 15, 0, 'remove', 0, 'N');
INSERT INTO `r_jobentry_attribute` VALUES (221, 2, 15, 0, 'isaddresult', 0, 'Y');
INSERT INTO `r_jobentry_attribute` VALUES (222, 2, 15, 0, 'createtargetfolder', 0, 'N');
INSERT INTO `r_jobentry_attribute` VALUES (223, 2, 15, 0, 'copyprevious', 0, 'N');
INSERT INTO `r_jobentry_attribute` VALUES (224, 2, 15, 0, 'usekeyfilename', 0, 'N');
INSERT INTO `r_jobentry_attribute` VALUES (225, 2, 15, 0, 'keyfilename', 0, NULL);
INSERT INTO `r_jobentry_attribute` VALUES (226, 2, 15, 0, 'keyfilepass', 0, 'Encrypted ');
INSERT INTO `r_jobentry_attribute` VALUES (227, 2, 15, 0, 'compression', 0, 'none');
INSERT INTO `r_jobentry_attribute` VALUES (228, 2, 15, 0, 'proxyType', 0, NULL);
INSERT INTO `r_jobentry_attribute` VALUES (229, 2, 15, 0, 'proxyHost', 0, NULL);
INSERT INTO `r_jobentry_attribute` VALUES (230, 2, 15, 0, 'proxyPort', 0, NULL);
INSERT INTO `r_jobentry_attribute` VALUES (231, 2, 15, 0, 'proxyUsername', 0, NULL);
INSERT INTO `r_jobentry_attribute` VALUES (232, 2, 15, 0, 'proxyPassword', 0, 'Encrypted ');
INSERT INTO `r_jobentry_attribute` VALUES (233, 3, 17, 0, 'start', 0, 'Y');
INSERT INTO `r_jobentry_attribute` VALUES (234, 3, 17, 0, 'dummy', 0, 'N');
INSERT INTO `r_jobentry_attribute` VALUES (235, 3, 17, 0, 'repeat', 0, 'N');
INSERT INTO `r_jobentry_attribute` VALUES (236, 3, 17, 0, 'schedulerType', 0, NULL);
INSERT INTO `r_jobentry_attribute` VALUES (237, 3, 17, 0, 'intervalSeconds', 0, NULL);
INSERT INTO `r_jobentry_attribute` VALUES (238, 3, 17, 0, 'intervalMinutes', 60, NULL);
INSERT INTO `r_jobentry_attribute` VALUES (239, 3, 17, 0, 'hour', 12, NULL);
INSERT INTO `r_jobentry_attribute` VALUES (240, 3, 17, 0, 'minutes', 0, NULL);
INSERT INTO `r_jobentry_attribute` VALUES (241, 3, 17, 0, 'weekDay', 1, NULL);
INSERT INTO `r_jobentry_attribute` VALUES (242, 3, 17, 0, 'dayOfMonth', 1, NULL);
INSERT INTO `r_jobentry_attribute` VALUES (243, 3, 19, 0, 'servername', 0, '${SFTPIP}');
INSERT INTO `r_jobentry_attribute` VALUES (244, 3, 19, 0, 'serverport', 0, '${SFTPPORT}');
INSERT INTO `r_jobentry_attribute` VALUES (245, 3, 19, 0, 'username', 0, '${SFTPUSER}');
INSERT INTO `r_jobentry_attribute` VALUES (246, 3, 19, 0, 'password', 0, 'Encrypted 2be98afc86aa7a28dae0aaf64fec3fd89');
INSERT INTO `r_jobentry_attribute` VALUES (247, 3, 19, 0, 'sftpdirectory', 0, '${REMOTE_FILEPATH}');
INSERT INTO `r_jobentry_attribute` VALUES (248, 3, 19, 0, 'localdirectory', 0, '${LOCAL_FILEPATH}');
INSERT INTO `r_jobentry_attribute` VALUES (249, 3, 19, 0, 'wildcard', 0, NULL);
INSERT INTO `r_jobentry_attribute` VALUES (250, 3, 19, 0, 'copyprevious', 0, 'N');
INSERT INTO `r_jobentry_attribute` VALUES (251, 3, 19, 0, 'copypreviousfiles', 0, 'N');
INSERT INTO `r_jobentry_attribute` VALUES (252, 3, 19, 0, 'addFilenameResut', 0, 'N');
INSERT INTO `r_jobentry_attribute` VALUES (253, 3, 19, 0, 'usekeyfilename', 0, 'N');
INSERT INTO `r_jobentry_attribute` VALUES (254, 3, 19, 0, 'keyfilename', 0, NULL);
INSERT INTO `r_jobentry_attribute` VALUES (255, 3, 19, 0, 'keyfilepass', 0, 'Encrypted ');
INSERT INTO `r_jobentry_attribute` VALUES (256, 3, 19, 0, 'compression', 0, 'none');
INSERT INTO `r_jobentry_attribute` VALUES (257, 3, 19, 0, 'proxyType', 0, NULL);
INSERT INTO `r_jobentry_attribute` VALUES (258, 3, 19, 0, 'proxyHost', 0, NULL);
INSERT INTO `r_jobentry_attribute` VALUES (259, 3, 19, 0, 'proxyPort', 0, NULL);
INSERT INTO `r_jobentry_attribute` VALUES (260, 3, 19, 0, 'proxyUsername', 0, NULL);
INSERT INTO `r_jobentry_attribute` VALUES (261, 3, 19, 0, 'proxyPassword', 0, 'Encrypted ');
INSERT INTO `r_jobentry_attribute` VALUES (262, 3, 19, 0, 'aftersftpput', 0, 'nothing');
INSERT INTO `r_jobentry_attribute` VALUES (263, 3, 19, 0, 'createRemoteFolder', 0, 'N');
INSERT INTO `r_jobentry_attribute` VALUES (264, 3, 19, 0, 'destinationfolder', 0, NULL);
INSERT INTO `r_jobentry_attribute` VALUES (265, 3, 19, 0, 'createdestinationfolder', 0, 'N');
INSERT INTO `r_jobentry_attribute` VALUES (266, 3, 19, 0, 'successWhenNoFile', 0, 'N');
INSERT INTO `r_jobentry_attribute` VALUES (267, 3, 20, 0, 'specification_method', 0, 'rep_name');
INSERT INTO `r_jobentry_attribute` VALUES (268, 3, 20, 0, 'trans_object_id', 0, NULL);
INSERT INTO `r_jobentry_attribute` VALUES (269, 3, 20, 0, 'name', 0, '获取ftp信息转换');
INSERT INTO `r_jobentry_attribute` VALUES (270, 3, 20, 0, 'dir_path', 0, '/');
INSERT INTO `r_jobentry_attribute` VALUES (271, 3, 20, 0, 'file_name', 0, NULL);
INSERT INTO `r_jobentry_attribute` VALUES (272, 3, 20, 0, 'arg_from_previous', 0, 'N');
INSERT INTO `r_jobentry_attribute` VALUES (273, 3, 20, 0, 'params_from_previous', 0, 'N');
INSERT INTO `r_jobentry_attribute` VALUES (274, 3, 20, 0, 'exec_per_row', 0, 'N');
INSERT INTO `r_jobentry_attribute` VALUES (275, 3, 20, 0, 'clear_rows', 0, 'N');
INSERT INTO `r_jobentry_attribute` VALUES (276, 3, 20, 0, 'clear_files', 0, 'N');
INSERT INTO `r_jobentry_attribute` VALUES (277, 3, 20, 0, 'set_logfile', 0, 'N');
INSERT INTO `r_jobentry_attribute` VALUES (278, 3, 20, 0, 'add_date', 0, 'N');
INSERT INTO `r_jobentry_attribute` VALUES (279, 3, 20, 0, 'add_time', 0, 'N');
INSERT INTO `r_jobentry_attribute` VALUES (280, 3, 20, 0, 'logfile', 0, NULL);
INSERT INTO `r_jobentry_attribute` VALUES (281, 3, 20, 0, 'logext', 0, NULL);
INSERT INTO `r_jobentry_attribute` VALUES (282, 3, 20, 0, 'loglevel', 0, 'Basic');
INSERT INTO `r_jobentry_attribute` VALUES (283, 3, 20, 0, 'cluster', 0, 'N');
INSERT INTO `r_jobentry_attribute` VALUES (284, 3, 20, 0, 'slave_server_name', 0, NULL);
INSERT INTO `r_jobentry_attribute` VALUES (285, 3, 20, 0, 'set_append_logfile', 0, 'N');
INSERT INTO `r_jobentry_attribute` VALUES (286, 3, 20, 0, 'wait_until_finished', 0, 'Y');
INSERT INTO `r_jobentry_attribute` VALUES (287, 3, 20, 0, 'follow_abort_remote', 0, 'N');
INSERT INTO `r_jobentry_attribute` VALUES (288, 3, 20, 0, 'create_parent_folder', 0, 'N');
INSERT INTO `r_jobentry_attribute` VALUES (289, 3, 20, 0, 'logging_remote_work', 0, 'N');
INSERT INTO `r_jobentry_attribute` VALUES (290, 3, 20, 0, 'run_configuration', 0, 'Pentaho local');
INSERT INTO `r_jobentry_attribute` VALUES (291, 3, 20, 0, 'pass_all_parameters', 0, 'Y');
INSERT INTO `r_jobentry_attribute` VALUES (292, 1, 21, 0, 'start', 0, 'Y');
INSERT INTO `r_jobentry_attribute` VALUES (293, 1, 21, 0, 'dummy', 0, 'N');
INSERT INTO `r_jobentry_attribute` VALUES (294, 1, 21, 0, 'repeat', 0, 'N');
INSERT INTO `r_jobentry_attribute` VALUES (295, 1, 21, 0, 'schedulerType', 0, NULL);
INSERT INTO `r_jobentry_attribute` VALUES (296, 1, 21, 0, 'intervalSeconds', 0, NULL);
INSERT INTO `r_jobentry_attribute` VALUES (297, 1, 21, 0, 'intervalMinutes', 60, NULL);
INSERT INTO `r_jobentry_attribute` VALUES (298, 1, 21, 0, 'hour', 12, NULL);
INSERT INTO `r_jobentry_attribute` VALUES (299, 1, 21, 0, 'minutes', 0, NULL);
INSERT INTO `r_jobentry_attribute` VALUES (300, 1, 21, 0, 'weekDay', 1, NULL);
INSERT INTO `r_jobentry_attribute` VALUES (301, 1, 21, 0, 'dayOfMonth', 1, NULL);
INSERT INTO `r_jobentry_attribute` VALUES (302, 1, 22, 0, 'specification_method', 0, 'rep_name');
INSERT INTO `r_jobentry_attribute` VALUES (303, 1, 22, 0, 'trans_object_id', 0, NULL);
INSERT INTO `r_jobentry_attribute` VALUES (304, 1, 22, 0, 'name', 0, '设置表名');
INSERT INTO `r_jobentry_attribute` VALUES (305, 1, 22, 0, 'dir_path', 0, '/');
INSERT INTO `r_jobentry_attribute` VALUES (306, 1, 22, 0, 'file_name', 0, NULL);
INSERT INTO `r_jobentry_attribute` VALUES (307, 1, 22, 0, 'arg_from_previous', 0, 'N');
INSERT INTO `r_jobentry_attribute` VALUES (308, 1, 22, 0, 'params_from_previous', 0, 'N');
INSERT INTO `r_jobentry_attribute` VALUES (309, 1, 22, 0, 'exec_per_row', 0, 'N');
INSERT INTO `r_jobentry_attribute` VALUES (310, 1, 22, 0, 'clear_rows', 0, 'N');
INSERT INTO `r_jobentry_attribute` VALUES (311, 1, 22, 0, 'clear_files', 0, 'N');
INSERT INTO `r_jobentry_attribute` VALUES (312, 1, 22, 0, 'set_logfile', 0, 'N');
INSERT INTO `r_jobentry_attribute` VALUES (313, 1, 22, 0, 'add_date', 0, 'N');
INSERT INTO `r_jobentry_attribute` VALUES (314, 1, 22, 0, 'add_time', 0, 'N');
INSERT INTO `r_jobentry_attribute` VALUES (315, 1, 22, 0, 'logfile', 0, NULL);
INSERT INTO `r_jobentry_attribute` VALUES (316, 1, 22, 0, 'logext', 0, NULL);
INSERT INTO `r_jobentry_attribute` VALUES (317, 1, 22, 0, 'loglevel', 0, 'Basic');
INSERT INTO `r_jobentry_attribute` VALUES (318, 1, 22, 0, 'cluster', 0, 'N');
INSERT INTO `r_jobentry_attribute` VALUES (319, 1, 22, 0, 'slave_server_name', 0, NULL);
INSERT INTO `r_jobentry_attribute` VALUES (320, 1, 22, 0, 'set_append_logfile', 0, 'N');
INSERT INTO `r_jobentry_attribute` VALUES (321, 1, 22, 0, 'wait_until_finished', 0, 'Y');
INSERT INTO `r_jobentry_attribute` VALUES (322, 1, 22, 0, 'follow_abort_remote', 0, 'N');
INSERT INTO `r_jobentry_attribute` VALUES (323, 1, 22, 0, 'create_parent_folder', 0, 'N');
INSERT INTO `r_jobentry_attribute` VALUES (324, 1, 22, 0, 'logging_remote_work', 0, 'N');
INSERT INTO `r_jobentry_attribute` VALUES (325, 1, 22, 0, 'run_configuration', 0, 'Pentaho local');
INSERT INTO `r_jobentry_attribute` VALUES (326, 1, 22, 0, 'parameter_name', 0, 'TABLENAME');
INSERT INTO `r_jobentry_attribute` VALUES (327, 1, 22, 0, 'parameter_stream_name', 0, 'table_name');
INSERT INTO `r_jobentry_attribute` VALUES (328, 1, 22, 0, 'parameter_value', 0, NULL);
INSERT INTO `r_jobentry_attribute` VALUES (329, 1, 22, 0, 'pass_all_parameters', 0, 'Y');
INSERT INTO `r_jobentry_attribute` VALUES (330, 1, 23, 0, 'specification_method', 0, 'rep_name');
INSERT INTO `r_jobentry_attribute` VALUES (331, 1, 23, 0, 'trans_object_id', 0, NULL);
INSERT INTO `r_jobentry_attribute` VALUES (332, 1, 23, 0, 'name', 0, '批量同步表转换');
INSERT INTO `r_jobentry_attribute` VALUES (333, 1, 23, 0, 'dir_path', 0, '/');
INSERT INTO `r_jobentry_attribute` VALUES (334, 1, 23, 0, 'file_name', 0, NULL);
INSERT INTO `r_jobentry_attribute` VALUES (335, 1, 23, 0, 'arg_from_previous', 0, 'N');
INSERT INTO `r_jobentry_attribute` VALUES (336, 1, 23, 0, 'params_from_previous', 0, 'N');
INSERT INTO `r_jobentry_attribute` VALUES (337, 1, 23, 0, 'exec_per_row', 0, 'Y');
INSERT INTO `r_jobentry_attribute` VALUES (338, 1, 23, 0, 'clear_rows', 0, 'N');
INSERT INTO `r_jobentry_attribute` VALUES (339, 1, 23, 0, 'clear_files', 0, 'N');
INSERT INTO `r_jobentry_attribute` VALUES (340, 1, 23, 0, 'set_logfile', 0, 'N');
INSERT INTO `r_jobentry_attribute` VALUES (341, 1, 23, 0, 'add_date', 0, 'N');
INSERT INTO `r_jobentry_attribute` VALUES (342, 1, 23, 0, 'add_time', 0, 'N');
INSERT INTO `r_jobentry_attribute` VALUES (343, 1, 23, 0, 'logfile', 0, NULL);
INSERT INTO `r_jobentry_attribute` VALUES (344, 1, 23, 0, 'logext', 0, NULL);
INSERT INTO `r_jobentry_attribute` VALUES (345, 1, 23, 0, 'loglevel', 0, 'Basic');
INSERT INTO `r_jobentry_attribute` VALUES (346, 1, 23, 0, 'cluster', 0, 'N');
INSERT INTO `r_jobentry_attribute` VALUES (347, 1, 23, 0, 'slave_server_name', 0, NULL);
INSERT INTO `r_jobentry_attribute` VALUES (348, 1, 23, 0, 'set_append_logfile', 0, 'N');
INSERT INTO `r_jobentry_attribute` VALUES (349, 1, 23, 0, 'wait_until_finished', 0, 'Y');
INSERT INTO `r_jobentry_attribute` VALUES (350, 1, 23, 0, 'follow_abort_remote', 0, 'N');
INSERT INTO `r_jobentry_attribute` VALUES (351, 1, 23, 0, 'create_parent_folder', 0, 'N');
INSERT INTO `r_jobentry_attribute` VALUES (352, 1, 23, 0, 'logging_remote_work', 0, 'N');
INSERT INTO `r_jobentry_attribute` VALUES (353, 1, 23, 0, 'run_configuration', 0, 'Pentaho local');
INSERT INTO `r_jobentry_attribute` VALUES (354, 1, 23, 0, 'parameter_name', 0, 'TABLENAME');
INSERT INTO `r_jobentry_attribute` VALUES (355, 1, 23, 0, 'parameter_stream_name', 0, 'table_name');
INSERT INTO `r_jobentry_attribute` VALUES (356, 1, 23, 0, 'parameter_value', 0, NULL);
INSERT INTO `r_jobentry_attribute` VALUES (357, 1, 23, 0, 'pass_all_parameters', 0, 'Y');
INSERT INTO `r_jobentry_attribute` VALUES (358, 4, 25, 0, 'start', 0, 'Y');
INSERT INTO `r_jobentry_attribute` VALUES (359, 4, 25, 0, 'dummy', 0, 'N');
INSERT INTO `r_jobentry_attribute` VALUES (360, 4, 25, 0, 'repeat', 0, 'N');
INSERT INTO `r_jobentry_attribute` VALUES (361, 4, 25, 0, 'schedulerType', 0, NULL);
INSERT INTO `r_jobentry_attribute` VALUES (362, 4, 25, 0, 'intervalSeconds', 0, NULL);
INSERT INTO `r_jobentry_attribute` VALUES (363, 4, 25, 0, 'intervalMinutes', 60, NULL);
INSERT INTO `r_jobentry_attribute` VALUES (364, 4, 25, 0, 'hour', 12, NULL);
INSERT INTO `r_jobentry_attribute` VALUES (365, 4, 25, 0, 'minutes', 0, NULL);
INSERT INTO `r_jobentry_attribute` VALUES (366, 4, 25, 0, 'weekDay', 1, NULL);
INSERT INTO `r_jobentry_attribute` VALUES (367, 4, 25, 0, 'dayOfMonth', 1, NULL);
INSERT INTO `r_jobentry_attribute` VALUES (368, 4, 26, 0, 'specification_method', 0, 'rep_name');
INSERT INTO `r_jobentry_attribute` VALUES (369, 4, 26, 0, 'trans_object_id', 0, NULL);
INSERT INTO `r_jobentry_attribute` VALUES (370, 4, 26, 0, 'name', 0, '测试转换');
INSERT INTO `r_jobentry_attribute` VALUES (371, 4, 26, 0, 'dir_path', 0, '/');
INSERT INTO `r_jobentry_attribute` VALUES (372, 4, 26, 0, 'file_name', 0, NULL);
INSERT INTO `r_jobentry_attribute` VALUES (373, 4, 26, 0, 'arg_from_previous', 0, 'N');
INSERT INTO `r_jobentry_attribute` VALUES (374, 4, 26, 0, 'params_from_previous', 0, 'N');
INSERT INTO `r_jobentry_attribute` VALUES (375, 4, 26, 0, 'exec_per_row', 0, 'N');
INSERT INTO `r_jobentry_attribute` VALUES (376, 4, 26, 0, 'clear_rows', 0, 'N');
INSERT INTO `r_jobentry_attribute` VALUES (377, 4, 26, 0, 'clear_files', 0, 'N');
INSERT INTO `r_jobentry_attribute` VALUES (378, 4, 26, 0, 'set_logfile', 0, 'N');
INSERT INTO `r_jobentry_attribute` VALUES (379, 4, 26, 0, 'add_date', 0, 'N');
INSERT INTO `r_jobentry_attribute` VALUES (380, 4, 26, 0, 'add_time', 0, 'N');
INSERT INTO `r_jobentry_attribute` VALUES (381, 4, 26, 0, 'logfile', 0, NULL);
INSERT INTO `r_jobentry_attribute` VALUES (382, 4, 26, 0, 'logext', 0, NULL);
INSERT INTO `r_jobentry_attribute` VALUES (383, 4, 26, 0, 'loglevel', 0, 'Basic');
INSERT INTO `r_jobentry_attribute` VALUES (384, 4, 26, 0, 'cluster', 0, 'N');
INSERT INTO `r_jobentry_attribute` VALUES (385, 4, 26, 0, 'slave_server_name', 0, NULL);
INSERT INTO `r_jobentry_attribute` VALUES (386, 4, 26, 0, 'set_append_logfile', 0, 'N');
INSERT INTO `r_jobentry_attribute` VALUES (387, 4, 26, 0, 'wait_until_finished', 0, 'Y');
INSERT INTO `r_jobentry_attribute` VALUES (388, 4, 26, 0, 'follow_abort_remote', 0, 'N');
INSERT INTO `r_jobentry_attribute` VALUES (389, 4, 26, 0, 'create_parent_folder', 0, 'N');
INSERT INTO `r_jobentry_attribute` VALUES (390, 4, 26, 0, 'logging_remote_work', 0, 'N');
INSERT INTO `r_jobentry_attribute` VALUES (391, 4, 26, 0, 'run_configuration', 0, 'Pentaho local');
INSERT INTO `r_jobentry_attribute` VALUES (392, 4, 26, 0, 'pass_all_parameters', 0, 'Y');
INSERT INTO `r_jobentry_attribute` VALUES (393, 4, 27, 0, 'specification_method', 0, 'rep_name');
INSERT INTO `r_jobentry_attribute` VALUES (394, 4, 27, 0, 'trans_object_id', 0, NULL);
INSERT INTO `r_jobentry_attribute` VALUES (395, 4, 27, 0, 'name', 0, '取表结果');
INSERT INTO `r_jobentry_attribute` VALUES (396, 4, 27, 0, 'dir_path', 0, '/');
INSERT INTO `r_jobentry_attribute` VALUES (397, 4, 27, 0, 'file_name', 0, NULL);
INSERT INTO `r_jobentry_attribute` VALUES (398, 4, 27, 0, 'arg_from_previous', 0, 'N');
INSERT INTO `r_jobentry_attribute` VALUES (399, 4, 27, 0, 'params_from_previous', 0, 'N');
INSERT INTO `r_jobentry_attribute` VALUES (400, 4, 27, 0, 'exec_per_row', 0, 'N');
INSERT INTO `r_jobentry_attribute` VALUES (401, 4, 27, 0, 'clear_rows', 0, 'N');
INSERT INTO `r_jobentry_attribute` VALUES (402, 4, 27, 0, 'clear_files', 0, 'N');
INSERT INTO `r_jobentry_attribute` VALUES (403, 4, 27, 0, 'set_logfile', 0, 'N');
INSERT INTO `r_jobentry_attribute` VALUES (404, 4, 27, 0, 'add_date', 0, 'N');
INSERT INTO `r_jobentry_attribute` VALUES (405, 4, 27, 0, 'add_time', 0, 'N');
INSERT INTO `r_jobentry_attribute` VALUES (406, 4, 27, 0, 'logfile', 0, NULL);
INSERT INTO `r_jobentry_attribute` VALUES (407, 4, 27, 0, 'logext', 0, NULL);
INSERT INTO `r_jobentry_attribute` VALUES (408, 4, 27, 0, 'loglevel', 0, 'Basic');
INSERT INTO `r_jobentry_attribute` VALUES (409, 4, 27, 0, 'cluster', 0, 'N');
INSERT INTO `r_jobentry_attribute` VALUES (410, 4, 27, 0, 'slave_server_name', 0, NULL);
INSERT INTO `r_jobentry_attribute` VALUES (411, 4, 27, 0, 'set_append_logfile', 0, 'N');
INSERT INTO `r_jobentry_attribute` VALUES (412, 4, 27, 0, 'wait_until_finished', 0, 'Y');
INSERT INTO `r_jobentry_attribute` VALUES (413, 4, 27, 0, 'follow_abort_remote', 0, 'N');
INSERT INTO `r_jobentry_attribute` VALUES (414, 4, 27, 0, 'create_parent_folder', 0, 'N');
INSERT INTO `r_jobentry_attribute` VALUES (415, 4, 27, 0, 'logging_remote_work', 0, 'N');
INSERT INTO `r_jobentry_attribute` VALUES (416, 4, 27, 0, 'run_configuration', 0, 'Pentaho local');
INSERT INTO `r_jobentry_attribute` VALUES (417, 4, 27, 0, 'pass_all_parameters', 0, 'Y');
INSERT INTO `r_jobentry_attribute` VALUES (418, 4, 28, 0, 'specification_method', 0, 'rep_name');
INSERT INTO `r_jobentry_attribute` VALUES (419, 4, 28, 0, 'trans_object_id', 0, NULL);
INSERT INTO `r_jobentry_attribute` VALUES (420, 4, 28, 0, 'name', 0, '批量同步表转换');
INSERT INTO `r_jobentry_attribute` VALUES (421, 4, 28, 0, 'dir_path', 0, '/');
INSERT INTO `r_jobentry_attribute` VALUES (422, 4, 28, 0, 'file_name', 0, NULL);
INSERT INTO `r_jobentry_attribute` VALUES (423, 4, 28, 0, 'arg_from_previous', 0, 'N');
INSERT INTO `r_jobentry_attribute` VALUES (424, 4, 28, 0, 'params_from_previous', 0, 'N');
INSERT INTO `r_jobentry_attribute` VALUES (425, 4, 28, 0, 'exec_per_row', 0, 'N');
INSERT INTO `r_jobentry_attribute` VALUES (426, 4, 28, 0, 'clear_rows', 0, 'N');
INSERT INTO `r_jobentry_attribute` VALUES (427, 4, 28, 0, 'clear_files', 0, 'N');
INSERT INTO `r_jobentry_attribute` VALUES (428, 4, 28, 0, 'set_logfile', 0, 'N');
INSERT INTO `r_jobentry_attribute` VALUES (429, 4, 28, 0, 'add_date', 0, 'N');
INSERT INTO `r_jobentry_attribute` VALUES (430, 4, 28, 0, 'add_time', 0, 'N');
INSERT INTO `r_jobentry_attribute` VALUES (431, 4, 28, 0, 'logfile', 0, NULL);
INSERT INTO `r_jobentry_attribute` VALUES (432, 4, 28, 0, 'logext', 0, NULL);
INSERT INTO `r_jobentry_attribute` VALUES (433, 4, 28, 0, 'loglevel', 0, 'Basic');
INSERT INTO `r_jobentry_attribute` VALUES (434, 4, 28, 0, 'cluster', 0, 'N');
INSERT INTO `r_jobentry_attribute` VALUES (435, 4, 28, 0, 'slave_server_name', 0, NULL);
INSERT INTO `r_jobentry_attribute` VALUES (436, 4, 28, 0, 'set_append_logfile', 0, 'N');
INSERT INTO `r_jobentry_attribute` VALUES (437, 4, 28, 0, 'wait_until_finished', 0, 'Y');
INSERT INTO `r_jobentry_attribute` VALUES (438, 4, 28, 0, 'follow_abort_remote', 0, 'N');
INSERT INTO `r_jobentry_attribute` VALUES (439, 4, 28, 0, 'create_parent_folder', 0, 'N');
INSERT INTO `r_jobentry_attribute` VALUES (440, 4, 28, 0, 'logging_remote_work', 0, 'N');
INSERT INTO `r_jobentry_attribute` VALUES (441, 4, 28, 0, 'run_configuration', 0, 'Pentaho local');
INSERT INTO `r_jobentry_attribute` VALUES (442, 4, 28, 0, 'parameter_name', 0, 'TABLENAME');
INSERT INTO `r_jobentry_attribute` VALUES (443, 4, 28, 0, 'parameter_stream_name', 0, 'TABLENAME');
INSERT INTO `r_jobentry_attribute` VALUES (444, 4, 28, 0, 'parameter_value', 0, NULL);
INSERT INTO `r_jobentry_attribute` VALUES (445, 4, 28, 0, 'pass_all_parameters', 0, 'Y');

-- ----------------------------
-- Table structure for r_jobentry_copy
-- ----------------------------
DROP TABLE IF EXISTS `r_jobentry_copy`;
CREATE TABLE `r_jobentry_copy`  (
  `ID_JOBENTRY_COPY` bigint(20) NOT NULL,
  `ID_JOBENTRY` int(11) NULL DEFAULT NULL,
  `ID_JOB` int(11) NULL DEFAULT NULL,
  `ID_JOBENTRY_TYPE` int(11) NULL DEFAULT NULL,
  `NR` int(11) NULL DEFAULT NULL,
  `GUI_LOCATION_X` int(11) NULL DEFAULT NULL,
  `GUI_LOCATION_Y` int(11) NULL DEFAULT NULL,
  `GUI_DRAW` tinyint(1) NULL DEFAULT NULL,
  `PARALLEL` tinyint(1) NULL DEFAULT NULL,
  PRIMARY KEY (`ID_JOBENTRY_COPY`) USING BTREE
) ENGINE = InnoDB CHARACTER SET = utf8 COLLATE = utf8_general_ci ROW_FORMAT = Dynamic;

-- ----------------------------
-- Records of r_jobentry_copy
-- ----------------------------
INSERT INTO `r_jobentry_copy` VALUES (13, 13, 2, 75, 0, 304, 288, 1, 0);
INSERT INTO `r_jobentry_copy` VALUES (14, 14, 2, 88, 0, 432, 288, 1, 0);
INSERT INTO `r_jobentry_copy` VALUES (15, 15, 2, 31, 0, 576, 288, 1, 0);
INSERT INTO `r_jobentry_copy` VALUES (16, 16, 2, 60, 0, 704, 288, 1, 0);
INSERT INTO `r_jobentry_copy` VALUES (17, 17, 3, 75, 0, 224, 272, 1, 0);
INSERT INTO `r_jobentry_copy` VALUES (18, 18, 3, 60, 0, 624, 272, 1, 0);
INSERT INTO `r_jobentry_copy` VALUES (19, 19, 3, 30, 0, 496, 272, 1, 0);
INSERT INTO `r_jobentry_copy` VALUES (20, 20, 3, 88, 0, 352, 272, 1, 0);
INSERT INTO `r_jobentry_copy` VALUES (21, 21, 1, 75, 0, 352, 352, 1, 0);
INSERT INTO `r_jobentry_copy` VALUES (22, 22, 1, 88, 0, 480, 352, 1, 0);
INSERT INTO `r_jobentry_copy` VALUES (23, 23, 1, 88, 0, 608, 352, 1, 0);
INSERT INTO `r_jobentry_copy` VALUES (24, 24, 1, 60, 0, 736, 352, 1, 0);
INSERT INTO `r_jobentry_copy` VALUES (25, 25, 4, 75, 0, 160, 192, 1, 0);
INSERT INTO `r_jobentry_copy` VALUES (26, 26, 4, 88, 0, 288, 192, 1, 0);
INSERT INTO `r_jobentry_copy` VALUES (27, 27, 4, 88, 0, 400, 192, 1, 0);
INSERT INTO `r_jobentry_copy` VALUES (28, 28, 4, 88, 0, 480, 192, 1, 0);
INSERT INTO `r_jobentry_copy` VALUES (29, 29, 4, 60, 0, 592, 192, 1, 0);

-- ----------------------------
-- Table structure for r_jobentry_database
-- ----------------------------
DROP TABLE IF EXISTS `r_jobentry_database`;
CREATE TABLE `r_jobentry_database`  (
  `ID_JOB` int(11) NULL DEFAULT NULL,
  `ID_JOBENTRY` int(11) NULL DEFAULT NULL,
  `ID_DATABASE` int(11) NULL DEFAULT NULL,
  INDEX `IDX_RJD1`(`ID_JOB`) USING BTREE,
  INDEX `IDX_RJD2`(`ID_DATABASE`) USING BTREE
) ENGINE = InnoDB CHARACTER SET = utf8 COLLATE = utf8_general_ci ROW_FORMAT = Dynamic;

-- ----------------------------
-- Table structure for r_jobentry_type
-- ----------------------------
DROP TABLE IF EXISTS `r_jobentry_type`;
CREATE TABLE `r_jobentry_type`  (
  `ID_JOBENTRY_TYPE` bigint(20) NOT NULL,
  `CODE` varchar(255) CHARACTER SET utf8 COLLATE utf8_general_ci NULL DEFAULT NULL,
  `DESCRIPTION` varchar(255) CHARACTER SET utf8 COLLATE utf8_general_ci NULL DEFAULT NULL,
  PRIMARY KEY (`ID_JOBENTRY_TYPE`) USING BTREE
) ENGINE = InnoDB CHARACTER SET = utf8 COLLATE = utf8_general_ci ROW_FORMAT = Dynamic;

-- ----------------------------
-- Records of r_jobentry_type
-- ----------------------------
INSERT INTO `r_jobentry_type` VALUES (1, 'EMRJobExecutorPlugin', 'Amazon EMR Job Executor');
INSERT INTO `r_jobentry_type` VALUES (2, 'HiveJobExecutorPlugin', 'Amazon Hive Job Executor');
INSERT INTO `r_jobentry_type` VALUES (3, 'DataRefineryBuildModel', 'Build Model');
INSERT INTO `r_jobentry_type` VALUES (4, 'CHECK_DB_CONNECTIONS', 'Check Db Connections');
INSERT INTO `r_jobentry_type` VALUES (5, 'XML_WELL_FORMED', 'Check if XML file is well formed');
INSERT INTO `r_jobentry_type` VALUES (6, 'DOS_UNIX_CONVERTER', 'DOS和UNIX之间的文本转换');
INSERT INTO `r_jobentry_type` VALUES (7, 'DTD_VALIDATOR', 'DTD Validator');
INSERT INTO `r_jobentry_type` VALUES (8, 'DummyJob', 'Example Job');
INSERT INTO `r_jobentry_type` VALUES (9, 'FTP_PUT', 'FTP 上传');
INSERT INTO `r_jobentry_type` VALUES (10, 'FTP', 'FTP 下载');
INSERT INTO `r_jobentry_type` VALUES (11, 'FTP_DELETE', 'FTP 删除');
INSERT INTO `r_jobentry_type` VALUES (12, 'FTPS_PUT', 'FTPS 上传');
INSERT INTO `r_jobentry_type` VALUES (13, 'FTPS_GET', 'FTPS 下载');
INSERT INTO `r_jobentry_type` VALUES (14, 'GoogleBigQueryStorageLoad', 'Google BigQuery Loader');
INSERT INTO `r_jobentry_type` VALUES (15, 'HadoopCopyFilesPlugin', 'Hadoop Copy Files');
INSERT INTO `r_jobentry_type` VALUES (16, 'HadoopJobExecutorPlugin', 'Hadoop Job Executor ');
INSERT INTO `r_jobentry_type` VALUES (17, 'HL7MLLPAcknowledge', 'HL7 MLLP Acknowledge');
INSERT INTO `r_jobentry_type` VALUES (18, 'HL7MLLPInput', 'HL7 MLLP Input');
INSERT INTO `r_jobentry_type` VALUES (19, 'HTTP', 'HTTP');
INSERT INTO `r_jobentry_type` VALUES (20, 'MS_ACCESS_BULK_LOAD', 'MS Access Bulk Load');
INSERT INTO `r_jobentry_type` VALUES (21, 'MYSQL_BULK_LOAD', 'Mysql 批量加载');
INSERT INTO `r_jobentry_type` VALUES (22, 'OozieJobExecutor', 'Oozie Job Executor');
INSERT INTO `r_jobentry_type` VALUES (23, 'PALO_CUBE_CREATE', 'Palo Cube Create');
INSERT INTO `r_jobentry_type` VALUES (24, 'PALO_CUBE_DELETE', 'Palo Cube Delete');
INSERT INTO `r_jobentry_type` VALUES (25, 'HadoopTransJobExecutorPlugin', 'Pentaho MapReduce');
INSERT INTO `r_jobentry_type` VALUES (26, 'HadoopPigScriptExecutorPlugin', 'Pig Script Executor');
INSERT INTO `r_jobentry_type` VALUES (27, 'PING', 'Ping 一台主机');
INSERT INTO `r_jobentry_type` VALUES (28, 'GET_POP', 'POP 收信');
INSERT INTO `r_jobentry_type` VALUES (29, 'DATASOURCE_PUBLISH', 'Publish Model');
INSERT INTO `r_jobentry_type` VALUES (30, 'SFTPPUT', 'SFTP 上传');
INSERT INTO `r_jobentry_type` VALUES (31, 'SFTP', 'SFTP 下载');
INSERT INTO `r_jobentry_type` VALUES (32, 'SHELL', 'Shell');
INSERT INTO `r_jobentry_type` VALUES (33, 'SparkSubmit', 'Spark Submit');
INSERT INTO `r_jobentry_type` VALUES (34, 'SQL', 'SQL');
INSERT INTO `r_jobentry_type` VALUES (35, 'MSSQL_BULK_LOAD', 'SQLServer 批量加载');
INSERT INTO `r_jobentry_type` VALUES (36, 'SqoopExport', 'Sqoop Export');
INSERT INTO `r_jobentry_type` VALUES (37, 'SqoopImport', 'Sqoop Import');
INSERT INTO `r_jobentry_type` VALUES (38, 'TALEND_JOB_EXEC', 'Talend 作业执行');
INSERT INTO `r_jobentry_type` VALUES (39, 'XSD_VALIDATOR', 'XSD Validator');
INSERT INTO `r_jobentry_type` VALUES (40, 'XSLT', 'XSL Transformation');
INSERT INTO `r_jobentry_type` VALUES (41, 'ZIP_FILE', 'Zip 压缩文件');
INSERT INTO `r_jobentry_type` VALUES (42, 'ABORT', '中止作业');
INSERT INTO `r_jobentry_type` VALUES (43, 'MYSQL_BULK_FILE', '从 Mysql 批量导出到文件');
INSERT INTO `r_jobentry_type` VALUES (44, 'DELETE_RESULT_FILENAMES', '从结果文件中删除文件');
INSERT INTO `r_jobentry_type` VALUES (45, 'JOB', '作业');
INSERT INTO `r_jobentry_type` VALUES (46, 'EVAL', '使用 JavaScript 脚本验证');
INSERT INTO `r_jobentry_type` VALUES (47, 'WRITE_TO_FILE', '写入文件');
INSERT INTO `r_jobentry_type` VALUES (48, 'WRITE_TO_LOG', '写日志');
INSERT INTO `r_jobentry_type` VALUES (49, 'CREATE_FOLDER', '创建一个目录');
INSERT INTO `r_jobentry_type` VALUES (50, 'CREATE_FILE', '创建文件');
INSERT INTO `r_jobentry_type` VALUES (51, 'DELETE_FILE', '删除一个文件');
INSERT INTO `r_jobentry_type` VALUES (52, 'DELETE_FILES', '删除多个文件');
INSERT INTO `r_jobentry_type` VALUES (53, 'DELETE_FOLDERS', '删除目录');
INSERT INTO `r_jobentry_type` VALUES (54, 'SNMP_TRAP', '发送 SNMP 自陷');
INSERT INTO `r_jobentry_type` VALUES (55, 'SEND_NAGIOS_PASSIVE_CHECK', '发送Nagios 被动检查');
INSERT INTO `r_jobentry_type` VALUES (56, 'MAIL', '发送邮件');
INSERT INTO `r_jobentry_type` VALUES (57, 'COPY_MOVE_RESULT_FILENAMES', '复制/移动结果文件');
INSERT INTO `r_jobentry_type` VALUES (58, 'COPY_FILES', '复制文件');
INSERT INTO `r_jobentry_type` VALUES (59, 'EXPORT_REPOSITORY', '导出资源库到XML文件');
INSERT INTO `r_jobentry_type` VALUES (60, 'SUCCESS', '成功');
INSERT INTO `r_jobentry_type` VALUES (61, 'MSGBOX_INFO', '显示消息对话框');
INSERT INTO `r_jobentry_type` VALUES (62, 'WEBSERVICE_AVAILABLE', '检查web服务是否可用');
INSERT INTO `r_jobentry_type` VALUES (63, 'FILE_EXISTS', '检查一个文件是否存在');
INSERT INTO `r_jobentry_type` VALUES (64, 'COLUMNS_EXIST', '检查列是否存在');
INSERT INTO `r_jobentry_type` VALUES (65, 'FILES_EXIST', '检查多个文件是否存在');
INSERT INTO `r_jobentry_type` VALUES (66, 'CHECK_FILES_LOCKED', '检查文件是否被锁');
INSERT INTO `r_jobentry_type` VALUES (67, 'CONNECTED_TO_REPOSITORY', '检查是否连接到资源库');
INSERT INTO `r_jobentry_type` VALUES (68, 'FOLDER_IS_EMPTY', '检查目录是否为空');
INSERT INTO `r_jobentry_type` VALUES (69, 'TABLE_EXISTS', '检查表是否存在');
INSERT INTO `r_jobentry_type` VALUES (70, 'SIMPLE_EVAL', '检验字段的值');
INSERT INTO `r_jobentry_type` VALUES (71, 'FILE_COMPARE', '比较文件');
INSERT INTO `r_jobentry_type` VALUES (72, 'FOLDERS_COMPARE', '比较目录');
INSERT INTO `r_jobentry_type` VALUES (73, 'ADD_RESULT_FILENAMES', '添加文件到结果文件中');
INSERT INTO `r_jobentry_type` VALUES (74, 'TRUNCATE_TABLES', '清空表');
INSERT INTO `r_jobentry_type` VALUES (75, 'SPECIAL', '特殊作业项');
INSERT INTO `r_jobentry_type` VALUES (76, 'SYSLOG', '用 Syslog 发送信息');
INSERT INTO `r_jobentry_type` VALUES (77, 'PGP_ENCRYPT_FILES', '用PGP加密文件');
INSERT INTO `r_jobentry_type` VALUES (78, 'PGP_DECRYPT_FILES', '用PGP解密文件');
INSERT INTO `r_jobentry_type` VALUES (79, 'PGP_VERIFY_FILES', '用PGP验证文件签名');
INSERT INTO `r_jobentry_type` VALUES (80, 'MOVE_FILES', '移动文件');
INSERT INTO `r_jobentry_type` VALUES (81, 'DELAY', '等待');
INSERT INTO `r_jobentry_type` VALUES (82, 'WAIT_FOR_SQL', '等待SQL');
INSERT INTO `r_jobentry_type` VALUES (83, 'WAIT_FOR_FILE', '等待文件');
INSERT INTO `r_jobentry_type` VALUES (84, 'UNZIP', '解压缩文件');
INSERT INTO `r_jobentry_type` VALUES (85, 'EVAL_FILES_METRICS', '计算文件大小或个数');
INSERT INTO `r_jobentry_type` VALUES (86, 'EVAL_TABLE_CONTENT', '计算表中的记录数');
INSERT INTO `r_jobentry_type` VALUES (87, 'SET_VARIABLES', '设置变量');
INSERT INTO `r_jobentry_type` VALUES (88, 'TRANS', '转换');
INSERT INTO `r_jobentry_type` VALUES (89, 'TELNET', '远程登录一台主机');
INSERT INTO `r_jobentry_type` VALUES (90, 'MAIL_VALIDATOR', '邮件验证');

-- ----------------------------
-- Table structure for r_log
-- ----------------------------
DROP TABLE IF EXISTS `r_log`;
CREATE TABLE `r_log`  (
  `ID_LOG` bigint(20) NOT NULL,
  `NAME` varchar(255) CHARACTER SET utf8 COLLATE utf8_general_ci NULL DEFAULT NULL,
  `ID_LOGLEVEL` int(11) NULL DEFAULT NULL,
  `LOGTYPE` varchar(255) CHARACTER SET utf8 COLLATE utf8_general_ci NULL DEFAULT NULL,
  `FILENAME` varchar(255) CHARACTER SET utf8 COLLATE utf8_general_ci NULL DEFAULT NULL,
  `FILEEXTENTION` varchar(255) CHARACTER SET utf8 COLLATE utf8_general_ci NULL DEFAULT NULL,
  `ADD_DATE` tinyint(1) NULL DEFAULT NULL,
  `ADD_TIME` tinyint(1) NULL DEFAULT NULL,
  `ID_DATABASE_LOG` int(11) NULL DEFAULT NULL,
  `TABLE_NAME_LOG` varchar(255) CHARACTER SET utf8 COLLATE utf8_general_ci NULL DEFAULT NULL,
  PRIMARY KEY (`ID_LOG`) USING BTREE
) ENGINE = InnoDB CHARACTER SET = utf8 COLLATE = utf8_general_ci ROW_FORMAT = Dynamic;

-- ----------------------------
-- Table structure for r_loglevel
-- ----------------------------
DROP TABLE IF EXISTS `r_loglevel`;
CREATE TABLE `r_loglevel`  (
  `ID_LOGLEVEL` bigint(20) NOT NULL,
  `CODE` varchar(255) CHARACTER SET utf8 COLLATE utf8_general_ci NULL DEFAULT NULL,
  `DESCRIPTION` varchar(255) CHARACTER SET utf8 COLLATE utf8_general_ci NULL DEFAULT NULL,
  PRIMARY KEY (`ID_LOGLEVEL`) USING BTREE
) ENGINE = InnoDB CHARACTER SET = utf8 COLLATE = utf8_general_ci ROW_FORMAT = Dynamic;

-- ----------------------------
-- Records of r_loglevel
-- ----------------------------
INSERT INTO `r_loglevel` VALUES (1, 'Error', '错误日志');
INSERT INTO `r_loglevel` VALUES (2, 'Minimal', '最小日志');
INSERT INTO `r_loglevel` VALUES (3, 'Basic', '基本日志');
INSERT INTO `r_loglevel` VALUES (4, 'Detailed', '详细日志');
INSERT INTO `r_loglevel` VALUES (5, 'Debug', '调试');
INSERT INTO `r_loglevel` VALUES (6, 'Rowlevel', '行级日志(非常详细)');

-- ----------------------------
-- Table structure for r_namespace
-- ----------------------------
DROP TABLE IF EXISTS `r_namespace`;
CREATE TABLE `r_namespace`  (
  `ID_NAMESPACE` bigint(20) NOT NULL,
  `NAME` text CHARACTER SET utf8 COLLATE utf8_general_ci NULL,
  PRIMARY KEY (`ID_NAMESPACE`) USING BTREE
) ENGINE = InnoDB CHARACTER SET = utf8 COLLATE = utf8_general_ci ROW_FORMAT = Dynamic;

-- ----------------------------
-- Table structure for r_note
-- ----------------------------
DROP TABLE IF EXISTS `r_note`;
CREATE TABLE `r_note`  (
  `ID_NOTE` bigint(20) NOT NULL,
  `VALUE_STR` mediumtext CHARACTER SET utf8 COLLATE utf8_general_ci NULL,
  `GUI_LOCATION_X` int(11) NULL DEFAULT NULL,
  `GUI_LOCATION_Y` int(11) NULL DEFAULT NULL,
  `GUI_LOCATION_WIDTH` int(11) NULL DEFAULT NULL,
  `GUI_LOCATION_HEIGHT` int(11) NULL DEFAULT NULL,
  `FONT_NAME` mediumtext CHARACTER SET utf8 COLLATE utf8_general_ci NULL,
  `FONT_SIZE` int(11) NULL DEFAULT NULL,
  `FONT_BOLD` tinyint(1) NULL DEFAULT NULL,
  `FONT_ITALIC` tinyint(1) NULL DEFAULT NULL,
  `FONT_COLOR_RED` int(11) NULL DEFAULT NULL,
  `FONT_COLOR_GREEN` int(11) NULL DEFAULT NULL,
  `FONT_COLOR_BLUE` int(11) NULL DEFAULT NULL,
  `FONT_BACK_GROUND_COLOR_RED` int(11) NULL DEFAULT NULL,
  `FONT_BACK_GROUND_COLOR_GREEN` int(11) NULL DEFAULT NULL,
  `FONT_BACK_GROUND_COLOR_BLUE` int(11) NULL DEFAULT NULL,
  `FONT_BORDER_COLOR_RED` int(11) NULL DEFAULT NULL,
  `FONT_BORDER_COLOR_GREEN` int(11) NULL DEFAULT NULL,
  `FONT_BORDER_COLOR_BLUE` int(11) NULL DEFAULT NULL,
  `DRAW_SHADOW` tinyint(1) NULL DEFAULT NULL,
  PRIMARY KEY (`ID_NOTE`) USING BTREE
) ENGINE = InnoDB CHARACTER SET = utf8 COLLATE = utf8_general_ci ROW_FORMAT = Dynamic;

-- ----------------------------
-- Table structure for r_partition
-- ----------------------------
DROP TABLE IF EXISTS `r_partition`;
CREATE TABLE `r_partition`  (
  `ID_PARTITION` bigint(20) NOT NULL,
  `ID_PARTITION_SCHEMA` int(11) NULL DEFAULT NULL,
  `PARTITION_ID` varchar(255) CHARACTER SET utf8 COLLATE utf8_general_ci NULL DEFAULT NULL,
  PRIMARY KEY (`ID_PARTITION`) USING BTREE
) ENGINE = InnoDB CHARACTER SET = utf8 COLLATE = utf8_general_ci ROW_FORMAT = Dynamic;

-- ----------------------------
-- Table structure for r_partition_schema
-- ----------------------------
DROP TABLE IF EXISTS `r_partition_schema`;
CREATE TABLE `r_partition_schema`  (
  `ID_PARTITION_SCHEMA` bigint(20) NOT NULL,
  `NAME` varchar(255) CHARACTER SET utf8 COLLATE utf8_general_ci NULL DEFAULT NULL,
  `DYNAMIC_DEFINITION` tinyint(1) NULL DEFAULT NULL,
  `PARTITIONS_PER_SLAVE` varchar(255) CHARACTER SET utf8 COLLATE utf8_general_ci NULL DEFAULT NULL,
  PRIMARY KEY (`ID_PARTITION_SCHEMA`) USING BTREE
) ENGINE = InnoDB CHARACTER SET = utf8 COLLATE = utf8_general_ci ROW_FORMAT = Dynamic;

-- ----------------------------
-- Table structure for r_repository_log
-- ----------------------------
DROP TABLE IF EXISTS `r_repository_log`;
CREATE TABLE `r_repository_log`  (
  `ID_REPOSITORY_LOG` bigint(20) NOT NULL,
  `REP_VERSION` varchar(255) CHARACTER SET utf8 COLLATE utf8_general_ci NULL DEFAULT NULL,
  `LOG_DATE` datetime(0) NULL DEFAULT NULL,
  `LOG_USER` varchar(255) CHARACTER SET utf8 COLLATE utf8_general_ci NULL DEFAULT NULL,
  `OPERATION_DESC` mediumtext CHARACTER SET utf8 COLLATE utf8_general_ci NULL,
  PRIMARY KEY (`ID_REPOSITORY_LOG`) USING BTREE
) ENGINE = InnoDB CHARACTER SET = utf8 COLLATE = utf8_general_ci ROW_FORMAT = Dynamic;

-- ----------------------------
-- Records of r_repository_log
-- ----------------------------
INSERT INTO `r_repository_log` VALUES (1, '5.0', '2020-01-15 16:58:58', 'admin', 'Creation of the Kettle repository');
INSERT INTO `r_repository_log` VALUES (2, '5.0', '2020-01-15 17:06:12', 'admin', 'save transformation \'表输入 test1-sys_user\'');
INSERT INTO `r_repository_log` VALUES (3, '5.0', '2020-01-15 17:09:35', 'admin', 'save transformation \'表输入 test1-sys_user\'');
INSERT INTO `r_repository_log` VALUES (4, '5.0', '2020-01-15 17:12:34', 'admin', 'save transformation \'表输入 test1-sys_user\'');
INSERT INTO `r_repository_log` VALUES (5, '5.0', '2020-01-15 17:14:03', 'admin', 'save transformation \'表输入 test1-sys_user\'');
INSERT INTO `r_repository_log` VALUES (6, '5.0', '2020-01-15 17:18:27', 'admin', 'save transformation \'表输入 test1-sys_user\'');
INSERT INTO `r_repository_log` VALUES (7, '5.0', '2020-01-15 18:02:35', 'admin', 'save transformation \'表输入 test1-sys_user\'');
INSERT INTO `r_repository_log` VALUES (8, '5.0', '2020-01-15 18:02:39', 'admin', 'save transformation \'表输入 test1-sys_user\'');
INSERT INTO `r_repository_log` VALUES (9, '5.0', '2020-02-11 10:09:05', 'admin', 'Upgrade of the Kettle repository');
INSERT INTO `r_repository_log` VALUES (10, '5.0', '2020-02-21 19:16:13', 'admin', 'save transformation \'表输入 test1-sys_user\'');
INSERT INTO `r_repository_log` VALUES (11, '5.0', '2020-02-27 10:50:06', 'admin', 'Creation of initial version');
INSERT INTO `r_repository_log` VALUES (12, '5.0', '2020-02-27 10:50:23', 'admin', 'save transformation \'表输入 test1-sys_user\'');
INSERT INTO `r_repository_log` VALUES (13, '5.0', '2020-02-28 15:51:30', 'admin', 'Creation of initial version');
INSERT INTO `r_repository_log` VALUES (14, '5.0', '2020-02-29 10:35:29', 'admin', 'Creation of initial version');
INSERT INTO `r_repository_log` VALUES (15, '5.0', '2020-03-16 16:55:43', 'admin', 'save transformation \'设置表名\'');
INSERT INTO `r_repository_log` VALUES (16, '5.0', '2020-03-16 16:56:50', 'admin', 'save transformation \'批量同步表转换\'');
INSERT INTO `r_repository_log` VALUES (17, '5.0', '2020-03-16 16:59:40', 'admin', 'save job \'批量同步\'');
INSERT INTO `r_repository_log` VALUES (18, '5.0', '2020-03-16 17:20:09', 'admin', 'save transformation \'库表同步抓取转换\'');
INSERT INTO `r_repository_log` VALUES (19, '5.0', '2020-03-16 17:24:35', 'admin', 'save transformation \'库表同步推送转换\'');
INSERT INTO `r_repository_log` VALUES (20, '5.0', '2020-03-16 17:26:04', 'admin', 'save transformation \'接口同步转换\'');
INSERT INTO `r_repository_log` VALUES (21, '5.0', '2020-03-16 17:28:47', 'admin', 'save job \'库表获取ftp信息下载文件作业\'');
INSERT INTO `r_repository_log` VALUES (22, '5.0', '2020-03-16 17:29:36', 'admin', 'save job \'库表获取ftp信息推送文件至远程作业\'');
INSERT INTO `r_repository_log` VALUES (23, '5.0', '2020-03-16 17:30:40', 'admin', 'save transformation \'获取ftp信息转换\'');
INSERT INTO `r_repository_log` VALUES (24, '5.0', '2020-03-16 17:32:32', 'admin', 'save job \'库表获取ftp信息推送文件至远程作业\'');
INSERT INTO `r_repository_log` VALUES (25, '5.0', '2020-03-16 17:38:53', 'admin', 'save job \'库表获取ftp信息下载文件作业\'');
INSERT INTO `r_repository_log` VALUES (26, '5.0', '2020-03-17 11:00:27', 'admin', 'save job \'库表获取ftp信息下载文件作业\'');
INSERT INTO `r_repository_log` VALUES (27, '5.0', '2020-03-17 11:04:56', 'admin', 'save job \'库表获取ftp信息推送文件至远程作业\'');
INSERT INTO `r_repository_log` VALUES (28, '5.0', '2020-03-17 11:17:01', 'admin', 'save job \'库表获取ftp信息推送文件至远程作业\'');
INSERT INTO `r_repository_log` VALUES (29, '5.0', '2020-03-17 11:26:25', 'admin', 'save transformation \'设置表名\'');
INSERT INTO `r_repository_log` VALUES (30, '5.0', '2020-03-17 11:27:53', 'admin', 'save transformation \'批量同步表转换\'');
INSERT INTO `r_repository_log` VALUES (31, '5.0', '2020-03-17 11:28:43', 'admin', 'save job \'批量同步\'');
INSERT INTO `r_repository_log` VALUES (32, '5.0', '2020-03-17 14:55:17', 'admin', 'save transformation \'接口同步转换\'');
INSERT INTO `r_repository_log` VALUES (33, '5.0', '2020-03-17 15:30:54', 'admin', 'save transformation \'批量同步表转换\'');
INSERT INTO `r_repository_log` VALUES (34, '5.0', '2020-03-17 15:38:42', 'admin', 'save transformation \'批量同步表转换\'');
INSERT INTO `r_repository_log` VALUES (35, '5.0', '2020-03-17 15:40:35', 'admin', 'save job \'批量同步\'');
INSERT INTO `r_repository_log` VALUES (36, '5.0', '2020-03-17 16:14:22', 'admin', 'save transformation \'测试转换\'');
INSERT INTO `r_repository_log` VALUES (37, '5.0', '2020-03-17 16:17:12', 'admin', 'save transformation \'批量同步表转换\'');
INSERT INTO `r_repository_log` VALUES (38, '5.0', '2020-03-17 16:25:17', 'admin', 'save transformation \'测试转换\'');
INSERT INTO `r_repository_log` VALUES (39, '5.0', '2020-03-17 16:57:47', 'admin', 'save transformation \'测试转换\'');
INSERT INTO `r_repository_log` VALUES (40, '5.0', '2020-03-17 16:58:54', 'admin', 'save transformation \'测试转换\'');
INSERT INTO `r_repository_log` VALUES (41, '5.0', '2020-03-17 17:01:27', 'admin', 'save transformation \'测试转换\'');
INSERT INTO `r_repository_log` VALUES (42, '5.0', '2020-03-17 17:06:35', 'admin', 'save transformation \'测试转换2\'');
INSERT INTO `r_repository_log` VALUES (43, '5.0', '2020-03-17 17:15:40', 'admin', 'save transformation \'测试转换\'');
INSERT INTO `r_repository_log` VALUES (44, '5.0', '2020-03-17 17:25:13', 'admin', 'save transformation \'取表结果\'');
INSERT INTO `r_repository_log` VALUES (45, '5.0', '2020-03-17 17:31:10', 'admin', 'save job \'测试批量数据同步\'');
INSERT INTO `r_repository_log` VALUES (46, '5.0', '2020-03-17 17:33:44', 'admin', 'save transformation \'测试转换\'');
INSERT INTO `r_repository_log` VALUES (47, '5.0', '2020-03-17 17:38:41', 'admin', 'save job \'测试批量数据同步\'');
INSERT INTO `r_repository_log` VALUES (48, '5.0', '2020-03-17 17:42:48', 'admin', 'save transformation \'批量同步表转换\'');
INSERT INTO `r_repository_log` VALUES (49, '5.0', '2020-03-17 17:48:06', 'admin', 'save job \'测试批量数据同步\'');
INSERT INTO `r_repository_log` VALUES (50, '5.0', '2020-03-17 17:51:33', 'admin', 'save transformation \'取表结果\'');
INSERT INTO `r_repository_log` VALUES (51, '5.0', '2020-03-17 17:52:14', 'admin', 'save transformation \'取表结果\'');
INSERT INTO `r_repository_log` VALUES (52, '5.0', '2020-03-17 18:03:54', 'admin', 'save job \'测试批量数据同步\'');
INSERT INTO `r_repository_log` VALUES (53, '5.0', '2020-05-11 15:04:54', 'admin', 'Upgrade of the Kettle repository');
INSERT INTO `r_repository_log` VALUES (54, '5.0', '2020-05-11 15:21:08', 'admin', 'Creation of initial version');
INSERT INTO `r_repository_log` VALUES (55, '5.0', '2020-05-11 15:23:50', 'admin', 'Creation of initial version');
INSERT INTO `r_repository_log` VALUES (56, '5.0', '2020-05-11 15:24:15', 'admin', 'Save database : Modification by user');
INSERT INTO `r_repository_log` VALUES (57, '5.0', '2020-05-11 15:24:15', 'admin', 'Modification by user');
INSERT INTO `r_repository_log` VALUES (58, '5.0', '2020-05-11 15:24:16', 'admin', 'Save database : Modification by user');
INSERT INTO `r_repository_log` VALUES (59, '5.0', '2020-05-11 15:24:16', 'admin', 'Modification by user');
INSERT INTO `r_repository_log` VALUES (60, '5.0', '2020-05-11 15:27:19', 'admin', 'save transformation \'data_pool2lx上\'');
INSERT INTO `r_repository_log` VALUES (61, '5.0', '2020-05-13 17:11:19', 'admin', 'Upgrade of the Kettle repository');
INSERT INTO `r_repository_log` VALUES (62, '5.0', '2020-05-27 17:34:24', 'admin', 'Upgrade of the Kettle repository');
INSERT INTO `r_repository_log` VALUES (63, '5.0', '2020-05-27 17:38:02', 'admin', 'Creation of initial version');
INSERT INTO `r_repository_log` VALUES (64, '5.0', '2020-05-27 17:38:18', 'admin', 'Save database : Modification by user');
INSERT INTO `r_repository_log` VALUES (65, '5.0', '2020-05-27 17:38:18', 'admin', 'Modification by user');
INSERT INTO `r_repository_log` VALUES (66, '5.0', '2020-05-27 17:38:19', 'admin', 'Save database : Modification by user');
INSERT INTO `r_repository_log` VALUES (67, '5.0', '2020-05-27 17:38:19', 'admin', 'Modification by user');
INSERT INTO `r_repository_log` VALUES (68, '5.0', '2020-05-27 17:44:09', 'admin', 'save transformation \'转换 1\'');
INSERT INTO `r_repository_log` VALUES (69, '5.0', '2020-05-28 09:19:28', 'admin', 'save transformation \'转换 1\'');
INSERT INTO `r_repository_log` VALUES (70, '5.0', '2020-05-28 09:23:48', 'admin', 'save transformation \'转换 1\'');
INSERT INTO `r_repository_log` VALUES (71, '5.0', '2020-05-28 09:29:24', 'admin', 'save transformation \'转换 1\'');
INSERT INTO `r_repository_log` VALUES (72, '5.0', '2020-05-28 09:31:41', 'admin', 'save transformation \'转换 1\'');
INSERT INTO `r_repository_log` VALUES (73, '5.0', '2020-05-28 09:33:47', 'admin', 'save transformation \'转换 1\'');
INSERT INTO `r_repository_log` VALUES (74, '5.0', '2020-05-28 10:08:48', 'admin', 'save transformation \'转换 1\'');
INSERT INTO `r_repository_log` VALUES (75, '5.0', '2020-05-28 10:12:44', 'admin', 'save transformation \'转换 1\'');
INSERT INTO `r_repository_log` VALUES (76, '5.0', '2020-05-28 10:13:53', 'admin', 'save transformation \'转换 1\'');
INSERT INTO `r_repository_log` VALUES (77, '5.0', '2020-05-28 10:15:35', 'admin', 'save transformation \'转换 1\'');
INSERT INTO `r_repository_log` VALUES (78, '5.0', '2020-05-28 10:16:42', 'admin', 'save transformation \'转换 1\'');
INSERT INTO `r_repository_log` VALUES (79, '5.0', '2020-05-28 10:17:56', 'admin', 'save transformation \'转换 1\'');
INSERT INTO `r_repository_log` VALUES (80, '5.0', '2020-05-28 10:20:09', 'admin', 'save transformation \'转换 1\'');
INSERT INTO `r_repository_log` VALUES (81, '5.0', '2020-05-28 10:21:25', 'admin', 'save transformation \'转换 1\'');
INSERT INTO `r_repository_log` VALUES (82, '5.0', '2020-05-28 10:22:24', 'admin', 'save transformation \'转换 1\'');
INSERT INTO `r_repository_log` VALUES (83, '5.0', '2020-05-28 10:23:29', 'admin', 'save transformation \'转换 1\'');
INSERT INTO `r_repository_log` VALUES (84, '5.0', '2020-05-28 10:25:04', 'admin', 'save transformation \'转换 1\'');
INSERT INTO `r_repository_log` VALUES (85, '5.0', '2020-05-28 10:31:14', 'admin', 'save transformation \'转换 1\'');
INSERT INTO `r_repository_log` VALUES (86, '5.0', '2020-05-28 10:33:12', 'admin', 'save transformation \'转换 1\'');
INSERT INTO `r_repository_log` VALUES (87, '5.0', '2020-05-28 10:34:23', 'admin', 'save transformation \'转换 1\'');
INSERT INTO `r_repository_log` VALUES (88, '5.0', '2020-05-28 10:35:23', 'admin', 'save transformation \'转换 1\'');
INSERT INTO `r_repository_log` VALUES (89, '5.0', '2020-05-28 10:36:16', 'admin', 'save transformation \'转换 1\'');
INSERT INTO `r_repository_log` VALUES (90, '5.0', '2020-05-28 11:08:49', 'admin', 'save transformation \'转换 1\'');
INSERT INTO `r_repository_log` VALUES (91, '5.0', '2020-05-28 11:12:55', 'admin', 'save transformation \'转换 1\'');
INSERT INTO `r_repository_log` VALUES (92, '5.0', '2020-05-28 11:21:01', 'admin', 'save transformation \'转换 1\'');
INSERT INTO `r_repository_log` VALUES (93, '5.0', '2020-05-28 11:23:10', 'admin', 'save transformation \'转换 1\'');
INSERT INTO `r_repository_log` VALUES (94, '5.0', '2020-05-28 11:25:02', 'admin', 'save transformation \'转换 1\'');
INSERT INTO `r_repository_log` VALUES (95, '5.0', '2020-05-28 14:34:01', 'admin', 'save transformation \'转换 1\'');
INSERT INTO `r_repository_log` VALUES (96, '5.0', '2020-05-28 17:59:11', 'admin', 'save transformation \'转换 2\'');
INSERT INTO `r_repository_log` VALUES (97, '5.0', '2020-05-28 18:02:11', 'admin', 'save transformation \'转换 2\'');
INSERT INTO `r_repository_log` VALUES (98, '5.0', '2020-05-28 18:04:11', 'admin', 'save transformation \'转换 2\'');
INSERT INTO `r_repository_log` VALUES (99, '5.0', '2020-05-28 18:05:07', 'admin', 'save transformation \'转换 2\'');
INSERT INTO `r_repository_log` VALUES (100, '5.0', '2020-05-28 18:07:04', 'admin', 'save transformation \'转换 2\'');
INSERT INTO `r_repository_log` VALUES (101, '5.0', '2020-05-28 18:08:22', 'admin', 'save transformation \'转换 2\'');
INSERT INTO `r_repository_log` VALUES (102, '5.0', '2020-05-28 18:10:00', 'admin', 'save transformation \'转换 2\'');
INSERT INTO `r_repository_log` VALUES (103, '5.0', '2020-05-28 18:12:10', 'admin', 'save transformation \'转换 2\'');
INSERT INTO `r_repository_log` VALUES (104, '5.0', '2020-05-28 18:14:14', 'admin', 'save transformation \'转换 2\'');
INSERT INTO `r_repository_log` VALUES (105, '5.0', '2020-05-29 09:58:17', 'admin', 'save transformation \'转换 2\'');
INSERT INTO `r_repository_log` VALUES (106, '5.0', '2020-05-29 10:00:36', 'admin', 'save transformation \'转换 2\'');
INSERT INTO `r_repository_log` VALUES (107, '5.0', '2020-05-29 13:32:03', 'admin', 'save transformation \'转换 2\'');
INSERT INTO `r_repository_log` VALUES (108, '5.0', '2020-05-29 13:41:35', 'admin', 'save transformation \'转换 2\'');
INSERT INTO `r_repository_log` VALUES (109, '5.0', '2020-05-29 13:48:21', 'admin', 'save transformation \'转换 2\'');
INSERT INTO `r_repository_log` VALUES (110, '5.0', '2020-05-29 13:50:25', 'admin', 'save transformation \'转换 2\'');
INSERT INTO `r_repository_log` VALUES (111, '5.0', '2020-05-29 13:52:16', 'admin', 'save transformation \'转换 2\'');
INSERT INTO `r_repository_log` VALUES (112, '5.0', '2020-05-29 13:56:12', 'admin', 'save transformation \'转换 2\'');
INSERT INTO `r_repository_log` VALUES (113, '5.0', '2020-05-29 13:58:12', 'admin', 'save transformation \'转换 2\'');
INSERT INTO `r_repository_log` VALUES (114, '5.0', '2020-05-29 13:59:50', 'admin', 'save transformation \'转换 2\'');
INSERT INTO `r_repository_log` VALUES (115, '5.0', '2020-05-29 14:01:48', 'admin', 'save transformation \'转换 2\'');
INSERT INTO `r_repository_log` VALUES (116, '5.0', '2020-05-29 14:04:29', 'admin', 'save transformation \'转换 2\'');
INSERT INTO `r_repository_log` VALUES (117, '5.0', '2020-05-29 14:32:10', 'admin', 'save transformation \'转换 2\'');
INSERT INTO `r_repository_log` VALUES (118, '5.0', '2020-05-29 14:34:29', 'admin', 'save transformation \'转换 2\'');
INSERT INTO `r_repository_log` VALUES (119, '5.0', '2020-05-29 14:36:19', 'admin', 'save transformation \'转换 2\'');
INSERT INTO `r_repository_log` VALUES (120, '5.0', '2020-05-29 14:38:19', 'admin', 'save transformation \'转换 2\'');
INSERT INTO `r_repository_log` VALUES (121, '5.0', '2020-05-29 14:39:47', 'admin', 'save transformation \'转换 2\'');
INSERT INTO `r_repository_log` VALUES (122, '5.0', '2020-05-29 17:11:24', 'admin', 'Upgrade of the Kettle repository');
INSERT INTO `r_repository_log` VALUES (123, '5.0', '2020-05-29 17:11:53', 'admin', 'save transformation \'ssss\'');
INSERT INTO `r_repository_log` VALUES (124, '5.0', '2020-05-29 17:13:35', 'admin', 'save transformation \'ssss\'');
INSERT INTO `r_repository_log` VALUES (125, '5.0', '2020-06-16 15:00:58', 'admin', 'Upgrade of the Kettle repository');
INSERT INTO `r_repository_log` VALUES (126, '5.0', '2020-06-22 16:14:20', 'admin', 'save transformation \'ssss\'');
INSERT INTO `r_repository_log` VALUES (127, '5.0', '2020-06-22 16:22:21', 'admin', 'save transformation \'ssss\'');
INSERT INTO `r_repository_log` VALUES (128, '5.0', '2020-06-22 16:24:46', 'admin', 'save transformation \'ssss\'');
INSERT INTO `r_repository_log` VALUES (129, '5.0', '2020-06-22 16:27:35', 'admin', 'save transformation \'ssss\'');
INSERT INTO `r_repository_log` VALUES (130, '5.0', '2020-06-22 16:29:58', 'admin', 'save transformation \'ssss\'');
INSERT INTO `r_repository_log` VALUES (131, '5.0', '2020-06-22 16:39:36', 'admin', 'save transformation \'ssss\'');
INSERT INTO `r_repository_log` VALUES (132, '5.0', '2020-06-22 16:42:21', 'admin', 'save transformation \'ssss\'');
INSERT INTO `r_repository_log` VALUES (133, '5.0', '2020-06-22 16:49:31', 'admin', 'save transformation \'ssss\'');
INSERT INTO `r_repository_log` VALUES (134, '5.0', '2020-06-22 16:53:33', 'admin', 'save transformation \'ssss\'');
INSERT INTO `r_repository_log` VALUES (135, '5.0', '2020-06-22 16:58:22', 'admin', 'save transformation \'ssss\'');
INSERT INTO `r_repository_log` VALUES (136, '5.0', '2020-06-22 17:00:54', 'admin', 'save transformation \'ssss\'');
INSERT INTO `r_repository_log` VALUES (137, '5.0', '2020-06-22 17:13:11', 'admin', 'save transformation \'ssss\'');
INSERT INTO `r_repository_log` VALUES (138, '5.0', '2020-06-22 17:28:55', 'admin', 'save transformation \'ssss\'');
INSERT INTO `r_repository_log` VALUES (139, '5.0', '2020-06-22 17:31:05', 'admin', 'save transformation \'ssss\'');
INSERT INTO `r_repository_log` VALUES (140, '5.0', '2020-06-22 17:33:54', 'admin', 'save transformation \'ssss\'');
INSERT INTO `r_repository_log` VALUES (141, '5.0', '2020-06-22 17:37:34', 'admin', 'save transformation \'ssss\'');
INSERT INTO `r_repository_log` VALUES (142, '5.0', '2020-06-22 17:47:11', 'admin', 'save transformation \'ssss\'');
INSERT INTO `r_repository_log` VALUES (143, '5.0', '2020-06-22 17:49:36', 'admin', 'save transformation \'ssss\'');
INSERT INTO `r_repository_log` VALUES (144, '5.0', '2020-06-22 17:51:32', 'admin', 'save transformation \'ssss\'');
INSERT INTO `r_repository_log` VALUES (145, '5.0', '2020-06-22 17:57:10', 'admin', 'save transformation \'ssss\'');
INSERT INTO `r_repository_log` VALUES (146, '5.0', '2020-06-22 17:59:05', 'admin', 'save transformation \'ssss\'');
INSERT INTO `r_repository_log` VALUES (147, '5.0', '2020-06-23 09:17:19', 'admin', 'save transformation \'ssss\'');
INSERT INTO `r_repository_log` VALUES (148, '5.0', '2020-06-23 09:19:48', 'admin', 'save transformation \'ssss\'');
INSERT INTO `r_repository_log` VALUES (149, '5.0', '2020-06-23 09:22:50', 'admin', 'save transformation \'ssss\'');
INSERT INTO `r_repository_log` VALUES (150, '5.0', '2020-06-23 09:25:05', 'admin', 'save transformation \'ssss\'');
INSERT INTO `r_repository_log` VALUES (151, '5.0', '2020-06-23 09:27:08', 'admin', 'save transformation \'ssss\'');
INSERT INTO `r_repository_log` VALUES (152, '5.0', '2020-06-23 09:30:55', 'admin', 'save transformation \'ssss\'');
INSERT INTO `r_repository_log` VALUES (153, '5.0', '2020-06-23 09:33:19', 'admin', 'save transformation \'ssss\'');
INSERT INTO `r_repository_log` VALUES (154, '5.0', '2020-06-23 09:37:15', 'admin', 'save transformation \'ssss\'');
INSERT INTO `r_repository_log` VALUES (155, '5.0', '2020-06-23 10:00:44', 'admin', 'save transformation \'ssss\'');
INSERT INTO `r_repository_log` VALUES (156, '5.0', '2020-06-23 10:03:32', 'admin', 'save transformation \'ssss\'');
INSERT INTO `r_repository_log` VALUES (157, '5.0', '2020-06-23 10:16:04', 'admin', 'save transformation \'ssss\'');
INSERT INTO `r_repository_log` VALUES (158, '5.0', '2020-06-23 10:19:10', 'admin', 'save transformation \'ssss\'');
INSERT INTO `r_repository_log` VALUES (159, '5.0', '2020-06-23 10:33:43', 'admin', 'save transformation \'ssss\'');
INSERT INTO `r_repository_log` VALUES (160, '5.0', '2020-06-23 10:44:34', 'admin', 'save transformation \'ssss\'');
INSERT INTO `r_repository_log` VALUES (161, '5.0', '2020-06-23 10:58:31', 'admin', 'save transformation \'ssss\'');
INSERT INTO `r_repository_log` VALUES (162, '5.0', '2020-06-23 11:03:52', 'admin', 'save transformation \'ssss\'');
INSERT INTO `r_repository_log` VALUES (163, '5.0', '2020-06-23 11:06:36', 'admin', 'save transformation \'ssss\'');
INSERT INTO `r_repository_log` VALUES (164, '5.0', '2020-06-23 11:22:06', 'admin', 'save transformation \'ssss\'');
INSERT INTO `r_repository_log` VALUES (165, '5.0', '2020-06-23 11:24:49', 'admin', 'save transformation \'ssss\'');
INSERT INTO `r_repository_log` VALUES (166, '5.0', '2020-06-23 11:27:46', 'admin', 'save transformation \'ssss\'');
INSERT INTO `r_repository_log` VALUES (167, '5.0', '2020-06-23 13:17:55', 'admin', 'save transformation \'ssss\'');
INSERT INTO `r_repository_log` VALUES (168, '5.0', '2020-06-23 13:20:32', 'admin', 'save transformation \'ssss\'');
INSERT INTO `r_repository_log` VALUES (169, '5.0', '2020-06-23 13:22:29', 'admin', 'save transformation \'ssss\'');
INSERT INTO `r_repository_log` VALUES (170, '5.0', '2020-06-23 13:24:18', 'admin', 'save transformation \'ssss\'');
INSERT INTO `r_repository_log` VALUES (171, '5.0', '2020-06-23 13:26:24', 'admin', 'save transformation \'ssss\'');
INSERT INTO `r_repository_log` VALUES (172, '5.0', '2020-06-23 13:29:46', 'admin', 'save transformation \'ssss\'');
INSERT INTO `r_repository_log` VALUES (173, '5.0', '2020-06-23 13:32:03', 'admin', 'save transformation \'ssss\'');
INSERT INTO `r_repository_log` VALUES (174, '5.0', '2020-06-23 13:39:10', 'admin', 'save transformation \'ssss\'');
INSERT INTO `r_repository_log` VALUES (175, '5.0', '2020-06-23 13:41:59', 'admin', 'save transformation \'ssss\'');
INSERT INTO `r_repository_log` VALUES (176, '5.0', '2020-06-23 13:44:20', 'admin', 'save transformation \'ssss\'');
INSERT INTO `r_repository_log` VALUES (177, '5.0', '2020-06-24 10:09:15', 'admin', 'save transformation \'ssss\'');
INSERT INTO `r_repository_log` VALUES (178, '5.0', '2020-06-24 10:14:26', 'admin', 'save transformation \'ssss\'');
INSERT INTO `r_repository_log` VALUES (179, '5.0', '2020-06-24 10:17:23', 'admin', 'save transformation \'ssss\'');
INSERT INTO `r_repository_log` VALUES (180, '5.0', '2020-06-24 10:18:43', 'admin', 'save transformation \'ssss\'');
INSERT INTO `r_repository_log` VALUES (181, '5.0', '2020-06-24 10:19:51', 'admin', 'save transformation \'ssss\'');
INSERT INTO `r_repository_log` VALUES (182, '5.0', '2020-06-24 10:20:46', 'admin', 'save transformation \'ssss\'');
INSERT INTO `r_repository_log` VALUES (183, '5.0', '2020-06-24 10:23:32', 'admin', 'save transformation \'ssss\'');
INSERT INTO `r_repository_log` VALUES (184, '5.0', '2020-06-24 10:24:36', 'admin', 'save transformation \'ssss\'');
INSERT INTO `r_repository_log` VALUES (185, '5.0', '2020-06-24 10:25:28', 'admin', 'save transformation \'ssss\'');
INSERT INTO `r_repository_log` VALUES (186, '5.0', '2020-06-24 10:27:08', 'admin', 'save transformation \'ssss\'');
INSERT INTO `r_repository_log` VALUES (187, '5.0', '2020-06-24 10:28:10', 'admin', 'save transformation \'ssss\'');
INSERT INTO `r_repository_log` VALUES (188, '5.0', '2020-06-24 10:31:01', 'admin', 'save transformation \'ssss\'');
INSERT INTO `r_repository_log` VALUES (189, '5.0', '2020-06-24 10:31:58', 'admin', 'save transformation \'ssss\'');
INSERT INTO `r_repository_log` VALUES (190, '5.0', '2020-06-24 10:33:52', 'admin', 'save transformation \'ssss\'');
INSERT INTO `r_repository_log` VALUES (191, '5.0', '2020-06-24 10:34:58', 'admin', 'save transformation \'ssss\'');
INSERT INTO `r_repository_log` VALUES (192, '5.0', '2020-06-24 10:36:05', 'admin', 'save transformation \'ssss\'');
INSERT INTO `r_repository_log` VALUES (193, '5.0', '2020-06-24 10:43:16', 'admin', 'save transformation \'ssss\'');
INSERT INTO `r_repository_log` VALUES (194, '5.0', '2020-06-24 10:44:11', 'admin', 'save transformation \'ssss\'');
INSERT INTO `r_repository_log` VALUES (195, '5.0', '2020-06-24 10:45:35', 'admin', 'save transformation \'ssss\'');
INSERT INTO `r_repository_log` VALUES (196, '5.0', '2020-06-24 11:18:33', 'admin', 'save transformation \'ssss\'');
INSERT INTO `r_repository_log` VALUES (197, '5.0', '2020-06-24 11:20:40', 'admin', 'save transformation \'ssss\'');
INSERT INTO `r_repository_log` VALUES (198, '5.0', '2020-06-24 11:22:54', 'admin', 'save transformation \'ssss\'');
INSERT INTO `r_repository_log` VALUES (199, '5.0', '2020-06-24 11:24:04', 'admin', 'save transformation \'ssss\'');
INSERT INTO `r_repository_log` VALUES (200, '5.0', '2020-06-24 11:25:01', 'admin', 'save transformation \'ssss\'');
INSERT INTO `r_repository_log` VALUES (201, '5.0', '2020-06-24 11:25:51', 'admin', 'save transformation \'ssss\'');
INSERT INTO `r_repository_log` VALUES (202, '5.0', '2020-06-24 11:26:44', 'admin', 'save transformation \'ssss\'');
INSERT INTO `r_repository_log` VALUES (203, '5.0', '2020-06-24 11:29:29', 'admin', 'save transformation \'ssss\'');
INSERT INTO `r_repository_log` VALUES (204, '5.0', '2020-06-24 13:10:22', 'admin', 'save transformation \'ssss\'');
INSERT INTO `r_repository_log` VALUES (205, '5.0', '2020-06-24 13:11:26', 'admin', 'save transformation \'ssss\'');
INSERT INTO `r_repository_log` VALUES (206, '5.0', '2020-06-24 13:12:17', 'admin', 'save transformation \'ssss\'');
INSERT INTO `r_repository_log` VALUES (207, '5.0', '2020-06-24 13:13:42', 'admin', 'save transformation \'ssss\'');
INSERT INTO `r_repository_log` VALUES (208, '5.0', '2020-06-24 13:16:23', 'admin', 'save transformation \'ssss\'');
INSERT INTO `r_repository_log` VALUES (209, '5.0', '2020-06-24 13:17:28', 'admin', 'save transformation \'ssss\'');
INSERT INTO `r_repository_log` VALUES (210, '5.0', '2020-06-24 13:18:21', 'admin', 'save transformation \'ssss\'');
INSERT INTO `r_repository_log` VALUES (211, '5.0', '2020-06-24 13:19:29', 'admin', 'save transformation \'ssss\'');
INSERT INTO `r_repository_log` VALUES (212, '5.0', '2020-06-24 13:20:34', 'admin', 'save transformation \'ssss\'');
INSERT INTO `r_repository_log` VALUES (213, '5.0', '2020-06-24 13:22:40', 'admin', 'save transformation \'ssss\'');
INSERT INTO `r_repository_log` VALUES (214, '5.0', '2020-06-24 13:23:59', 'admin', 'save transformation \'ssss\'');
INSERT INTO `r_repository_log` VALUES (215, '5.0', '2020-06-24 13:24:59', 'admin', 'save transformation \'ssss\'');
INSERT INTO `r_repository_log` VALUES (216, '5.0', '2020-06-24 13:25:48', 'admin', 'save transformation \'ssss\'');
INSERT INTO `r_repository_log` VALUES (217, '5.0', '2020-06-24 13:26:42', 'admin', 'save transformation \'ssss\'');
INSERT INTO `r_repository_log` VALUES (218, '5.0', '2020-06-24 13:34:00', 'admin', 'save transformation \'ssss\'');
INSERT INTO `r_repository_log` VALUES (219, '5.0', '2020-06-24 13:37:10', 'admin', 'save transformation \'ssss\'');
INSERT INTO `r_repository_log` VALUES (220, '5.0', '2020-06-24 14:27:21', 'admin', 'save transformation \'ssss\'');
INSERT INTO `r_repository_log` VALUES (221, '5.0', '2020-06-24 14:37:44', 'admin', 'save transformation \'ssss\'');
INSERT INTO `r_repository_log` VALUES (222, '5.0', '2020-06-24 15:24:18', 'admin', 'save transformation \'ssss\'');
INSERT INTO `r_repository_log` VALUES (223, '5.0', '2020-06-28 13:21:56', 'admin', 'save transformation \'ssss\'');
INSERT INTO `r_repository_log` VALUES (224, '5.0', '2020-06-28 13:23:54', 'admin', 'save transformation \'ssss\'');
INSERT INTO `r_repository_log` VALUES (225, '5.0', '2020-06-28 13:25:58', 'admin', 'save transformation \'ssss\'');
INSERT INTO `r_repository_log` VALUES (226, '5.0', '2020-06-28 13:28:25', 'admin', 'save transformation \'ssss\'');
INSERT INTO `r_repository_log` VALUES (227, '5.0', '2020-06-28 13:30:31', 'admin', 'save transformation \'ssss\'');

-- ----------------------------
-- Table structure for r_slave
-- ----------------------------
DROP TABLE IF EXISTS `r_slave`;
CREATE TABLE `r_slave`  (
  `ID_SLAVE` bigint(20) NOT NULL,
  `NAME` varchar(255) CHARACTER SET utf8 COLLATE utf8_general_ci NULL DEFAULT NULL,
  `HOST_NAME` varchar(255) CHARACTER SET utf8 COLLATE utf8_general_ci NULL DEFAULT NULL,
  `PORT` varchar(255) CHARACTER SET utf8 COLLATE utf8_general_ci NULL DEFAULT NULL,
  `WEB_APP_NAME` varchar(255) CHARACTER SET utf8 COLLATE utf8_general_ci NULL DEFAULT NULL,
  `USERNAME` varchar(255) CHARACTER SET utf8 COLLATE utf8_general_ci NULL DEFAULT NULL,
  `PASSWORD` varchar(255) CHARACTER SET utf8 COLLATE utf8_general_ci NULL DEFAULT NULL,
  `PROXY_HOST_NAME` varchar(255) CHARACTER SET utf8 COLLATE utf8_general_ci NULL DEFAULT NULL,
  `PROXY_PORT` varchar(255) CHARACTER SET utf8 COLLATE utf8_general_ci NULL DEFAULT NULL,
  `NON_PROXY_HOSTS` varchar(255) CHARACTER SET utf8 COLLATE utf8_general_ci NULL DEFAULT NULL,
  `MASTER` tinyint(1) NULL DEFAULT NULL,
  PRIMARY KEY (`ID_SLAVE`) USING BTREE
) ENGINE = InnoDB CHARACTER SET = utf8 COLLATE = utf8_general_ci ROW_FORMAT = Dynamic;

-- ----------------------------
-- Table structure for r_step
-- ----------------------------
DROP TABLE IF EXISTS `r_step`;
CREATE TABLE `r_step`  (
  `ID_STEP` bigint(20) NOT NULL,
  `ID_TRANSFORMATION` int(11) NULL DEFAULT NULL,
  `NAME` varchar(255) CHARACTER SET utf8 COLLATE utf8_general_ci NULL DEFAULT NULL,
  `DESCRIPTION` mediumtext CHARACTER SET utf8 COLLATE utf8_general_ci NULL,
  `ID_STEP_TYPE` int(11) NULL DEFAULT NULL,
  `DISTRIBUTE` tinyint(1) NULL DEFAULT NULL,
  `COPIES` int(11) NULL DEFAULT NULL,
  `GUI_LOCATION_X` int(11) NULL DEFAULT NULL,
  `GUI_LOCATION_Y` int(11) NULL DEFAULT NULL,
  `GUI_DRAW` tinyint(1) NULL DEFAULT NULL,
  `COPIES_STRING` varchar(255) CHARACTER SET utf8 COLLATE utf8_general_ci NULL DEFAULT NULL,
  PRIMARY KEY (`ID_STEP`) USING BTREE
) ENGINE = InnoDB CHARACTER SET = utf8 COLLATE = utf8_general_ci ROW_FORMAT = Dynamic;

-- ----------------------------
-- Records of r_step
-- ----------------------------
INSERT INTO `r_step` VALUES (5, 3, '字段选择', NULL, 156, 1, 1, 448, 288, 1, '1');
INSERT INTO `r_step` VALUES (6, 3, '字段选择 2', NULL, 156, 1, 1, 704, 288, 1, '1');
INSERT INTO `r_step` VALUES (7, 3, '插入 / 更新', NULL, 169, 1, 1, 832, 288, 1, '1');
INSERT INTO `r_step` VALUES (8, 3, '获取系统信息', NULL, 213, 1, 1, 576, 288, 1, '1');
INSERT INTO `r_step` VALUES (9, 3, '表输入', NULL, 218, 1, 1, 288, 288, 1, '1');
INSERT INTO `r_step` VALUES (10, 3, '表输出', NULL, 219, 1, 1, 832, 400, 1, '1');
INSERT INTO `r_step` VALUES (11, 4, '字段选择', NULL, 156, 1, 1, 464, 320, 1, '1');
INSERT INTO `r_step` VALUES (12, 4, '排序记录 1', NULL, 168, 1, 1, 608, 320, 1, '1');
INSERT INTO `r_step` VALUES (13, 4, '插入 / 更新', NULL, 169, 1, 1, 736, 320, 1, '1');
INSERT INTO `r_step` VALUES (14, 4, '表输入', NULL, 218, 1, 1, 336, 320, 1, '1');
INSERT INTO `r_step` VALUES (15, 4, '表输出', NULL, 219, 1, 1, 736, 432, 1, '1');
INSERT INTO `r_step` VALUES (22, 6, '字段选择', NULL, 156, 1, 1, 464, 320, 1, '1');
INSERT INTO `r_step` VALUES (23, 6, '表输入', NULL, 218, 1, 1, 336, 320, 1, '1');
INSERT INTO `r_step` VALUES (24, 6, '设置变量', NULL, 225, 1, 1, 624, 320, 1, '1');
INSERT INTO `r_step` VALUES (25, 1, '复制记录到结果', NULL, 155, 1, 1, 432, 368, 1, '1');
INSERT INTO `r_step` VALUES (26, 1, '自定义常量数据', NULL, 208, 1, 1, 256, 368, 1, '1');
INSERT INTO `r_step` VALUES (29, 5, 'JSON input', NULL, 51, 1, 1, 464, 288, 1, '1');
INSERT INTO `r_step` VALUES (30, 5, 'REST client', NULL, 89, 1, 1, 320, 288, 1, '1');
INSERT INTO `r_step` VALUES (31, 5, '字段选择', NULL, 156, 1, 1, 704, 288, 1, '1');
INSERT INTO `r_step` VALUES (32, 5, '生成记录', NULL, 201, 1, 1, 192, 288, 1, '1');
INSERT INTO `r_step` VALUES (33, 5, '获取系统信息', NULL, 213, 1, 1, 576, 288, 1, '1');
INSERT INTO `r_step` VALUES (34, 5, '表输出', NULL, 219, 1, 1, 832, 288, 1, '1');
INSERT INTO `r_step` VALUES (45, 8, '自定义常量数据', NULL, 208, 1, 1, 288, 272, 1, '1');
INSERT INTO `r_step` VALUES (46, 8, '获取变量', NULL, 209, 1, 1, 416, 272, 1, '1');
INSERT INTO `r_step` VALUES (52, 7, '获取表名', NULL, 214, 1, 1, 192, 224, 1, '1');
INSERT INTO `r_step` VALUES (53, 7, '字段选择', NULL, 156, 1, 1, 320, 224, 1, '1');
INSERT INTO `r_step` VALUES (54, 7, '复制记录到结果', NULL, 155, 1, 1, 448, 224, 1, '1');
INSERT INTO `r_step` VALUES (55, 2, '表输入', NULL, 218, 1, 1, 320, 400, 1, '1');
INSERT INTO `r_step` VALUES (56, 2, '表输出', NULL, 219, 1, 1, 512, 400, 1, '1');
INSERT INTO `r_step` VALUES (57, 9, '设置变量', NULL, 225, 1, 1, 432, 272, 1, '1');
INSERT INTO `r_step` VALUES (58, 9, '从结果获取记录', NULL, 131, 1, 1, 240, 272, 1, '1');
INSERT INTO `r_step` VALUES (59, 10, '表输入', NULL, 218, 1, 1, 256, 224, 1, '1');
INSERT INTO `r_step` VALUES (60, 10, '表输出', NULL, 219, 1, 1, 752, 240, 1, '1');
INSERT INTO `r_step` VALUES (61, 11, 'Excel输入', NULL, 27, 1, 1, 304, 128, 1, '1');
INSERT INTO `r_step` VALUES (62, 11, '表输出', NULL, 219, 1, 1, 512, 144, 1, '1');
INSERT INTO `r_step` VALUES (63, 12, 'Excel输入', NULL, 27, 1, 1, 176, 128, 1, '1');
INSERT INTO `r_step` VALUES (64, 12, '插入 / 更新', NULL, 169, 1, 1, 512, 80, 1, '1');
INSERT INTO `r_step` VALUES (65, 12, '表输出', NULL, 219, 1, 1, 368, 272, 1, '1');
INSERT INTO `r_step` VALUES (66, 13, 'Excel输入 2', NULL, 27, 1, 1, 208, 176, 1, '1');
INSERT INTO `r_step` VALUES (67, 13, '表输出', NULL, 219, 1, 1, 528, 144, 1, '1');

-- ----------------------------
-- Table structure for r_step_attribute
-- ----------------------------
DROP TABLE IF EXISTS `r_step_attribute`;
CREATE TABLE `r_step_attribute`  (
  `ID_STEP_ATTRIBUTE` bigint(20) NOT NULL,
  `ID_TRANSFORMATION` int(11) NULL DEFAULT NULL,
  `ID_STEP` int(11) NULL DEFAULT NULL,
  `NR` int(11) NULL DEFAULT NULL,
  `CODE` varchar(255) CHARACTER SET utf8 COLLATE utf8_general_ci NULL DEFAULT NULL,
  `VALUE_NUM` bigint(20) NULL DEFAULT NULL,
  `VALUE_STR` mediumtext CHARACTER SET utf8 COLLATE utf8_general_ci NULL,
  PRIMARY KEY (`ID_STEP_ATTRIBUTE`) USING BTREE,
  UNIQUE INDEX `IDX_RSAT`(`ID_STEP`, `CODE`, `NR`) USING BTREE
) ENGINE = InnoDB CHARACTER SET = utf8 COLLATE = utf8_general_ci ROW_FORMAT = Dynamic;

-- ----------------------------
-- Records of r_step_attribute
-- ----------------------------
INSERT INTO `r_step_attribute` VALUES (53, 3, 5, 0, 'PARTITIONING_SCHEMA', 0, NULL);
INSERT INTO `r_step_attribute` VALUES (54, 3, 5, 0, 'PARTITIONING_METHOD', 0, 'none');
INSERT INTO `r_step_attribute` VALUES (55, 3, 5, 0, 'field_name', 0, 'id');
INSERT INTO `r_step_attribute` VALUES (56, 3, 5, 0, 'field_rename', 0, NULL);
INSERT INTO `r_step_attribute` VALUES (57, 3, 5, 0, 'field_length', -2, NULL);
INSERT INTO `r_step_attribute` VALUES (58, 3, 5, 0, 'field_precision', -2, NULL);
INSERT INTO `r_step_attribute` VALUES (59, 3, 5, 1, 'field_name', 0, 'station_num');
INSERT INTO `r_step_attribute` VALUES (60, 3, 5, 1, 'field_rename', 0, NULL);
INSERT INTO `r_step_attribute` VALUES (61, 3, 5, 1, 'field_length', -2, NULL);
INSERT INTO `r_step_attribute` VALUES (62, 3, 5, 1, 'field_precision', -2, NULL);
INSERT INTO `r_step_attribute` VALUES (63, 3, 5, 2, 'field_name', 0, 'station_name');
INSERT INTO `r_step_attribute` VALUES (64, 3, 5, 2, 'field_rename', 0, NULL);
INSERT INTO `r_step_attribute` VALUES (65, 3, 5, 2, 'field_length', -2, NULL);
INSERT INTO `r_step_attribute` VALUES (66, 3, 5, 2, 'field_precision', -2, NULL);
INSERT INTO `r_step_attribute` VALUES (67, 3, 5, 3, 'field_name', 0, 'station_district');
INSERT INTO `r_step_attribute` VALUES (68, 3, 5, 3, 'field_rename', 0, NULL);
INSERT INTO `r_step_attribute` VALUES (69, 3, 5, 3, 'field_length', -2, NULL);
INSERT INTO `r_step_attribute` VALUES (70, 3, 5, 3, 'field_precision', -2, NULL);
INSERT INTO `r_step_attribute` VALUES (71, 3, 5, 4, 'field_name', 0, 'parent_id');
INSERT INTO `r_step_attribute` VALUES (72, 3, 5, 4, 'field_rename', 0, NULL);
INSERT INTO `r_step_attribute` VALUES (73, 3, 5, 4, 'field_length', -2, NULL);
INSERT INTO `r_step_attribute` VALUES (74, 3, 5, 4, 'field_precision', -2, NULL);
INSERT INTO `r_step_attribute` VALUES (75, 3, 5, 5, 'field_name', 0, 'create_by');
INSERT INTO `r_step_attribute` VALUES (76, 3, 5, 5, 'field_rename', 0, NULL);
INSERT INTO `r_step_attribute` VALUES (77, 3, 5, 5, 'field_length', -2, NULL);
INSERT INTO `r_step_attribute` VALUES (78, 3, 5, 5, 'field_precision', -2, NULL);
INSERT INTO `r_step_attribute` VALUES (79, 3, 5, 6, 'field_name', 0, 'create_date');
INSERT INTO `r_step_attribute` VALUES (80, 3, 5, 6, 'field_rename', 0, NULL);
INSERT INTO `r_step_attribute` VALUES (81, 3, 5, 6, 'field_length', -2, NULL);
INSERT INTO `r_step_attribute` VALUES (82, 3, 5, 6, 'field_precision', -2, NULL);
INSERT INTO `r_step_attribute` VALUES (83, 3, 5, 7, 'field_name', 0, 'update_by');
INSERT INTO `r_step_attribute` VALUES (84, 3, 5, 7, 'field_rename', 0, NULL);
INSERT INTO `r_step_attribute` VALUES (85, 3, 5, 7, 'field_length', -2, NULL);
INSERT INTO `r_step_attribute` VALUES (86, 3, 5, 7, 'field_precision', -2, NULL);
INSERT INTO `r_step_attribute` VALUES (87, 3, 5, 8, 'field_name', 0, 'update_date');
INSERT INTO `r_step_attribute` VALUES (88, 3, 5, 8, 'field_rename', 0, NULL);
INSERT INTO `r_step_attribute` VALUES (89, 3, 5, 8, 'field_length', -2, NULL);
INSERT INTO `r_step_attribute` VALUES (90, 3, 5, 8, 'field_precision', -2, NULL);
INSERT INTO `r_step_attribute` VALUES (91, 3, 5, 9, 'field_name', 0, 'remarks');
INSERT INTO `r_step_attribute` VALUES (92, 3, 5, 9, 'field_rename', 0, NULL);
INSERT INTO `r_step_attribute` VALUES (93, 3, 5, 9, 'field_length', -2, NULL);
INSERT INTO `r_step_attribute` VALUES (94, 3, 5, 9, 'field_precision', -2, NULL);
INSERT INTO `r_step_attribute` VALUES (95, 3, 5, 10, 'field_name', 0, 'del_flag');
INSERT INTO `r_step_attribute` VALUES (96, 3, 5, 10, 'field_rename', 0, NULL);
INSERT INTO `r_step_attribute` VALUES (97, 3, 5, 10, 'field_length', -2, NULL);
INSERT INTO `r_step_attribute` VALUES (98, 3, 5, 10, 'field_precision', -2, NULL);
INSERT INTO `r_step_attribute` VALUES (99, 3, 5, 0, 'select_unspecified', 0, 'N');
INSERT INTO `r_step_attribute` VALUES (100, 3, 5, 0, 'cluster_schema', 0, NULL);
INSERT INTO `r_step_attribute` VALUES (101, 3, 5, 0, 'row_distribution_code', 0, NULL);
INSERT INTO `r_step_attribute` VALUES (102, 3, 6, 0, 'PARTITIONING_SCHEMA', 0, NULL);
INSERT INTO `r_step_attribute` VALUES (103, 3, 6, 0, 'PARTITIONING_METHOD', 0, 'none');
INSERT INTO `r_step_attribute` VALUES (104, 3, 6, 0, 'field_name', 0, 'id');
INSERT INTO `r_step_attribute` VALUES (105, 3, 6, 0, 'field_rename', 0, NULL);
INSERT INTO `r_step_attribute` VALUES (106, 3, 6, 0, 'field_length', -2, NULL);
INSERT INTO `r_step_attribute` VALUES (107, 3, 6, 0, 'field_precision', -2, NULL);
INSERT INTO `r_step_attribute` VALUES (108, 3, 6, 1, 'field_name', 0, 'station_num');
INSERT INTO `r_step_attribute` VALUES (109, 3, 6, 1, 'field_rename', 0, NULL);
INSERT INTO `r_step_attribute` VALUES (110, 3, 6, 1, 'field_length', -2, NULL);
INSERT INTO `r_step_attribute` VALUES (111, 3, 6, 1, 'field_precision', -2, NULL);
INSERT INTO `r_step_attribute` VALUES (112, 3, 6, 2, 'field_name', 0, 'station_name');
INSERT INTO `r_step_attribute` VALUES (113, 3, 6, 2, 'field_rename', 0, NULL);
INSERT INTO `r_step_attribute` VALUES (114, 3, 6, 2, 'field_length', -2, NULL);
INSERT INTO `r_step_attribute` VALUES (115, 3, 6, 2, 'field_precision', -2, NULL);
INSERT INTO `r_step_attribute` VALUES (116, 3, 6, 3, 'field_name', 0, 'station_district');
INSERT INTO `r_step_attribute` VALUES (117, 3, 6, 3, 'field_rename', 0, NULL);
INSERT INTO `r_step_attribute` VALUES (118, 3, 6, 3, 'field_length', -2, NULL);
INSERT INTO `r_step_attribute` VALUES (119, 3, 6, 3, 'field_precision', -2, NULL);
INSERT INTO `r_step_attribute` VALUES (120, 3, 6, 4, 'field_name', 0, 'parent_id');
INSERT INTO `r_step_attribute` VALUES (121, 3, 6, 4, 'field_rename', 0, NULL);
INSERT INTO `r_step_attribute` VALUES (122, 3, 6, 4, 'field_length', -2, NULL);
INSERT INTO `r_step_attribute` VALUES (123, 3, 6, 4, 'field_precision', -2, NULL);
INSERT INTO `r_step_attribute` VALUES (124, 3, 6, 5, 'field_name', 0, 'create_by');
INSERT INTO `r_step_attribute` VALUES (125, 3, 6, 5, 'field_rename', 0, NULL);
INSERT INTO `r_step_attribute` VALUES (126, 3, 6, 5, 'field_length', -2, NULL);
INSERT INTO `r_step_attribute` VALUES (127, 3, 6, 5, 'field_precision', -2, NULL);
INSERT INTO `r_step_attribute` VALUES (128, 3, 6, 6, 'field_name', 0, 'create_date');
INSERT INTO `r_step_attribute` VALUES (129, 3, 6, 6, 'field_rename', 0, NULL);
INSERT INTO `r_step_attribute` VALUES (130, 3, 6, 6, 'field_length', -2, NULL);
INSERT INTO `r_step_attribute` VALUES (131, 3, 6, 6, 'field_precision', -2, NULL);
INSERT INTO `r_step_attribute` VALUES (132, 3, 6, 7, 'field_name', 0, 'update_by');
INSERT INTO `r_step_attribute` VALUES (133, 3, 6, 7, 'field_rename', 0, NULL);
INSERT INTO `r_step_attribute` VALUES (134, 3, 6, 7, 'field_length', -2, NULL);
INSERT INTO `r_step_attribute` VALUES (135, 3, 6, 7, 'field_precision', -2, NULL);
INSERT INTO `r_step_attribute` VALUES (136, 3, 6, 8, 'field_name', 0, 'update_date');
INSERT INTO `r_step_attribute` VALUES (137, 3, 6, 8, 'field_rename', 0, NULL);
INSERT INTO `r_step_attribute` VALUES (138, 3, 6, 8, 'field_length', -2, NULL);
INSERT INTO `r_step_attribute` VALUES (139, 3, 6, 8, 'field_precision', -2, NULL);
INSERT INTO `r_step_attribute` VALUES (140, 3, 6, 9, 'field_name', 0, 'remarks');
INSERT INTO `r_step_attribute` VALUES (141, 3, 6, 9, 'field_rename', 0, NULL);
INSERT INTO `r_step_attribute` VALUES (142, 3, 6, 9, 'field_length', -2, NULL);
INSERT INTO `r_step_attribute` VALUES (143, 3, 6, 9, 'field_precision', -2, NULL);
INSERT INTO `r_step_attribute` VALUES (144, 3, 6, 10, 'field_name', 0, 'del_flag');
INSERT INTO `r_step_attribute` VALUES (145, 3, 6, 10, 'field_rename', 0, NULL);
INSERT INTO `r_step_attribute` VALUES (146, 3, 6, 10, 'field_length', -2, NULL);
INSERT INTO `r_step_attribute` VALUES (147, 3, 6, 10, 'field_precision', -2, NULL);
INSERT INTO `r_step_attribute` VALUES (148, 3, 6, 11, 'field_name', 0, 'time');
INSERT INTO `r_step_attribute` VALUES (149, 3, 6, 11, 'field_rename', 0, NULL);
INSERT INTO `r_step_attribute` VALUES (150, 3, 6, 11, 'field_length', -2, NULL);
INSERT INTO `r_step_attribute` VALUES (151, 3, 6, 11, 'field_precision', -2, NULL);
INSERT INTO `r_step_attribute` VALUES (152, 3, 6, 0, 'select_unspecified', 0, 'N');
INSERT INTO `r_step_attribute` VALUES (153, 3, 6, 0, 'cluster_schema', 0, NULL);
INSERT INTO `r_step_attribute` VALUES (154, 3, 6, 0, 'row_distribution_code', 0, NULL);
INSERT INTO `r_step_attribute` VALUES (155, 3, 7, 0, 'PARTITIONING_SCHEMA', 0, NULL);
INSERT INTO `r_step_attribute` VALUES (156, 3, 7, 0, 'PARTITIONING_METHOD', 0, 'none');
INSERT INTO `r_step_attribute` VALUES (157, 3, 7, 0, 'id_connection', 1, NULL);
INSERT INTO `r_step_attribute` VALUES (158, 3, 7, 0, 'commit', 0, '100');
INSERT INTO `r_step_attribute` VALUES (159, 3, 7, 0, 'schema', 0, NULL);
INSERT INTO `r_step_attribute` VALUES (160, 3, 7, 0, 'table', 0, 'sup_surveystation');
INSERT INTO `r_step_attribute` VALUES (161, 3, 7, 0, 'update_bypassed', 0, 'N');
INSERT INTO `r_step_attribute` VALUES (162, 3, 7, 0, 'key_name', 0, 'id');
INSERT INTO `r_step_attribute` VALUES (163, 3, 7, 0, 'key_field', 0, 'id');
INSERT INTO `r_step_attribute` VALUES (164, 3, 7, 0, 'key_condition', 0, '=');
INSERT INTO `r_step_attribute` VALUES (165, 3, 7, 0, 'key_name2', 0, NULL);
INSERT INTO `r_step_attribute` VALUES (166, 3, 7, 0, 'value_name', 0, 'id');
INSERT INTO `r_step_attribute` VALUES (167, 3, 7, 0, 'value_rename', 0, 'id');
INSERT INTO `r_step_attribute` VALUES (168, 3, 7, 0, 'value_update', 0, 'Y');
INSERT INTO `r_step_attribute` VALUES (169, 3, 7, 1, 'value_name', 0, 'station_num');
INSERT INTO `r_step_attribute` VALUES (170, 3, 7, 1, 'value_rename', 0, 'station_num');
INSERT INTO `r_step_attribute` VALUES (171, 3, 7, 1, 'value_update', 0, 'Y');
INSERT INTO `r_step_attribute` VALUES (172, 3, 7, 2, 'value_name', 0, 'station_name');
INSERT INTO `r_step_attribute` VALUES (173, 3, 7, 2, 'value_rename', 0, 'station_name');
INSERT INTO `r_step_attribute` VALUES (174, 3, 7, 2, 'value_update', 0, 'Y');
INSERT INTO `r_step_attribute` VALUES (175, 3, 7, 3, 'value_name', 0, 'station_district');
INSERT INTO `r_step_attribute` VALUES (176, 3, 7, 3, 'value_rename', 0, 'station_district');
INSERT INTO `r_step_attribute` VALUES (177, 3, 7, 3, 'value_update', 0, 'Y');
INSERT INTO `r_step_attribute` VALUES (178, 3, 7, 4, 'value_name', 0, 'parent_id');
INSERT INTO `r_step_attribute` VALUES (179, 3, 7, 4, 'value_rename', 0, 'parent_id');
INSERT INTO `r_step_attribute` VALUES (180, 3, 7, 4, 'value_update', 0, 'Y');
INSERT INTO `r_step_attribute` VALUES (181, 3, 7, 5, 'value_name', 0, 'create_by');
INSERT INTO `r_step_attribute` VALUES (182, 3, 7, 5, 'value_rename', 0, 'create_by');
INSERT INTO `r_step_attribute` VALUES (183, 3, 7, 5, 'value_update', 0, 'Y');
INSERT INTO `r_step_attribute` VALUES (184, 3, 7, 6, 'value_name', 0, 'create_date');
INSERT INTO `r_step_attribute` VALUES (185, 3, 7, 6, 'value_rename', 0, 'create_date');
INSERT INTO `r_step_attribute` VALUES (186, 3, 7, 6, 'value_update', 0, 'Y');
INSERT INTO `r_step_attribute` VALUES (187, 3, 7, 7, 'value_name', 0, 'update_by');
INSERT INTO `r_step_attribute` VALUES (188, 3, 7, 7, 'value_rename', 0, 'update_by');
INSERT INTO `r_step_attribute` VALUES (189, 3, 7, 7, 'value_update', 0, 'Y');
INSERT INTO `r_step_attribute` VALUES (190, 3, 7, 8, 'value_name', 0, 'update_date');
INSERT INTO `r_step_attribute` VALUES (191, 3, 7, 8, 'value_rename', 0, 'update_date');
INSERT INTO `r_step_attribute` VALUES (192, 3, 7, 8, 'value_update', 0, 'Y');
INSERT INTO `r_step_attribute` VALUES (193, 3, 7, 9, 'value_name', 0, 'remarks');
INSERT INTO `r_step_attribute` VALUES (194, 3, 7, 9, 'value_rename', 0, 'remarks');
INSERT INTO `r_step_attribute` VALUES (195, 3, 7, 9, 'value_update', 0, 'Y');
INSERT INTO `r_step_attribute` VALUES (196, 3, 7, 10, 'value_name', 0, 'del_flag');
INSERT INTO `r_step_attribute` VALUES (197, 3, 7, 10, 'value_rename', 0, 'del_flag');
INSERT INTO `r_step_attribute` VALUES (198, 3, 7, 10, 'value_update', 0, 'Y');
INSERT INTO `r_step_attribute` VALUES (199, 3, 7, 11, 'value_name', 0, 'time');
INSERT INTO `r_step_attribute` VALUES (200, 3, 7, 11, 'value_rename', 0, 'time');
INSERT INTO `r_step_attribute` VALUES (201, 3, 7, 11, 'value_update', 0, 'Y');
INSERT INTO `r_step_attribute` VALUES (202, 3, 7, 0, 'cluster_schema', 0, NULL);
INSERT INTO `r_step_attribute` VALUES (203, 3, 7, 0, 'row_distribution_code', 0, NULL);
INSERT INTO `r_step_attribute` VALUES (204, 3, 8, 0, 'PARTITIONING_SCHEMA', 0, NULL);
INSERT INTO `r_step_attribute` VALUES (205, 3, 8, 0, 'PARTITIONING_METHOD', 0, 'none');
INSERT INTO `r_step_attribute` VALUES (206, 3, 8, 0, 'field_name', 0, 'time');
INSERT INTO `r_step_attribute` VALUES (207, 3, 8, 0, 'field_type', 0, 'system date (variable)');
INSERT INTO `r_step_attribute` VALUES (208, 3, 8, 0, 'cluster_schema', 0, NULL);
INSERT INTO `r_step_attribute` VALUES (209, 3, 8, 0, 'row_distribution_code', 0, NULL);
INSERT INTO `r_step_attribute` VALUES (210, 3, 9, 0, 'PARTITIONING_SCHEMA', 0, NULL);
INSERT INTO `r_step_attribute` VALUES (211, 3, 9, 0, 'PARTITIONING_METHOD', 0, 'none');
INSERT INTO `r_step_attribute` VALUES (212, 3, 9, 0, 'id_connection', 2, NULL);
INSERT INTO `r_step_attribute` VALUES (213, 3, 9, 0, 'sql', 0, 'SELECT\n  id\n, station_num\n, station_name\n, station_district\n, parent_id\n, create_by\n, create_date\n, update_by\n, update_date\n, remarks\n, del_flag\nFROM sup_surveystation\n');
INSERT INTO `r_step_attribute` VALUES (214, 3, 9, 0, 'limit', 0, '0');
INSERT INTO `r_step_attribute` VALUES (215, 3, 9, 0, 'lookup', 0, NULL);
INSERT INTO `r_step_attribute` VALUES (216, 3, 9, 0, 'execute_each_row', 0, 'N');
INSERT INTO `r_step_attribute` VALUES (217, 3, 9, 0, 'variables_active', 0, 'N');
INSERT INTO `r_step_attribute` VALUES (218, 3, 9, 0, 'lazy_conversion_active', 0, 'N');
INSERT INTO `r_step_attribute` VALUES (219, 3, 9, 0, 'cluster_schema', 0, NULL);
INSERT INTO `r_step_attribute` VALUES (220, 3, 9, 0, 'row_distribution_code', 0, NULL);
INSERT INTO `r_step_attribute` VALUES (221, 3, 10, 0, 'PARTITIONING_SCHEMA', 0, NULL);
INSERT INTO `r_step_attribute` VALUES (222, 3, 10, 0, 'PARTITIONING_METHOD', 0, 'none');
INSERT INTO `r_step_attribute` VALUES (223, 3, 10, 0, 'id_connection', 1, NULL);
INSERT INTO `r_step_attribute` VALUES (224, 3, 10, 0, 'schema', 0, NULL);
INSERT INTO `r_step_attribute` VALUES (225, 3, 10, 0, 'table', 0, 'failure');
INSERT INTO `r_step_attribute` VALUES (226, 3, 10, 0, 'commit', 0, '1000');
INSERT INTO `r_step_attribute` VALUES (227, 3, 10, 0, 'truncate', 0, 'N');
INSERT INTO `r_step_attribute` VALUES (228, 3, 10, 0, 'ignore_errors', 0, 'N');
INSERT INTO `r_step_attribute` VALUES (229, 3, 10, 0, 'use_batch', 0, 'Y');
INSERT INTO `r_step_attribute` VALUES (230, 3, 10, 0, 'specify_fields', 0, 'Y');
INSERT INTO `r_step_attribute` VALUES (231, 3, 10, 0, 'partitioning_enabled', 0, 'N');
INSERT INTO `r_step_attribute` VALUES (232, 3, 10, 0, 'partitioning_field', 0, NULL);
INSERT INTO `r_step_attribute` VALUES (233, 3, 10, 0, 'partitioning_daily', 0, 'N');
INSERT INTO `r_step_attribute` VALUES (234, 3, 10, 0, 'partitioning_monthly', 0, 'Y');
INSERT INTO `r_step_attribute` VALUES (235, 3, 10, 0, 'tablename_in_field', 0, 'N');
INSERT INTO `r_step_attribute` VALUES (236, 3, 10, 0, 'tablename_field', 0, NULL);
INSERT INTO `r_step_attribute` VALUES (237, 3, 10, 0, 'tablename_in_table', 0, 'Y');
INSERT INTO `r_step_attribute` VALUES (238, 3, 10, 0, 'return_keys', 0, 'N');
INSERT INTO `r_step_attribute` VALUES (239, 3, 10, 0, 'return_field', 0, NULL);
INSERT INTO `r_step_attribute` VALUES (240, 3, 10, 0, 'column_name', 0, 'id');
INSERT INTO `r_step_attribute` VALUES (241, 3, 10, 0, 'stream_name', 0, 'id');
INSERT INTO `r_step_attribute` VALUES (242, 3, 10, 1, 'column_name', 0, 'station_num');
INSERT INTO `r_step_attribute` VALUES (243, 3, 10, 1, 'stream_name', 0, 'station_num');
INSERT INTO `r_step_attribute` VALUES (244, 3, 10, 2, 'column_name', 0, 'station_name');
INSERT INTO `r_step_attribute` VALUES (245, 3, 10, 2, 'stream_name', 0, 'station_name');
INSERT INTO `r_step_attribute` VALUES (246, 3, 10, 3, 'column_name', 0, 'station_district');
INSERT INTO `r_step_attribute` VALUES (247, 3, 10, 3, 'stream_name', 0, 'station_district');
INSERT INTO `r_step_attribute` VALUES (248, 3, 10, 4, 'column_name', 0, 'parent_id');
INSERT INTO `r_step_attribute` VALUES (249, 3, 10, 4, 'stream_name', 0, 'parent_id');
INSERT INTO `r_step_attribute` VALUES (250, 3, 10, 5, 'column_name', 0, 'create_by');
INSERT INTO `r_step_attribute` VALUES (251, 3, 10, 5, 'stream_name', 0, 'create_by');
INSERT INTO `r_step_attribute` VALUES (252, 3, 10, 6, 'column_name', 0, 'create_date');
INSERT INTO `r_step_attribute` VALUES (253, 3, 10, 6, 'stream_name', 0, 'create_date');
INSERT INTO `r_step_attribute` VALUES (254, 3, 10, 7, 'column_name', 0, 'update_by');
INSERT INTO `r_step_attribute` VALUES (255, 3, 10, 7, 'stream_name', 0, 'update_by');
INSERT INTO `r_step_attribute` VALUES (256, 3, 10, 8, 'column_name', 0, 'update_date');
INSERT INTO `r_step_attribute` VALUES (257, 3, 10, 8, 'stream_name', 0, 'update_date');
INSERT INTO `r_step_attribute` VALUES (258, 3, 10, 9, 'column_name', 0, 'remarks');
INSERT INTO `r_step_attribute` VALUES (259, 3, 10, 9, 'stream_name', 0, 'remarks');
INSERT INTO `r_step_attribute` VALUES (260, 3, 10, 10, 'column_name', 0, 'del_flag');
INSERT INTO `r_step_attribute` VALUES (261, 3, 10, 10, 'stream_name', 0, 'del_flag');
INSERT INTO `r_step_attribute` VALUES (262, 3, 10, 11, 'column_name', 0, 'time');
INSERT INTO `r_step_attribute` VALUES (263, 3, 10, 11, 'stream_name', 0, 'time');
INSERT INTO `r_step_attribute` VALUES (264, 3, 10, 12, 'column_name', 0, 'errorNum');
INSERT INTO `r_step_attribute` VALUES (265, 3, 10, 12, 'stream_name', 0, 'errorNum');
INSERT INTO `r_step_attribute` VALUES (266, 3, 10, 13, 'column_name', 0, 'errorDesc');
INSERT INTO `r_step_attribute` VALUES (267, 3, 10, 13, 'stream_name', 0, 'errorDesc');
INSERT INTO `r_step_attribute` VALUES (268, 3, 10, 14, 'column_name', 0, 'errorName');
INSERT INTO `r_step_attribute` VALUES (269, 3, 10, 14, 'stream_name', 0, 'errorName');
INSERT INTO `r_step_attribute` VALUES (270, 3, 10, 15, 'column_name', 0, 'errorCode');
INSERT INTO `r_step_attribute` VALUES (271, 3, 10, 15, 'stream_name', 0, 'errorCode');
INSERT INTO `r_step_attribute` VALUES (272, 3, 10, 0, 'cluster_schema', 0, NULL);
INSERT INTO `r_step_attribute` VALUES (273, 3, 10, 0, 'row_distribution_code', 0, NULL);
INSERT INTO `r_step_attribute` VALUES (274, 3, 6, 0, 'step_error_handling_source_step', 0, '字段选择 2');
INSERT INTO `r_step_attribute` VALUES (275, 3, 6, 0, 'step_error_handling_target_step', 0, NULL);
INSERT INTO `r_step_attribute` VALUES (276, 3, 6, 0, 'step_error_handling_is_enabled', 0, 'Y');
INSERT INTO `r_step_attribute` VALUES (277, 3, 6, 0, 'step_error_handling_nr_valuename', 0, NULL);
INSERT INTO `r_step_attribute` VALUES (278, 3, 6, 0, 'step_error_handling_descriptions_valuename', 0, NULL);
INSERT INTO `r_step_attribute` VALUES (279, 3, 6, 0, 'step_error_handling_fields_valuename', 0, NULL);
INSERT INTO `r_step_attribute` VALUES (280, 3, 6, 0, 'step_error_handling_codes_valuename', 0, NULL);
INSERT INTO `r_step_attribute` VALUES (281, 3, 6, 0, 'step_error_handling_max_errors', 0, NULL);
INSERT INTO `r_step_attribute` VALUES (282, 3, 6, 0, 'step_error_handling_max_pct_errors', 0, NULL);
INSERT INTO `r_step_attribute` VALUES (283, 3, 6, 0, 'step_error_handling_min_pct_rows', 0, NULL);
INSERT INTO `r_step_attribute` VALUES (284, 3, 7, 0, 'step_error_handling_source_step', 0, '插入 / 更新');
INSERT INTO `r_step_attribute` VALUES (285, 3, 7, 0, 'step_error_handling_target_step', 0, '表输出');
INSERT INTO `r_step_attribute` VALUES (286, 3, 7, 0, 'step_error_handling_is_enabled', 0, 'Y');
INSERT INTO `r_step_attribute` VALUES (287, 3, 7, 0, 'step_error_handling_nr_valuename', 0, 'errorNum');
INSERT INTO `r_step_attribute` VALUES (288, 3, 7, 0, 'step_error_handling_descriptions_valuename', 0, 'errorDesc');
INSERT INTO `r_step_attribute` VALUES (289, 3, 7, 0, 'step_error_handling_fields_valuename', 0, 'errorName');
INSERT INTO `r_step_attribute` VALUES (290, 3, 7, 0, 'step_error_handling_codes_valuename', 0, 'errorCode');
INSERT INTO `r_step_attribute` VALUES (291, 3, 7, 0, 'step_error_handling_max_errors', 0, NULL);
INSERT INTO `r_step_attribute` VALUES (292, 3, 7, 0, 'step_error_handling_max_pct_errors', 0, NULL);
INSERT INTO `r_step_attribute` VALUES (293, 3, 7, 0, 'step_error_handling_min_pct_rows', 0, NULL);
INSERT INTO `r_step_attribute` VALUES (294, 4, 11, 0, 'PARTITIONING_SCHEMA', 0, NULL);
INSERT INTO `r_step_attribute` VALUES (295, 4, 11, 0, 'PARTITIONING_METHOD', 0, 'none');
INSERT INTO `r_step_attribute` VALUES (296, 4, 11, 0, 'field_name', 0, 'id');
INSERT INTO `r_step_attribute` VALUES (297, 4, 11, 0, 'field_rename', 0, NULL);
INSERT INTO `r_step_attribute` VALUES (298, 4, 11, 0, 'field_length', -2, NULL);
INSERT INTO `r_step_attribute` VALUES (299, 4, 11, 0, 'field_precision', -2, NULL);
INSERT INTO `r_step_attribute` VALUES (300, 4, 11, 1, 'field_name', 0, 'station_num');
INSERT INTO `r_step_attribute` VALUES (301, 4, 11, 1, 'field_rename', 0, NULL);
INSERT INTO `r_step_attribute` VALUES (302, 4, 11, 1, 'field_length', -2, NULL);
INSERT INTO `r_step_attribute` VALUES (303, 4, 11, 1, 'field_precision', -2, NULL);
INSERT INTO `r_step_attribute` VALUES (304, 4, 11, 2, 'field_name', 0, 'station_name');
INSERT INTO `r_step_attribute` VALUES (305, 4, 11, 2, 'field_rename', 0, NULL);
INSERT INTO `r_step_attribute` VALUES (306, 4, 11, 2, 'field_length', -2, NULL);
INSERT INTO `r_step_attribute` VALUES (307, 4, 11, 2, 'field_precision', -2, NULL);
INSERT INTO `r_step_attribute` VALUES (308, 4, 11, 3, 'field_name', 0, 'station_district');
INSERT INTO `r_step_attribute` VALUES (309, 4, 11, 3, 'field_rename', 0, NULL);
INSERT INTO `r_step_attribute` VALUES (310, 4, 11, 3, 'field_length', -2, NULL);
INSERT INTO `r_step_attribute` VALUES (311, 4, 11, 3, 'field_precision', -2, NULL);
INSERT INTO `r_step_attribute` VALUES (312, 4, 11, 4, 'field_name', 0, 'parent_id');
INSERT INTO `r_step_attribute` VALUES (313, 4, 11, 4, 'field_rename', 0, NULL);
INSERT INTO `r_step_attribute` VALUES (314, 4, 11, 4, 'field_length', -2, NULL);
INSERT INTO `r_step_attribute` VALUES (315, 4, 11, 4, 'field_precision', -2, NULL);
INSERT INTO `r_step_attribute` VALUES (316, 4, 11, 5, 'field_name', 0, 'create_by');
INSERT INTO `r_step_attribute` VALUES (317, 4, 11, 5, 'field_rename', 0, NULL);
INSERT INTO `r_step_attribute` VALUES (318, 4, 11, 5, 'field_length', -2, NULL);
INSERT INTO `r_step_attribute` VALUES (319, 4, 11, 5, 'field_precision', -2, NULL);
INSERT INTO `r_step_attribute` VALUES (320, 4, 11, 6, 'field_name', 0, 'create_date');
INSERT INTO `r_step_attribute` VALUES (321, 4, 11, 6, 'field_rename', 0, NULL);
INSERT INTO `r_step_attribute` VALUES (322, 4, 11, 6, 'field_length', -2, NULL);
INSERT INTO `r_step_attribute` VALUES (323, 4, 11, 6, 'field_precision', -2, NULL);
INSERT INTO `r_step_attribute` VALUES (324, 4, 11, 7, 'field_name', 0, 'update_by');
INSERT INTO `r_step_attribute` VALUES (325, 4, 11, 7, 'field_rename', 0, NULL);
INSERT INTO `r_step_attribute` VALUES (326, 4, 11, 7, 'field_length', -2, NULL);
INSERT INTO `r_step_attribute` VALUES (327, 4, 11, 7, 'field_precision', -2, NULL);
INSERT INTO `r_step_attribute` VALUES (328, 4, 11, 8, 'field_name', 0, 'update_date');
INSERT INTO `r_step_attribute` VALUES (329, 4, 11, 8, 'field_rename', 0, NULL);
INSERT INTO `r_step_attribute` VALUES (330, 4, 11, 8, 'field_length', -2, NULL);
INSERT INTO `r_step_attribute` VALUES (331, 4, 11, 8, 'field_precision', -2, NULL);
INSERT INTO `r_step_attribute` VALUES (332, 4, 11, 9, 'field_name', 0, 'remarks');
INSERT INTO `r_step_attribute` VALUES (333, 4, 11, 9, 'field_rename', 0, NULL);
INSERT INTO `r_step_attribute` VALUES (334, 4, 11, 9, 'field_length', -2, NULL);
INSERT INTO `r_step_attribute` VALUES (335, 4, 11, 9, 'field_precision', -2, NULL);
INSERT INTO `r_step_attribute` VALUES (336, 4, 11, 10, 'field_name', 0, 'del_flag');
INSERT INTO `r_step_attribute` VALUES (337, 4, 11, 10, 'field_rename', 0, NULL);
INSERT INTO `r_step_attribute` VALUES (338, 4, 11, 10, 'field_length', -2, NULL);
INSERT INTO `r_step_attribute` VALUES (339, 4, 11, 10, 'field_precision', -2, NULL);
INSERT INTO `r_step_attribute` VALUES (340, 4, 11, 0, 'select_unspecified', 0, 'N');
INSERT INTO `r_step_attribute` VALUES (341, 4, 11, 0, 'cluster_schema', 0, NULL);
INSERT INTO `r_step_attribute` VALUES (342, 4, 11, 0, 'row_distribution_code', 0, NULL);
INSERT INTO `r_step_attribute` VALUES (343, 4, 12, 0, 'PARTITIONING_SCHEMA', 0, NULL);
INSERT INTO `r_step_attribute` VALUES (344, 4, 12, 0, 'PARTITIONING_METHOD', 0, 'none');
INSERT INTO `r_step_attribute` VALUES (345, 4, 12, 0, 'directory', 0, '%%java.io.tmpdir%%');
INSERT INTO `r_step_attribute` VALUES (346, 4, 12, 0, 'prefix', 0, 'out');
INSERT INTO `r_step_attribute` VALUES (347, 4, 12, 0, 'sort_size', 0, '1000000');
INSERT INTO `r_step_attribute` VALUES (348, 4, 12, 0, 'free_memory', 0, NULL);
INSERT INTO `r_step_attribute` VALUES (349, 4, 12, 0, 'compress', 0, 'N');
INSERT INTO `r_step_attribute` VALUES (350, 4, 12, 0, 'compress_variable', 0, NULL);
INSERT INTO `r_step_attribute` VALUES (351, 4, 12, 0, 'unique_rows', 0, 'N');
INSERT INTO `r_step_attribute` VALUES (352, 4, 12, 0, 'field_name', 0, 'id');
INSERT INTO `r_step_attribute` VALUES (353, 4, 12, 0, 'field_ascending', 0, 'Y');
INSERT INTO `r_step_attribute` VALUES (354, 4, 12, 0, 'field_case_sensitive', 0, 'N');
INSERT INTO `r_step_attribute` VALUES (355, 4, 12, 0, 'field_collator_enabled', 0, 'N');
INSERT INTO `r_step_attribute` VALUES (356, 4, 12, 0, 'field_collator_strength', 0, NULL);
INSERT INTO `r_step_attribute` VALUES (357, 4, 12, 0, 'field_presorted', 0, 'N');
INSERT INTO `r_step_attribute` VALUES (358, 4, 12, 1, 'field_name', 0, 'station_num');
INSERT INTO `r_step_attribute` VALUES (359, 4, 12, 1, 'field_ascending', 0, 'Y');
INSERT INTO `r_step_attribute` VALUES (360, 4, 12, 1, 'field_case_sensitive', 0, 'N');
INSERT INTO `r_step_attribute` VALUES (361, 4, 12, 1, 'field_collator_enabled', 0, 'N');
INSERT INTO `r_step_attribute` VALUES (362, 4, 12, 1, 'field_collator_strength', 0, NULL);
INSERT INTO `r_step_attribute` VALUES (363, 4, 12, 1, 'field_presorted', 0, 'N');
INSERT INTO `r_step_attribute` VALUES (364, 4, 12, 2, 'field_name', 0, 'station_name');
INSERT INTO `r_step_attribute` VALUES (365, 4, 12, 2, 'field_ascending', 0, 'Y');
INSERT INTO `r_step_attribute` VALUES (366, 4, 12, 2, 'field_case_sensitive', 0, 'N');
INSERT INTO `r_step_attribute` VALUES (367, 4, 12, 2, 'field_collator_enabled', 0, 'N');
INSERT INTO `r_step_attribute` VALUES (368, 4, 12, 2, 'field_collator_strength', 0, NULL);
INSERT INTO `r_step_attribute` VALUES (369, 4, 12, 2, 'field_presorted', 0, 'N');
INSERT INTO `r_step_attribute` VALUES (370, 4, 12, 3, 'field_name', 0, 'station_district');
INSERT INTO `r_step_attribute` VALUES (371, 4, 12, 3, 'field_ascending', 0, 'Y');
INSERT INTO `r_step_attribute` VALUES (372, 4, 12, 3, 'field_case_sensitive', 0, 'N');
INSERT INTO `r_step_attribute` VALUES (373, 4, 12, 3, 'field_collator_enabled', 0, 'N');
INSERT INTO `r_step_attribute` VALUES (374, 4, 12, 3, 'field_collator_strength', 0, NULL);
INSERT INTO `r_step_attribute` VALUES (375, 4, 12, 3, 'field_presorted', 0, 'N');
INSERT INTO `r_step_attribute` VALUES (376, 4, 12, 4, 'field_name', 0, 'parent_id');
INSERT INTO `r_step_attribute` VALUES (377, 4, 12, 4, 'field_ascending', 0, 'Y');
INSERT INTO `r_step_attribute` VALUES (378, 4, 12, 4, 'field_case_sensitive', 0, 'N');
INSERT INTO `r_step_attribute` VALUES (379, 4, 12, 4, 'field_collator_enabled', 0, 'N');
INSERT INTO `r_step_attribute` VALUES (380, 4, 12, 4, 'field_collator_strength', 0, NULL);
INSERT INTO `r_step_attribute` VALUES (381, 4, 12, 4, 'field_presorted', 0, 'N');
INSERT INTO `r_step_attribute` VALUES (382, 4, 12, 5, 'field_name', 0, 'create_by');
INSERT INTO `r_step_attribute` VALUES (383, 4, 12, 5, 'field_ascending', 0, 'Y');
INSERT INTO `r_step_attribute` VALUES (384, 4, 12, 5, 'field_case_sensitive', 0, 'N');
INSERT INTO `r_step_attribute` VALUES (385, 4, 12, 5, 'field_collator_enabled', 0, 'N');
INSERT INTO `r_step_attribute` VALUES (386, 4, 12, 5, 'field_collator_strength', 0, NULL);
INSERT INTO `r_step_attribute` VALUES (387, 4, 12, 5, 'field_presorted', 0, 'N');
INSERT INTO `r_step_attribute` VALUES (388, 4, 12, 6, 'field_name', 0, 'create_date');
INSERT INTO `r_step_attribute` VALUES (389, 4, 12, 6, 'field_ascending', 0, 'Y');
INSERT INTO `r_step_attribute` VALUES (390, 4, 12, 6, 'field_case_sensitive', 0, 'N');
INSERT INTO `r_step_attribute` VALUES (391, 4, 12, 6, 'field_collator_enabled', 0, 'N');
INSERT INTO `r_step_attribute` VALUES (392, 4, 12, 6, 'field_collator_strength', 0, NULL);
INSERT INTO `r_step_attribute` VALUES (393, 4, 12, 6, 'field_presorted', 0, 'N');
INSERT INTO `r_step_attribute` VALUES (394, 4, 12, 7, 'field_name', 0, 'update_by');
INSERT INTO `r_step_attribute` VALUES (395, 4, 12, 7, 'field_ascending', 0, 'Y');
INSERT INTO `r_step_attribute` VALUES (396, 4, 12, 7, 'field_case_sensitive', 0, 'N');
INSERT INTO `r_step_attribute` VALUES (397, 4, 12, 7, 'field_collator_enabled', 0, 'N');
INSERT INTO `r_step_attribute` VALUES (398, 4, 12, 7, 'field_collator_strength', 0, NULL);
INSERT INTO `r_step_attribute` VALUES (399, 4, 12, 7, 'field_presorted', 0, 'N');
INSERT INTO `r_step_attribute` VALUES (400, 4, 12, 8, 'field_name', 0, 'update_date');
INSERT INTO `r_step_attribute` VALUES (401, 4, 12, 8, 'field_ascending', 0, 'Y');
INSERT INTO `r_step_attribute` VALUES (402, 4, 12, 8, 'field_case_sensitive', 0, 'N');
INSERT INTO `r_step_attribute` VALUES (403, 4, 12, 8, 'field_collator_enabled', 0, 'N');
INSERT INTO `r_step_attribute` VALUES (404, 4, 12, 8, 'field_collator_strength', 0, NULL);
INSERT INTO `r_step_attribute` VALUES (405, 4, 12, 8, 'field_presorted', 0, 'N');
INSERT INTO `r_step_attribute` VALUES (406, 4, 12, 9, 'field_name', 0, 'remarks');
INSERT INTO `r_step_attribute` VALUES (407, 4, 12, 9, 'field_ascending', 0, 'Y');
INSERT INTO `r_step_attribute` VALUES (408, 4, 12, 9, 'field_case_sensitive', 0, 'N');
INSERT INTO `r_step_attribute` VALUES (409, 4, 12, 9, 'field_collator_enabled', 0, 'N');
INSERT INTO `r_step_attribute` VALUES (410, 4, 12, 9, 'field_collator_strength', 0, NULL);
INSERT INTO `r_step_attribute` VALUES (411, 4, 12, 9, 'field_presorted', 0, 'N');
INSERT INTO `r_step_attribute` VALUES (412, 4, 12, 10, 'field_name', 0, 'del_flag');
INSERT INTO `r_step_attribute` VALUES (413, 4, 12, 10, 'field_ascending', 0, 'Y');
INSERT INTO `r_step_attribute` VALUES (414, 4, 12, 10, 'field_case_sensitive', 0, 'N');
INSERT INTO `r_step_attribute` VALUES (415, 4, 12, 10, 'field_collator_enabled', 0, 'N');
INSERT INTO `r_step_attribute` VALUES (416, 4, 12, 10, 'field_collator_strength', 0, NULL);
INSERT INTO `r_step_attribute` VALUES (417, 4, 12, 10, 'field_presorted', 0, 'N');
INSERT INTO `r_step_attribute` VALUES (418, 4, 12, 0, 'cluster_schema', 0, NULL);
INSERT INTO `r_step_attribute` VALUES (419, 4, 12, 0, 'row_distribution_code', 0, NULL);
INSERT INTO `r_step_attribute` VALUES (420, 4, 13, 0, 'PARTITIONING_SCHEMA', 0, NULL);
INSERT INTO `r_step_attribute` VALUES (421, 4, 13, 0, 'PARTITIONING_METHOD', 0, 'none');
INSERT INTO `r_step_attribute` VALUES (422, 4, 13, 0, 'id_connection', 1, NULL);
INSERT INTO `r_step_attribute` VALUES (423, 4, 13, 0, 'commit', 0, '100');
INSERT INTO `r_step_attribute` VALUES (424, 4, 13, 0, 'schema', 0, NULL);
INSERT INTO `r_step_attribute` VALUES (425, 4, 13, 0, 'table', 0, 'sup_surveystation');
INSERT INTO `r_step_attribute` VALUES (426, 4, 13, 0, 'update_bypassed', 0, 'N');
INSERT INTO `r_step_attribute` VALUES (427, 4, 13, 0, 'key_name', 0, 'id');
INSERT INTO `r_step_attribute` VALUES (428, 4, 13, 0, 'key_field', 0, 'id');
INSERT INTO `r_step_attribute` VALUES (429, 4, 13, 0, 'key_condition', 0, '=');
INSERT INTO `r_step_attribute` VALUES (430, 4, 13, 0, 'key_name2', 0, NULL);
INSERT INTO `r_step_attribute` VALUES (431, 4, 13, 0, 'value_name', 0, 'id');
INSERT INTO `r_step_attribute` VALUES (432, 4, 13, 0, 'value_rename', 0, 'id');
INSERT INTO `r_step_attribute` VALUES (433, 4, 13, 0, 'value_update', 0, 'Y');
INSERT INTO `r_step_attribute` VALUES (434, 4, 13, 1, 'value_name', 0, 'station_num');
INSERT INTO `r_step_attribute` VALUES (435, 4, 13, 1, 'value_rename', 0, 'station_num');
INSERT INTO `r_step_attribute` VALUES (436, 4, 13, 1, 'value_update', 0, 'Y');
INSERT INTO `r_step_attribute` VALUES (437, 4, 13, 2, 'value_name', 0, 'station_name');
INSERT INTO `r_step_attribute` VALUES (438, 4, 13, 2, 'value_rename', 0, 'station_name');
INSERT INTO `r_step_attribute` VALUES (439, 4, 13, 2, 'value_update', 0, 'Y');
INSERT INTO `r_step_attribute` VALUES (440, 4, 13, 3, 'value_name', 0, 'station_district');
INSERT INTO `r_step_attribute` VALUES (441, 4, 13, 3, 'value_rename', 0, 'station_district');
INSERT INTO `r_step_attribute` VALUES (442, 4, 13, 3, 'value_update', 0, 'Y');
INSERT INTO `r_step_attribute` VALUES (443, 4, 13, 4, 'value_name', 0, 'parent_id');
INSERT INTO `r_step_attribute` VALUES (444, 4, 13, 4, 'value_rename', 0, 'parent_id');
INSERT INTO `r_step_attribute` VALUES (445, 4, 13, 4, 'value_update', 0, 'Y');
INSERT INTO `r_step_attribute` VALUES (446, 4, 13, 5, 'value_name', 0, 'create_by');
INSERT INTO `r_step_attribute` VALUES (447, 4, 13, 5, 'value_rename', 0, 'create_by');
INSERT INTO `r_step_attribute` VALUES (448, 4, 13, 5, 'value_update', 0, 'Y');
INSERT INTO `r_step_attribute` VALUES (449, 4, 13, 6, 'value_name', 0, 'create_date');
INSERT INTO `r_step_attribute` VALUES (450, 4, 13, 6, 'value_rename', 0, 'create_date');
INSERT INTO `r_step_attribute` VALUES (451, 4, 13, 6, 'value_update', 0, 'Y');
INSERT INTO `r_step_attribute` VALUES (452, 4, 13, 7, 'value_name', 0, 'update_by');
INSERT INTO `r_step_attribute` VALUES (453, 4, 13, 7, 'value_rename', 0, 'update_by');
INSERT INTO `r_step_attribute` VALUES (454, 4, 13, 7, 'value_update', 0, 'Y');
INSERT INTO `r_step_attribute` VALUES (455, 4, 13, 8, 'value_name', 0, 'update_date');
INSERT INTO `r_step_attribute` VALUES (456, 4, 13, 8, 'value_rename', 0, 'update_date');
INSERT INTO `r_step_attribute` VALUES (457, 4, 13, 8, 'value_update', 0, 'Y');
INSERT INTO `r_step_attribute` VALUES (458, 4, 13, 9, 'value_name', 0, 'remarks');
INSERT INTO `r_step_attribute` VALUES (459, 4, 13, 9, 'value_rename', 0, 'remarks');
INSERT INTO `r_step_attribute` VALUES (460, 4, 13, 9, 'value_update', 0, 'Y');
INSERT INTO `r_step_attribute` VALUES (461, 4, 13, 10, 'value_name', 0, 'del_flag');
INSERT INTO `r_step_attribute` VALUES (462, 4, 13, 10, 'value_rename', 0, 'del_flag');
INSERT INTO `r_step_attribute` VALUES (463, 4, 13, 10, 'value_update', 0, 'Y');
INSERT INTO `r_step_attribute` VALUES (464, 4, 13, 0, 'cluster_schema', 0, NULL);
INSERT INTO `r_step_attribute` VALUES (465, 4, 13, 0, 'row_distribution_code', 0, NULL);
INSERT INTO `r_step_attribute` VALUES (466, 4, 14, 0, 'PARTITIONING_SCHEMA', 0, NULL);
INSERT INTO `r_step_attribute` VALUES (467, 4, 14, 0, 'PARTITIONING_METHOD', 0, 'none');
INSERT INTO `r_step_attribute` VALUES (468, 4, 14, 0, 'id_connection', 2, NULL);
INSERT INTO `r_step_attribute` VALUES (469, 4, 14, 0, 'sql', 0, 'SELECT\n  id\n, station_num\n, station_name\n, station_district\n, parent_id\n, create_by\n, create_date\n, update_by\n, update_date\n, remarks\n, del_flag\nFROM sup_surveystation\n');
INSERT INTO `r_step_attribute` VALUES (470, 4, 14, 0, 'limit', 0, '0');
INSERT INTO `r_step_attribute` VALUES (471, 4, 14, 0, 'lookup', 0, NULL);
INSERT INTO `r_step_attribute` VALUES (472, 4, 14, 0, 'execute_each_row', 0, 'N');
INSERT INTO `r_step_attribute` VALUES (473, 4, 14, 0, 'variables_active', 0, 'N');
INSERT INTO `r_step_attribute` VALUES (474, 4, 14, 0, 'lazy_conversion_active', 0, 'N');
INSERT INTO `r_step_attribute` VALUES (475, 4, 14, 0, 'cluster_schema', 0, NULL);
INSERT INTO `r_step_attribute` VALUES (476, 4, 14, 0, 'row_distribution_code', 0, NULL);
INSERT INTO `r_step_attribute` VALUES (477, 4, 15, 0, 'PARTITIONING_SCHEMA', 0, NULL);
INSERT INTO `r_step_attribute` VALUES (478, 4, 15, 0, 'PARTITIONING_METHOD', 0, 'none');
INSERT INTO `r_step_attribute` VALUES (479, 4, 15, 0, 'id_connection', 1, NULL);
INSERT INTO `r_step_attribute` VALUES (480, 4, 15, 0, 'schema', 0, NULL);
INSERT INTO `r_step_attribute` VALUES (481, 4, 15, 0, 'table', 0, 'failure');
INSERT INTO `r_step_attribute` VALUES (482, 4, 15, 0, 'commit', 0, '1000');
INSERT INTO `r_step_attribute` VALUES (483, 4, 15, 0, 'truncate', 0, 'N');
INSERT INTO `r_step_attribute` VALUES (484, 4, 15, 0, 'ignore_errors', 0, 'N');
INSERT INTO `r_step_attribute` VALUES (485, 4, 15, 0, 'use_batch', 0, 'Y');
INSERT INTO `r_step_attribute` VALUES (486, 4, 15, 0, 'specify_fields', 0, 'Y');
INSERT INTO `r_step_attribute` VALUES (487, 4, 15, 0, 'partitioning_enabled', 0, 'N');
INSERT INTO `r_step_attribute` VALUES (488, 4, 15, 0, 'partitioning_field', 0, NULL);
INSERT INTO `r_step_attribute` VALUES (489, 4, 15, 0, 'partitioning_daily', 0, 'N');
INSERT INTO `r_step_attribute` VALUES (490, 4, 15, 0, 'partitioning_monthly', 0, 'Y');
INSERT INTO `r_step_attribute` VALUES (491, 4, 15, 0, 'tablename_in_field', 0, 'N');
INSERT INTO `r_step_attribute` VALUES (492, 4, 15, 0, 'tablename_field', 0, NULL);
INSERT INTO `r_step_attribute` VALUES (493, 4, 15, 0, 'tablename_in_table', 0, 'Y');
INSERT INTO `r_step_attribute` VALUES (494, 4, 15, 0, 'return_keys', 0, 'N');
INSERT INTO `r_step_attribute` VALUES (495, 4, 15, 0, 'return_field', 0, NULL);
INSERT INTO `r_step_attribute` VALUES (496, 4, 15, 0, 'column_name', 0, 'id');
INSERT INTO `r_step_attribute` VALUES (497, 4, 15, 0, 'stream_name', 0, 'id');
INSERT INTO `r_step_attribute` VALUES (498, 4, 15, 1, 'column_name', 0, 'station_num');
INSERT INTO `r_step_attribute` VALUES (499, 4, 15, 1, 'stream_name', 0, 'station_num');
INSERT INTO `r_step_attribute` VALUES (500, 4, 15, 2, 'column_name', 0, 'station_name');
INSERT INTO `r_step_attribute` VALUES (501, 4, 15, 2, 'stream_name', 0, 'station_name');
INSERT INTO `r_step_attribute` VALUES (502, 4, 15, 3, 'column_name', 0, 'station_district');
INSERT INTO `r_step_attribute` VALUES (503, 4, 15, 3, 'stream_name', 0, 'station_district');
INSERT INTO `r_step_attribute` VALUES (504, 4, 15, 4, 'column_name', 0, 'parent_id');
INSERT INTO `r_step_attribute` VALUES (505, 4, 15, 4, 'stream_name', 0, 'parent_id');
INSERT INTO `r_step_attribute` VALUES (506, 4, 15, 5, 'column_name', 0, 'create_by');
INSERT INTO `r_step_attribute` VALUES (507, 4, 15, 5, 'stream_name', 0, 'create_by');
INSERT INTO `r_step_attribute` VALUES (508, 4, 15, 6, 'column_name', 0, 'create_date');
INSERT INTO `r_step_attribute` VALUES (509, 4, 15, 6, 'stream_name', 0, 'create_date');
INSERT INTO `r_step_attribute` VALUES (510, 4, 15, 7, 'column_name', 0, 'update_by');
INSERT INTO `r_step_attribute` VALUES (511, 4, 15, 7, 'stream_name', 0, 'update_by');
INSERT INTO `r_step_attribute` VALUES (512, 4, 15, 8, 'column_name', 0, 'update_date');
INSERT INTO `r_step_attribute` VALUES (513, 4, 15, 8, 'stream_name', 0, 'update_date');
INSERT INTO `r_step_attribute` VALUES (514, 4, 15, 9, 'column_name', 0, 'remarks');
INSERT INTO `r_step_attribute` VALUES (515, 4, 15, 9, 'stream_name', 0, 'remarks');
INSERT INTO `r_step_attribute` VALUES (516, 4, 15, 10, 'column_name', 0, 'del_flag');
INSERT INTO `r_step_attribute` VALUES (517, 4, 15, 10, 'stream_name', 0, 'del_flag');
INSERT INTO `r_step_attribute` VALUES (518, 4, 15, 11, 'column_name', 0, 'errorNum');
INSERT INTO `r_step_attribute` VALUES (519, 4, 15, 11, 'stream_name', 0, 'errorNum');
INSERT INTO `r_step_attribute` VALUES (520, 4, 15, 12, 'column_name', 0, 'errorDesc');
INSERT INTO `r_step_attribute` VALUES (521, 4, 15, 12, 'stream_name', 0, 'errorDesc');
INSERT INTO `r_step_attribute` VALUES (522, 4, 15, 13, 'column_name', 0, 'errorName');
INSERT INTO `r_step_attribute` VALUES (523, 4, 15, 13, 'stream_name', 0, 'errorName');
INSERT INTO `r_step_attribute` VALUES (524, 4, 15, 14, 'column_name', 0, 'errooCode');
INSERT INTO `r_step_attribute` VALUES (525, 4, 15, 14, 'stream_name', 0, 'errooCode');
INSERT INTO `r_step_attribute` VALUES (526, 4, 15, 0, 'cluster_schema', 0, NULL);
INSERT INTO `r_step_attribute` VALUES (527, 4, 15, 0, 'row_distribution_code', 0, NULL);
INSERT INTO `r_step_attribute` VALUES (528, 4, 13, 0, 'step_error_handling_source_step', 0, '插入 / 更新');
INSERT INTO `r_step_attribute` VALUES (529, 4, 13, 0, 'step_error_handling_target_step', 0, '表输出');
INSERT INTO `r_step_attribute` VALUES (530, 4, 13, 0, 'step_error_handling_is_enabled', 0, 'Y');
INSERT INTO `r_step_attribute` VALUES (531, 4, 13, 0, 'step_error_handling_nr_valuename', 0, 'errorNum');
INSERT INTO `r_step_attribute` VALUES (532, 4, 13, 0, 'step_error_handling_descriptions_valuename', 0, 'errorDesc');
INSERT INTO `r_step_attribute` VALUES (533, 4, 13, 0, 'step_error_handling_fields_valuename', 0, 'errorName');
INSERT INTO `r_step_attribute` VALUES (534, 4, 13, 0, 'step_error_handling_codes_valuename', 0, 'errooCode');
INSERT INTO `r_step_attribute` VALUES (535, 4, 13, 0, 'step_error_handling_max_errors', 0, NULL);
INSERT INTO `r_step_attribute` VALUES (536, 4, 13, 0, 'step_error_handling_max_pct_errors', 0, NULL);
INSERT INTO `r_step_attribute` VALUES (537, 4, 13, 0, 'step_error_handling_min_pct_rows', 0, NULL);
INSERT INTO `r_step_attribute` VALUES (745, 6, 22, 0, 'PARTITIONING_SCHEMA', 0, NULL);
INSERT INTO `r_step_attribute` VALUES (746, 6, 22, 0, 'PARTITIONING_METHOD', 0, 'none');
INSERT INTO `r_step_attribute` VALUES (747, 6, 22, 0, 'field_name', 0, 'sftpid');
INSERT INTO `r_step_attribute` VALUES (748, 6, 22, 0, 'field_rename', 0, NULL);
INSERT INTO `r_step_attribute` VALUES (749, 6, 22, 0, 'field_length', -2, NULL);
INSERT INTO `r_step_attribute` VALUES (750, 6, 22, 0, 'field_precision', -2, NULL);
INSERT INTO `r_step_attribute` VALUES (751, 6, 22, 1, 'field_name', 0, 'sftpip');
INSERT INTO `r_step_attribute` VALUES (752, 6, 22, 1, 'field_rename', 0, NULL);
INSERT INTO `r_step_attribute` VALUES (753, 6, 22, 1, 'field_length', -2, NULL);
INSERT INTO `r_step_attribute` VALUES (754, 6, 22, 1, 'field_precision', -2, NULL);
INSERT INTO `r_step_attribute` VALUES (755, 6, 22, 2, 'field_name', 0, 'sftpport');
INSERT INTO `r_step_attribute` VALUES (756, 6, 22, 2, 'field_rename', 0, NULL);
INSERT INTO `r_step_attribute` VALUES (757, 6, 22, 2, 'field_length', -2, NULL);
INSERT INTO `r_step_attribute` VALUES (758, 6, 22, 2, 'field_precision', -2, NULL);
INSERT INTO `r_step_attribute` VALUES (759, 6, 22, 3, 'field_name', 0, 'sftpuser');
INSERT INTO `r_step_attribute` VALUES (760, 6, 22, 3, 'field_rename', 0, NULL);
INSERT INTO `r_step_attribute` VALUES (761, 6, 22, 3, 'field_length', -2, NULL);
INSERT INTO `r_step_attribute` VALUES (762, 6, 22, 3, 'field_precision', -2, NULL);
INSERT INTO `r_step_attribute` VALUES (763, 6, 22, 4, 'field_name', 0, 'sftppwd');
INSERT INTO `r_step_attribute` VALUES (764, 6, 22, 4, 'field_rename', 0, NULL);
INSERT INTO `r_step_attribute` VALUES (765, 6, 22, 4, 'field_length', -2, NULL);
INSERT INTO `r_step_attribute` VALUES (766, 6, 22, 4, 'field_precision', -2, NULL);
INSERT INTO `r_step_attribute` VALUES (767, 6, 22, 5, 'field_name', 0, 'remote_filepath');
INSERT INTO `r_step_attribute` VALUES (768, 6, 22, 5, 'field_rename', 0, NULL);
INSERT INTO `r_step_attribute` VALUES (769, 6, 22, 5, 'field_length', -2, NULL);
INSERT INTO `r_step_attribute` VALUES (770, 6, 22, 5, 'field_precision', -2, NULL);
INSERT INTO `r_step_attribute` VALUES (771, 6, 22, 6, 'field_name', 0, 'local_filepath');
INSERT INTO `r_step_attribute` VALUES (772, 6, 22, 6, 'field_rename', 0, NULL);
INSERT INTO `r_step_attribute` VALUES (773, 6, 22, 6, 'field_length', -2, NULL);
INSERT INTO `r_step_attribute` VALUES (774, 6, 22, 6, 'field_precision', -2, NULL);
INSERT INTO `r_step_attribute` VALUES (775, 6, 22, 0, 'select_unspecified', 0, 'N');
INSERT INTO `r_step_attribute` VALUES (776, 6, 22, 0, 'cluster_schema', 0, NULL);
INSERT INTO `r_step_attribute` VALUES (777, 6, 22, 0, 'row_distribution_code', 0, NULL);
INSERT INTO `r_step_attribute` VALUES (778, 6, 23, 0, 'PARTITIONING_SCHEMA', 0, NULL);
INSERT INTO `r_step_attribute` VALUES (779, 6, 23, 0, 'PARTITIONING_METHOD', 0, 'none');
INSERT INTO `r_step_attribute` VALUES (780, 6, 23, 0, 'id_connection', 2, NULL);
INSERT INTO `r_step_attribute` VALUES (781, 6, 23, 0, 'sql', 0, 'SELECT\n  sftpid\n, sftpip\n, sftpport\n, sftpuser\n, sftppwd\n, remote_filepath\n, local_filepath\nFROM sftp\n');
INSERT INTO `r_step_attribute` VALUES (782, 6, 23, 0, 'limit', 0, '0');
INSERT INTO `r_step_attribute` VALUES (783, 6, 23, 0, 'lookup', 0, NULL);
INSERT INTO `r_step_attribute` VALUES (784, 6, 23, 0, 'execute_each_row', 0, 'N');
INSERT INTO `r_step_attribute` VALUES (785, 6, 23, 0, 'variables_active', 0, 'N');
INSERT INTO `r_step_attribute` VALUES (786, 6, 23, 0, 'lazy_conversion_active', 0, 'N');
INSERT INTO `r_step_attribute` VALUES (787, 6, 23, 0, 'cluster_schema', 0, NULL);
INSERT INTO `r_step_attribute` VALUES (788, 6, 23, 0, 'row_distribution_code', 0, NULL);
INSERT INTO `r_step_attribute` VALUES (789, 6, 24, 0, 'PARTITIONING_SCHEMA', 0, NULL);
INSERT INTO `r_step_attribute` VALUES (790, 6, 24, 0, 'PARTITIONING_METHOD', 0, 'none');
INSERT INTO `r_step_attribute` VALUES (791, 6, 24, 0, 'field_name', 0, 'sftpid');
INSERT INTO `r_step_attribute` VALUES (792, 6, 24, 0, 'variable_name', 0, 'SFTPID');
INSERT INTO `r_step_attribute` VALUES (793, 6, 24, 0, 'variable_type', 0, 'ROOT_JOB');
INSERT INTO `r_step_attribute` VALUES (794, 6, 24, 0, 'default_value', 0, NULL);
INSERT INTO `r_step_attribute` VALUES (795, 6, 24, 1, 'field_name', 0, 'sftpip');
INSERT INTO `r_step_attribute` VALUES (796, 6, 24, 1, 'variable_name', 0, 'SFTPIP');
INSERT INTO `r_step_attribute` VALUES (797, 6, 24, 1, 'variable_type', 0, 'ROOT_JOB');
INSERT INTO `r_step_attribute` VALUES (798, 6, 24, 1, 'default_value', 0, NULL);
INSERT INTO `r_step_attribute` VALUES (799, 6, 24, 2, 'field_name', 0, 'sftpport');
INSERT INTO `r_step_attribute` VALUES (800, 6, 24, 2, 'variable_name', 0, 'SFTPPORT');
INSERT INTO `r_step_attribute` VALUES (801, 6, 24, 2, 'variable_type', 0, 'ROOT_JOB');
INSERT INTO `r_step_attribute` VALUES (802, 6, 24, 2, 'default_value', 0, NULL);
INSERT INTO `r_step_attribute` VALUES (803, 6, 24, 3, 'field_name', 0, 'sftpuser');
INSERT INTO `r_step_attribute` VALUES (804, 6, 24, 3, 'variable_name', 0, 'SFTPUSER');
INSERT INTO `r_step_attribute` VALUES (805, 6, 24, 3, 'variable_type', 0, 'ROOT_JOB');
INSERT INTO `r_step_attribute` VALUES (806, 6, 24, 3, 'default_value', 0, NULL);
INSERT INTO `r_step_attribute` VALUES (807, 6, 24, 4, 'field_name', 0, 'sftppwd');
INSERT INTO `r_step_attribute` VALUES (808, 6, 24, 4, 'variable_name', 0, 'SFTPPWD');
INSERT INTO `r_step_attribute` VALUES (809, 6, 24, 4, 'variable_type', 0, 'ROOT_JOB');
INSERT INTO `r_step_attribute` VALUES (810, 6, 24, 4, 'default_value', 0, NULL);
INSERT INTO `r_step_attribute` VALUES (811, 6, 24, 5, 'field_name', 0, 'remote_filepath');
INSERT INTO `r_step_attribute` VALUES (812, 6, 24, 5, 'variable_name', 0, 'REMOTE_FILEPATH');
INSERT INTO `r_step_attribute` VALUES (813, 6, 24, 5, 'variable_type', 0, 'ROOT_JOB');
INSERT INTO `r_step_attribute` VALUES (814, 6, 24, 5, 'default_value', 0, NULL);
INSERT INTO `r_step_attribute` VALUES (815, 6, 24, 6, 'field_name', 0, 'local_filepath');
INSERT INTO `r_step_attribute` VALUES (816, 6, 24, 6, 'variable_name', 0, 'LOCAL_FILEPATH');
INSERT INTO `r_step_attribute` VALUES (817, 6, 24, 6, 'variable_type', 0, 'ROOT_JOB');
INSERT INTO `r_step_attribute` VALUES (818, 6, 24, 6, 'default_value', 0, NULL);
INSERT INTO `r_step_attribute` VALUES (819, 6, 24, 0, 'use_formatting', 0, 'Y');
INSERT INTO `r_step_attribute` VALUES (820, 6, 24, 0, 'cluster_schema', 0, NULL);
INSERT INTO `r_step_attribute` VALUES (821, 6, 24, 0, 'row_distribution_code', 0, NULL);
INSERT INTO `r_step_attribute` VALUES (822, 1, 25, 0, 'PARTITIONING_SCHEMA', 0, NULL);
INSERT INTO `r_step_attribute` VALUES (823, 1, 25, 0, 'PARTITIONING_METHOD', 0, 'none');
INSERT INTO `r_step_attribute` VALUES (824, 1, 25, 0, 'cluster_schema', 0, NULL);
INSERT INTO `r_step_attribute` VALUES (825, 1, 25, 0, 'row_distribution_code', 0, NULL);
INSERT INTO `r_step_attribute` VALUES (826, 1, 26, 0, 'PARTITIONING_SCHEMA', 0, NULL);
INSERT INTO `r_step_attribute` VALUES (827, 1, 26, 0, 'PARTITIONING_METHOD', 0, 'none');
INSERT INTO `r_step_attribute` VALUES (828, 1, 26, 0, 'field_name', 0, 'table_name');
INSERT INTO `r_step_attribute` VALUES (829, 1, 26, 0, 'field_type', 0, 'String');
INSERT INTO `r_step_attribute` VALUES (830, 1, 26, 0, 'field_format', 0, NULL);
INSERT INTO `r_step_attribute` VALUES (831, 1, 26, 0, 'field_currency', 0, NULL);
INSERT INTO `r_step_attribute` VALUES (832, 1, 26, 0, 'field_decimal', 0, NULL);
INSERT INTO `r_step_attribute` VALUES (833, 1, 26, 0, 'field_group', 0, NULL);
INSERT INTO `r_step_attribute` VALUES (834, 1, 26, 0, 'field_length', -1, NULL);
INSERT INTO `r_step_attribute` VALUES (835, 1, 26, 0, 'field_precision', -1, NULL);
INSERT INTO `r_step_attribute` VALUES (836, 1, 26, 0, 'set_empty_string', 0, 'N');
INSERT INTO `r_step_attribute` VALUES (837, 1, 26, 0, 'nr_lines', 2, NULL);
INSERT INTO `r_step_attribute` VALUES (838, 1, 26, 0, 'item_0', 0, 'sup_subjectdef');
INSERT INTO `r_step_attribute` VALUES (839, 1, 26, 1, 'item_0', 0, 'sup_surveystation');
INSERT INTO `r_step_attribute` VALUES (840, 1, 26, 0, 'cluster_schema', 0, NULL);
INSERT INTO `r_step_attribute` VALUES (841, 1, 26, 0, 'row_distribution_code', 0, NULL);
INSERT INTO `r_step_attribute` VALUES (874, 5, 29, 0, 'PARTITIONING_SCHEMA', 0, NULL);
INSERT INTO `r_step_attribute` VALUES (875, 5, 29, 0, 'PARTITIONING_METHOD', 0, 'none');
INSERT INTO `r_step_attribute` VALUES (876, 5, 29, 0, 'include', 0, 'N');
INSERT INTO `r_step_attribute` VALUES (877, 5, 29, 0, 'include_field', 0, NULL);
INSERT INTO `r_step_attribute` VALUES (878, 5, 29, 0, 'addresultfile', 0, 'N');
INSERT INTO `r_step_attribute` VALUES (879, 5, 29, 0, 'readurl', 0, 'N');
INSERT INTO `r_step_attribute` VALUES (880, 5, 29, 0, 'removeSourceField', 0, 'N');
INSERT INTO `r_step_attribute` VALUES (881, 5, 29, 0, 'IsIgnoreEmptyFile', 0, 'N');
INSERT INTO `r_step_attribute` VALUES (882, 5, 29, 0, 'ignoreMissingPath', 0, 'Y');
INSERT INTO `r_step_attribute` VALUES (883, 5, 29, 0, 'defaultPathLeafToNull', 0, 'Y');
INSERT INTO `r_step_attribute` VALUES (884, 5, 29, 0, 'doNotFailIfNoFile', 0, 'Y');
INSERT INTO `r_step_attribute` VALUES (885, 5, 29, 0, 'rownum', 0, 'N');
INSERT INTO `r_step_attribute` VALUES (886, 5, 29, 0, 'rownum_field', 0, NULL);
INSERT INTO `r_step_attribute` VALUES (887, 5, 29, 0, 'limit', 0, NULL);
INSERT INTO `r_step_attribute` VALUES (888, 5, 29, 0, 'file_name', 0, NULL);
INSERT INTO `r_step_attribute` VALUES (889, 5, 29, 0, 'file_mask', 0, NULL);
INSERT INTO `r_step_attribute` VALUES (890, 5, 29, 0, 'exclude_file_mask', 0, NULL);
INSERT INTO `r_step_attribute` VALUES (891, 5, 29, 0, 'file_required', 0, 'N');
INSERT INTO `r_step_attribute` VALUES (892, 5, 29, 0, 'include_subfolders', 0, 'N');
INSERT INTO `r_step_attribute` VALUES (893, 5, 29, 0, 'field_name', 0, 'id');
INSERT INTO `r_step_attribute` VALUES (894, 5, 29, 0, 'field_path', 0, '$..data[*].id');
INSERT INTO `r_step_attribute` VALUES (895, 5, 29, 0, 'field_type', 0, 'String');
INSERT INTO `r_step_attribute` VALUES (896, 5, 29, 0, 'field_format', 0, NULL);
INSERT INTO `r_step_attribute` VALUES (897, 5, 29, 0, 'field_currency', 0, NULL);
INSERT INTO `r_step_attribute` VALUES (898, 5, 29, 0, 'field_decimal', 0, NULL);
INSERT INTO `r_step_attribute` VALUES (899, 5, 29, 0, 'field_group', 0, NULL);
INSERT INTO `r_step_attribute` VALUES (900, 5, 29, 0, 'field_length', -1, NULL);
INSERT INTO `r_step_attribute` VALUES (901, 5, 29, 0, 'field_precision', -1, NULL);
INSERT INTO `r_step_attribute` VALUES (902, 5, 29, 0, 'field_trim_type', 0, 'none');
INSERT INTO `r_step_attribute` VALUES (903, 5, 29, 0, 'field_repeat', 0, 'N');
INSERT INTO `r_step_attribute` VALUES (904, 5, 29, 1, 'field_name', 0, 'platformIntroduction');
INSERT INTO `r_step_attribute` VALUES (905, 5, 29, 1, 'field_path', 0, '$..data[*].platformIntroduction');
INSERT INTO `r_step_attribute` VALUES (906, 5, 29, 1, 'field_type', 0, 'String');
INSERT INTO `r_step_attribute` VALUES (907, 5, 29, 1, 'field_format', 0, NULL);
INSERT INTO `r_step_attribute` VALUES (908, 5, 29, 1, 'field_currency', 0, NULL);
INSERT INTO `r_step_attribute` VALUES (909, 5, 29, 1, 'field_decimal', 0, NULL);
INSERT INTO `r_step_attribute` VALUES (910, 5, 29, 1, 'field_group', 0, NULL);
INSERT INTO `r_step_attribute` VALUES (911, 5, 29, 1, 'field_length', -1, NULL);
INSERT INTO `r_step_attribute` VALUES (912, 5, 29, 1, 'field_precision', -1, NULL);
INSERT INTO `r_step_attribute` VALUES (913, 5, 29, 1, 'field_trim_type', 0, 'none');
INSERT INTO `r_step_attribute` VALUES (914, 5, 29, 1, 'field_repeat', 0, 'N');
INSERT INTO `r_step_attribute` VALUES (915, 5, 29, 2, 'field_name', 0, 'telephone');
INSERT INTO `r_step_attribute` VALUES (916, 5, 29, 2, 'field_path', 0, '$..data[*].telephone');
INSERT INTO `r_step_attribute` VALUES (917, 5, 29, 2, 'field_type', 0, 'String');
INSERT INTO `r_step_attribute` VALUES (918, 5, 29, 2, 'field_format', 0, NULL);
INSERT INTO `r_step_attribute` VALUES (919, 5, 29, 2, 'field_currency', 0, NULL);
INSERT INTO `r_step_attribute` VALUES (920, 5, 29, 2, 'field_decimal', 0, NULL);
INSERT INTO `r_step_attribute` VALUES (921, 5, 29, 2, 'field_group', 0, NULL);
INSERT INTO `r_step_attribute` VALUES (922, 5, 29, 2, 'field_length', -1, NULL);
INSERT INTO `r_step_attribute` VALUES (923, 5, 29, 2, 'field_precision', -1, NULL);
INSERT INTO `r_step_attribute` VALUES (924, 5, 29, 2, 'field_trim_type', 0, 'none');
INSERT INTO `r_step_attribute` VALUES (925, 5, 29, 2, 'field_repeat', 0, 'N');
INSERT INTO `r_step_attribute` VALUES (926, 5, 29, 3, 'field_name', 0, 'postcode');
INSERT INTO `r_step_attribute` VALUES (927, 5, 29, 3, 'field_path', 0, '$..data[*].postcode');
INSERT INTO `r_step_attribute` VALUES (928, 5, 29, 3, 'field_type', 0, 'String');
INSERT INTO `r_step_attribute` VALUES (929, 5, 29, 3, 'field_format', 0, NULL);
INSERT INTO `r_step_attribute` VALUES (930, 5, 29, 3, 'field_currency', 0, NULL);
INSERT INTO `r_step_attribute` VALUES (931, 5, 29, 3, 'field_decimal', 0, NULL);
INSERT INTO `r_step_attribute` VALUES (932, 5, 29, 3, 'field_group', 0, NULL);
INSERT INTO `r_step_attribute` VALUES (933, 5, 29, 3, 'field_length', -1, NULL);
INSERT INTO `r_step_attribute` VALUES (934, 5, 29, 3, 'field_precision', -1, NULL);
INSERT INTO `r_step_attribute` VALUES (935, 5, 29, 3, 'field_trim_type', 0, 'none');
INSERT INTO `r_step_attribute` VALUES (936, 5, 29, 3, 'field_repeat', 0, 'N');
INSERT INTO `r_step_attribute` VALUES (937, 5, 29, 4, 'field_name', 0, 'email');
INSERT INTO `r_step_attribute` VALUES (938, 5, 29, 4, 'field_path', 0, '$..data[*].email');
INSERT INTO `r_step_attribute` VALUES (939, 5, 29, 4, 'field_type', 0, 'String');
INSERT INTO `r_step_attribute` VALUES (940, 5, 29, 4, 'field_format', 0, NULL);
INSERT INTO `r_step_attribute` VALUES (941, 5, 29, 4, 'field_currency', 0, NULL);
INSERT INTO `r_step_attribute` VALUES (942, 5, 29, 4, 'field_decimal', 0, NULL);
INSERT INTO `r_step_attribute` VALUES (943, 5, 29, 4, 'field_group', 0, NULL);
INSERT INTO `r_step_attribute` VALUES (944, 5, 29, 4, 'field_length', -1, NULL);
INSERT INTO `r_step_attribute` VALUES (945, 5, 29, 4, 'field_precision', -1, NULL);
INSERT INTO `r_step_attribute` VALUES (946, 5, 29, 4, 'field_trim_type', 0, 'none');
INSERT INTO `r_step_attribute` VALUES (947, 5, 29, 4, 'field_repeat', 0, 'N');
INSERT INTO `r_step_attribute` VALUES (948, 5, 29, 0, 'IsInFields', 0, 'Y');
INSERT INTO `r_step_attribute` VALUES (949, 5, 29, 0, 'IsAFile', 0, 'N');
INSERT INTO `r_step_attribute` VALUES (950, 5, 29, 0, 'valueField', 0, 'result');
INSERT INTO `r_step_attribute` VALUES (951, 5, 29, 0, 'shortFileFieldName', 0, NULL);
INSERT INTO `r_step_attribute` VALUES (952, 5, 29, 0, 'pathFieldName', 0, NULL);
INSERT INTO `r_step_attribute` VALUES (953, 5, 29, 0, 'hiddenFieldName', 0, NULL);
INSERT INTO `r_step_attribute` VALUES (954, 5, 29, 0, 'lastModificationTimeFieldName', 0, NULL);
INSERT INTO `r_step_attribute` VALUES (955, 5, 29, 0, 'uriNameFieldName', 0, NULL);
INSERT INTO `r_step_attribute` VALUES (956, 5, 29, 0, 'rootUriNameFieldName', 0, NULL);
INSERT INTO `r_step_attribute` VALUES (957, 5, 29, 0, 'extensionFieldName', 0, NULL);
INSERT INTO `r_step_attribute` VALUES (958, 5, 29, 0, 'sizeFieldName', 0, NULL);
INSERT INTO `r_step_attribute` VALUES (959, 5, 29, 0, 'cluster_schema', 0, NULL);
INSERT INTO `r_step_attribute` VALUES (960, 5, 29, 0, 'row_distribution_code', 0, NULL);
INSERT INTO `r_step_attribute` VALUES (961, 5, 30, 0, 'PARTITIONING_SCHEMA', 0, NULL);
INSERT INTO `r_step_attribute` VALUES (962, 5, 30, 0, 'PARTITIONING_METHOD', 0, 'none');
INSERT INTO `r_step_attribute` VALUES (963, 5, 30, 0, 'applicationType', 0, 'TEXT PLAIN');
INSERT INTO `r_step_attribute` VALUES (964, 5, 30, 0, 'method', 0, 'GET');
INSERT INTO `r_step_attribute` VALUES (965, 5, 30, 0, 'url', 0, NULL);
INSERT INTO `r_step_attribute` VALUES (966, 5, 30, 0, 'methodFieldName', 0, NULL);
INSERT INTO `r_step_attribute` VALUES (967, 5, 30, 0, 'dynamicMethod', 0, 'N');
INSERT INTO `r_step_attribute` VALUES (968, 5, 30, 0, 'urlInField', 0, 'Y');
INSERT INTO `r_step_attribute` VALUES (969, 5, 30, 0, 'urlField', 0, 'url');
INSERT INTO `r_step_attribute` VALUES (970, 5, 30, 0, 'bodyField', 0, NULL);
INSERT INTO `r_step_attribute` VALUES (971, 5, 30, 0, 'httpLogin', 0, NULL);
INSERT INTO `r_step_attribute` VALUES (972, 5, 30, 0, 'httpPassword', 0, 'Encrypted ');
INSERT INTO `r_step_attribute` VALUES (973, 5, 30, 0, 'proxyHost', 0, NULL);
INSERT INTO `r_step_attribute` VALUES (974, 5, 30, 0, 'proxyPort', 0, NULL);
INSERT INTO `r_step_attribute` VALUES (975, 5, 30, 0, 'trustStoreFile', 0, NULL);
INSERT INTO `r_step_attribute` VALUES (976, 5, 30, 0, 'trustStorePassword', 0, 'Encrypted ');
INSERT INTO `r_step_attribute` VALUES (977, 5, 30, 0, 'preemptive', 0, 'N');
INSERT INTO `r_step_attribute` VALUES (978, 5, 30, 0, 'result_name', 0, 'result');
INSERT INTO `r_step_attribute` VALUES (979, 5, 30, 0, 'result_code', 0, NULL);
INSERT INTO `r_step_attribute` VALUES (980, 5, 30, 0, 'response_time', 0, NULL);
INSERT INTO `r_step_attribute` VALUES (981, 5, 30, 0, 'response_header', 0, NULL);
INSERT INTO `r_step_attribute` VALUES (982, 5, 30, 0, 'cluster_schema', 0, NULL);
INSERT INTO `r_step_attribute` VALUES (983, 5, 30, 0, 'row_distribution_code', 0, NULL);
INSERT INTO `r_step_attribute` VALUES (984, 5, 31, 0, 'PARTITIONING_SCHEMA', 0, NULL);
INSERT INTO `r_step_attribute` VALUES (985, 5, 31, 0, 'PARTITIONING_METHOD', 0, 'none');
INSERT INTO `r_step_attribute` VALUES (986, 5, 31, 0, 'field_name', 0, 'url');
INSERT INTO `r_step_attribute` VALUES (987, 5, 31, 0, 'field_rename', 0, NULL);
INSERT INTO `r_step_attribute` VALUES (988, 5, 31, 0, 'field_length', -2, NULL);
INSERT INTO `r_step_attribute` VALUES (989, 5, 31, 0, 'field_precision', -2, NULL);
INSERT INTO `r_step_attribute` VALUES (990, 5, 31, 1, 'field_name', 0, 'result');
INSERT INTO `r_step_attribute` VALUES (991, 5, 31, 1, 'field_rename', 0, NULL);
INSERT INTO `r_step_attribute` VALUES (992, 5, 31, 1, 'field_length', -2, NULL);
INSERT INTO `r_step_attribute` VALUES (993, 5, 31, 1, 'field_precision', -2, NULL);
INSERT INTO `r_step_attribute` VALUES (994, 5, 31, 2, 'field_name', 0, 'id');
INSERT INTO `r_step_attribute` VALUES (995, 5, 31, 2, 'field_rename', 0, NULL);
INSERT INTO `r_step_attribute` VALUES (996, 5, 31, 2, 'field_length', -2, NULL);
INSERT INTO `r_step_attribute` VALUES (997, 5, 31, 2, 'field_precision', -2, NULL);
INSERT INTO `r_step_attribute` VALUES (998, 5, 31, 3, 'field_name', 0, 'platformIntroduction');
INSERT INTO `r_step_attribute` VALUES (999, 5, 31, 3, 'field_rename', 0, NULL);
INSERT INTO `r_step_attribute` VALUES (1000, 5, 31, 3, 'field_length', -2, NULL);
INSERT INTO `r_step_attribute` VALUES (1001, 5, 31, 3, 'field_precision', -2, NULL);
INSERT INTO `r_step_attribute` VALUES (1002, 5, 31, 4, 'field_name', 0, 'telephone');
INSERT INTO `r_step_attribute` VALUES (1003, 5, 31, 4, 'field_rename', 0, NULL);
INSERT INTO `r_step_attribute` VALUES (1004, 5, 31, 4, 'field_length', -2, NULL);
INSERT INTO `r_step_attribute` VALUES (1005, 5, 31, 4, 'field_precision', -2, NULL);
INSERT INTO `r_step_attribute` VALUES (1006, 5, 31, 5, 'field_name', 0, 'postcode');
INSERT INTO `r_step_attribute` VALUES (1007, 5, 31, 5, 'field_rename', 0, NULL);
INSERT INTO `r_step_attribute` VALUES (1008, 5, 31, 5, 'field_length', -2, NULL);
INSERT INTO `r_step_attribute` VALUES (1009, 5, 31, 5, 'field_precision', -2, NULL);
INSERT INTO `r_step_attribute` VALUES (1010, 5, 31, 6, 'field_name', 0, 'email');
INSERT INTO `r_step_attribute` VALUES (1011, 5, 31, 6, 'field_rename', 0, NULL);
INSERT INTO `r_step_attribute` VALUES (1012, 5, 31, 6, 'field_length', -2, NULL);
INSERT INTO `r_step_attribute` VALUES (1013, 5, 31, 6, 'field_precision', -2, NULL);
INSERT INTO `r_step_attribute` VALUES (1014, 5, 31, 7, 'field_name', 0, 'updatetime');
INSERT INTO `r_step_attribute` VALUES (1015, 5, 31, 7, 'field_rename', 0, NULL);
INSERT INTO `r_step_attribute` VALUES (1016, 5, 31, 7, 'field_length', -2, NULL);
INSERT INTO `r_step_attribute` VALUES (1017, 5, 31, 7, 'field_precision', -2, NULL);
INSERT INTO `r_step_attribute` VALUES (1018, 5, 31, 0, 'select_unspecified', 0, 'N');
INSERT INTO `r_step_attribute` VALUES (1019, 5, 31, 0, 'remove_name', 0, 'url');
INSERT INTO `r_step_attribute` VALUES (1020, 5, 31, 1, 'remove_name', 0, 'result');
INSERT INTO `r_step_attribute` VALUES (1021, 5, 31, 0, 'cluster_schema', 0, NULL);
INSERT INTO `r_step_attribute` VALUES (1022, 5, 31, 0, 'row_distribution_code', 0, NULL);
INSERT INTO `r_step_attribute` VALUES (1023, 5, 32, 0, 'PARTITIONING_SCHEMA', 0, NULL);
INSERT INTO `r_step_attribute` VALUES (1024, 5, 32, 0, 'PARTITIONING_METHOD', 0, 'none');
INSERT INTO `r_step_attribute` VALUES (1025, 5, 32, 0, 'field_name', 0, 'url');
INSERT INTO `r_step_attribute` VALUES (1026, 5, 32, 0, 'field_type', 0, 'String');
INSERT INTO `r_step_attribute` VALUES (1027, 5, 32, 0, 'field_format', 0, NULL);
INSERT INTO `r_step_attribute` VALUES (1028, 5, 32, 0, 'field_currency', 0, NULL);
INSERT INTO `r_step_attribute` VALUES (1029, 5, 32, 0, 'field_decimal', 0, NULL);
INSERT INTO `r_step_attribute` VALUES (1030, 5, 32, 0, 'field_group', 0, NULL);
INSERT INTO `r_step_attribute` VALUES (1031, 5, 32, 0, 'field_nullif', 0, 'http://121.36.14.224:8085/aboutus/findList');
INSERT INTO `r_step_attribute` VALUES (1032, 5, 32, 0, 'field_length', -1, NULL);
INSERT INTO `r_step_attribute` VALUES (1033, 5, 32, 0, 'field_precision', -1, NULL);
INSERT INTO `r_step_attribute` VALUES (1034, 5, 32, 0, 'set_empty_string', 0, 'N');
INSERT INTO `r_step_attribute` VALUES (1035, 5, 32, 0, 'limit', 0, '1');
INSERT INTO `r_step_attribute` VALUES (1036, 5, 32, 0, 'never_ending', 0, 'N');
INSERT INTO `r_step_attribute` VALUES (1037, 5, 32, 0, 'interval_in_ms', 0, '5000');
INSERT INTO `r_step_attribute` VALUES (1038, 5, 32, 0, 'row_time_field', 0, 'now');
INSERT INTO `r_step_attribute` VALUES (1039, 5, 32, 0, 'last_time_field', 0, 'FiveSecondsAgo');
INSERT INTO `r_step_attribute` VALUES (1040, 5, 32, 0, 'cluster_schema', 0, NULL);
INSERT INTO `r_step_attribute` VALUES (1041, 5, 32, 0, 'row_distribution_code', 0, NULL);
INSERT INTO `r_step_attribute` VALUES (1042, 5, 33, 0, 'PARTITIONING_SCHEMA', 0, NULL);
INSERT INTO `r_step_attribute` VALUES (1043, 5, 33, 0, 'PARTITIONING_METHOD', 0, 'none');
INSERT INTO `r_step_attribute` VALUES (1044, 5, 33, 0, 'field_name', 0, 'updatetime');
INSERT INTO `r_step_attribute` VALUES (1045, 5, 33, 0, 'field_type', 0, 'system date (variable)');
INSERT INTO `r_step_attribute` VALUES (1046, 5, 33, 0, 'cluster_schema', 0, NULL);
INSERT INTO `r_step_attribute` VALUES (1047, 5, 33, 0, 'row_distribution_code', 0, NULL);
INSERT INTO `r_step_attribute` VALUES (1048, 5, 34, 0, 'PARTITIONING_SCHEMA', 0, NULL);
INSERT INTO `r_step_attribute` VALUES (1049, 5, 34, 0, 'PARTITIONING_METHOD', 0, 'none');
INSERT INTO `r_step_attribute` VALUES (1050, 5, 34, 0, 'id_connection', 3, NULL);
INSERT INTO `r_step_attribute` VALUES (1051, 5, 34, 0, 'schema', 0, NULL);
INSERT INTO `r_step_attribute` VALUES (1052, 5, 34, 0, 'table', 0, 'test_table');
INSERT INTO `r_step_attribute` VALUES (1053, 5, 34, 0, 'commit', 0, '1000');
INSERT INTO `r_step_attribute` VALUES (1054, 5, 34, 0, 'truncate', 0, 'N');
INSERT INTO `r_step_attribute` VALUES (1055, 5, 34, 0, 'ignore_errors', 0, 'N');
INSERT INTO `r_step_attribute` VALUES (1056, 5, 34, 0, 'use_batch', 0, 'Y');
INSERT INTO `r_step_attribute` VALUES (1057, 5, 34, 0, 'specify_fields', 0, 'Y');
INSERT INTO `r_step_attribute` VALUES (1058, 5, 34, 0, 'partitioning_enabled', 0, 'N');
INSERT INTO `r_step_attribute` VALUES (1059, 5, 34, 0, 'partitioning_field', 0, NULL);
INSERT INTO `r_step_attribute` VALUES (1060, 5, 34, 0, 'partitioning_daily', 0, 'N');
INSERT INTO `r_step_attribute` VALUES (1061, 5, 34, 0, 'partitioning_monthly', 0, 'Y');
INSERT INTO `r_step_attribute` VALUES (1062, 5, 34, 0, 'tablename_in_field', 0, 'N');
INSERT INTO `r_step_attribute` VALUES (1063, 5, 34, 0, 'tablename_field', 0, NULL);
INSERT INTO `r_step_attribute` VALUES (1064, 5, 34, 0, 'tablename_in_table', 0, 'Y');
INSERT INTO `r_step_attribute` VALUES (1065, 5, 34, 0, 'return_keys', 0, 'N');
INSERT INTO `r_step_attribute` VALUES (1066, 5, 34, 0, 'return_field', 0, NULL);
INSERT INTO `r_step_attribute` VALUES (1067, 5, 34, 0, 'column_name', 0, 'id');
INSERT INTO `r_step_attribute` VALUES (1068, 5, 34, 0, 'stream_name', 0, 'id');
INSERT INTO `r_step_attribute` VALUES (1069, 5, 34, 1, 'column_name', 0, 'platformIntroduction');
INSERT INTO `r_step_attribute` VALUES (1070, 5, 34, 1, 'stream_name', 0, 'platformIntroduction');
INSERT INTO `r_step_attribute` VALUES (1071, 5, 34, 2, 'column_name', 0, 'telephone');
INSERT INTO `r_step_attribute` VALUES (1072, 5, 34, 2, 'stream_name', 0, 'telephone');
INSERT INTO `r_step_attribute` VALUES (1073, 5, 34, 3, 'column_name', 0, 'postcode');
INSERT INTO `r_step_attribute` VALUES (1074, 5, 34, 3, 'stream_name', 0, 'postcode');
INSERT INTO `r_step_attribute` VALUES (1075, 5, 34, 4, 'column_name', 0, 'email');
INSERT INTO `r_step_attribute` VALUES (1076, 5, 34, 4, 'stream_name', 0, 'email');
INSERT INTO `r_step_attribute` VALUES (1077, 5, 34, 5, 'column_name', 0, 'updatetime');
INSERT INTO `r_step_attribute` VALUES (1078, 5, 34, 5, 'stream_name', 0, 'updatetime');
INSERT INTO `r_step_attribute` VALUES (1079, 5, 34, 0, 'cluster_schema', 0, NULL);
INSERT INTO `r_step_attribute` VALUES (1080, 5, 34, 0, 'row_distribution_code', 0, NULL);
INSERT INTO `r_step_attribute` VALUES (1242, 8, 45, 0, 'PARTITIONING_SCHEMA', 0, NULL);
INSERT INTO `r_step_attribute` VALUES (1243, 8, 45, 0, 'PARTITIONING_METHOD', 0, 'none');
INSERT INTO `r_step_attribute` VALUES (1244, 8, 45, 0, 'field_name', 0, 'TABLENAME');
INSERT INTO `r_step_attribute` VALUES (1245, 8, 45, 0, 'field_type', 0, 'String');
INSERT INTO `r_step_attribute` VALUES (1246, 8, 45, 0, 'field_format', 0, NULL);
INSERT INTO `r_step_attribute` VALUES (1247, 8, 45, 0, 'field_currency', 0, NULL);
INSERT INTO `r_step_attribute` VALUES (1248, 8, 45, 0, 'field_decimal', 0, NULL);
INSERT INTO `r_step_attribute` VALUES (1249, 8, 45, 0, 'field_group', 0, NULL);
INSERT INTO `r_step_attribute` VALUES (1250, 8, 45, 0, 'field_length', -1, NULL);
INSERT INTO `r_step_attribute` VALUES (1251, 8, 45, 0, 'field_precision', -1, NULL);
INSERT INTO `r_step_attribute` VALUES (1252, 8, 45, 0, 'set_empty_string', 0, 'N');
INSERT INTO `r_step_attribute` VALUES (1253, 8, 45, 0, 'nr_lines', 1, NULL);
INSERT INTO `r_step_attribute` VALUES (1254, 8, 45, 0, 'item_0', 0, 'sup_subjectdef');
INSERT INTO `r_step_attribute` VALUES (1255, 8, 45, 0, 'cluster_schema', 0, NULL);
INSERT INTO `r_step_attribute` VALUES (1256, 8, 45, 0, 'row_distribution_code', 0, NULL);
INSERT INTO `r_step_attribute` VALUES (1257, 8, 46, 0, 'PARTITIONING_SCHEMA', 0, NULL);
INSERT INTO `r_step_attribute` VALUES (1258, 8, 46, 0, 'PARTITIONING_METHOD', 0, 'none');
INSERT INTO `r_step_attribute` VALUES (1259, 8, 46, 0, 'field_name', 0, 'TABLENAME');
INSERT INTO `r_step_attribute` VALUES (1260, 8, 46, 0, 'field_variable', 0, NULL);
INSERT INTO `r_step_attribute` VALUES (1261, 8, 46, 0, 'field_type', 0, 'String');
INSERT INTO `r_step_attribute` VALUES (1262, 8, 46, 0, 'field_format', 0, NULL);
INSERT INTO `r_step_attribute` VALUES (1263, 8, 46, 0, 'field_currency', 0, NULL);
INSERT INTO `r_step_attribute` VALUES (1264, 8, 46, 0, 'field_decimal', 0, NULL);
INSERT INTO `r_step_attribute` VALUES (1265, 8, 46, 0, 'field_group', 0, NULL);
INSERT INTO `r_step_attribute` VALUES (1266, 8, 46, 0, 'field_length', -1, NULL);
INSERT INTO `r_step_attribute` VALUES (1267, 8, 46, 0, 'field_precision', -1, NULL);
INSERT INTO `r_step_attribute` VALUES (1268, 8, 46, 0, 'field_trim_type', 0, 'none');
INSERT INTO `r_step_attribute` VALUES (1269, 8, 46, 0, 'cluster_schema', 0, NULL);
INSERT INTO `r_step_attribute` VALUES (1270, 8, 46, 0, 'row_distribution_code', 0, NULL);
INSERT INTO `r_step_attribute` VALUES (1337, 7, 52, 0, 'PARTITIONING_SCHEMA', 0, NULL);
INSERT INTO `r_step_attribute` VALUES (1338, 7, 52, 0, 'PARTITIONING_METHOD', 0, 'none');
INSERT INTO `r_step_attribute` VALUES (1339, 7, 52, 0, 'id_connection', 2, NULL);
INSERT INTO `r_step_attribute` VALUES (1340, 7, 52, 0, 'schemaname', 0, NULL);
INSERT INTO `r_step_attribute` VALUES (1341, 7, 52, 0, 'tablenamefieldname', 0, 'tablename');
INSERT INTO `r_step_attribute` VALUES (1342, 7, 52, 0, 'objecttypefieldname', 0, 'type');
INSERT INTO `r_step_attribute` VALUES (1343, 7, 52, 0, 'sqlcreationfieldname', 0, NULL);
INSERT INTO `r_step_attribute` VALUES (1344, 7, 52, 0, 'issystemobjectfieldname', 0, 'is system');
INSERT INTO `r_step_attribute` VALUES (1345, 7, 52, 0, 'includeCatalog', 0, 'N');
INSERT INTO `r_step_attribute` VALUES (1346, 7, 52, 0, 'includeSchema', 0, 'N');
INSERT INTO `r_step_attribute` VALUES (1347, 7, 52, 0, 'includeTable', 0, 'Y');
INSERT INTO `r_step_attribute` VALUES (1348, 7, 52, 0, 'includeView', 0, 'Y');
INSERT INTO `r_step_attribute` VALUES (1349, 7, 52, 0, 'includeProcedure', 0, 'Y');
INSERT INTO `r_step_attribute` VALUES (1350, 7, 52, 0, 'includeSynonym', 0, 'Y');
INSERT INTO `r_step_attribute` VALUES (1351, 7, 52, 0, 'addSchemaInOutput', 0, 'N');
INSERT INTO `r_step_attribute` VALUES (1352, 7, 52, 0, 'dynamicSchema', 0, 'N');
INSERT INTO `r_step_attribute` VALUES (1353, 7, 52, 0, 'schemaNameField', 0, NULL);
INSERT INTO `r_step_attribute` VALUES (1354, 7, 52, 0, 'cluster_schema', 0, NULL);
INSERT INTO `r_step_attribute` VALUES (1355, 7, 52, 0, 'row_distribution_code', 0, NULL);
INSERT INTO `r_step_attribute` VALUES (1356, 7, 53, 0, 'PARTITIONING_SCHEMA', 0, NULL);
INSERT INTO `r_step_attribute` VALUES (1357, 7, 53, 0, 'PARTITIONING_METHOD', 0, 'none');
INSERT INTO `r_step_attribute` VALUES (1358, 7, 53, 0, 'field_name', 0, 'tablename');
INSERT INTO `r_step_attribute` VALUES (1359, 7, 53, 0, 'field_rename', 0, NULL);
INSERT INTO `r_step_attribute` VALUES (1360, 7, 53, 0, 'field_length', -2, NULL);
INSERT INTO `r_step_attribute` VALUES (1361, 7, 53, 0, 'field_precision', -2, NULL);
INSERT INTO `r_step_attribute` VALUES (1362, 7, 53, 0, 'select_unspecified', 0, 'N');
INSERT INTO `r_step_attribute` VALUES (1363, 7, 53, 0, 'cluster_schema', 0, NULL);
INSERT INTO `r_step_attribute` VALUES (1364, 7, 53, 0, 'row_distribution_code', 0, NULL);
INSERT INTO `r_step_attribute` VALUES (1365, 7, 54, 0, 'PARTITIONING_SCHEMA', 0, NULL);
INSERT INTO `r_step_attribute` VALUES (1366, 7, 54, 0, 'PARTITIONING_METHOD', 0, 'none');
INSERT INTO `r_step_attribute` VALUES (1367, 7, 54, 0, 'cluster_schema', 0, NULL);
INSERT INTO `r_step_attribute` VALUES (1368, 7, 54, 0, 'row_distribution_code', 0, NULL);
INSERT INTO `r_step_attribute` VALUES (1369, 2, 55, 0, 'PARTITIONING_SCHEMA', 0, NULL);
INSERT INTO `r_step_attribute` VALUES (1370, 2, 55, 0, 'PARTITIONING_METHOD', 0, 'none');
INSERT INTO `r_step_attribute` VALUES (1371, 2, 55, 0, 'id_connection', 2, NULL);
INSERT INTO `r_step_attribute` VALUES (1372, 2, 55, 0, 'sql', 0, 'SELECT * FROM ${TABLENAME}');
INSERT INTO `r_step_attribute` VALUES (1373, 2, 55, 0, 'limit', 0, '0');
INSERT INTO `r_step_attribute` VALUES (1374, 2, 55, 0, 'lookup', 0, NULL);
INSERT INTO `r_step_attribute` VALUES (1375, 2, 55, 0, 'execute_each_row', 0, 'N');
INSERT INTO `r_step_attribute` VALUES (1376, 2, 55, 0, 'variables_active', 0, 'Y');
INSERT INTO `r_step_attribute` VALUES (1377, 2, 55, 0, 'lazy_conversion_active', 0, 'N');
INSERT INTO `r_step_attribute` VALUES (1378, 2, 55, 0, 'cluster_schema', 0, NULL);
INSERT INTO `r_step_attribute` VALUES (1379, 2, 55, 0, 'row_distribution_code', 0, NULL);
INSERT INTO `r_step_attribute` VALUES (1380, 2, 56, 0, 'PARTITIONING_SCHEMA', 0, NULL);
INSERT INTO `r_step_attribute` VALUES (1381, 2, 56, 0, 'PARTITIONING_METHOD', 0, 'none');
INSERT INTO `r_step_attribute` VALUES (1382, 2, 56, 0, 'id_connection', 1, NULL);
INSERT INTO `r_step_attribute` VALUES (1383, 2, 56, 0, 'schema', 0, NULL);
INSERT INTO `r_step_attribute` VALUES (1384, 2, 56, 0, 'table', 0, '${TABLENAME}');
INSERT INTO `r_step_attribute` VALUES (1385, 2, 56, 0, 'commit', 0, '1000');
INSERT INTO `r_step_attribute` VALUES (1386, 2, 56, 0, 'truncate', 0, 'Y');
INSERT INTO `r_step_attribute` VALUES (1387, 2, 56, 0, 'ignore_errors', 0, 'N');
INSERT INTO `r_step_attribute` VALUES (1388, 2, 56, 0, 'use_batch', 0, 'Y');
INSERT INTO `r_step_attribute` VALUES (1389, 2, 56, 0, 'specify_fields', 0, 'N');
INSERT INTO `r_step_attribute` VALUES (1390, 2, 56, 0, 'partitioning_enabled', 0, 'N');
INSERT INTO `r_step_attribute` VALUES (1391, 2, 56, 0, 'partitioning_field', 0, NULL);
INSERT INTO `r_step_attribute` VALUES (1392, 2, 56, 0, 'partitioning_daily', 0, 'N');
INSERT INTO `r_step_attribute` VALUES (1393, 2, 56, 0, 'partitioning_monthly', 0, 'Y');
INSERT INTO `r_step_attribute` VALUES (1394, 2, 56, 0, 'tablename_in_field', 0, 'N');
INSERT INTO `r_step_attribute` VALUES (1395, 2, 56, 0, 'tablename_field', 0, NULL);
INSERT INTO `r_step_attribute` VALUES (1396, 2, 56, 0, 'tablename_in_table', 0, 'Y');
INSERT INTO `r_step_attribute` VALUES (1397, 2, 56, 0, 'return_keys', 0, 'N');
INSERT INTO `r_step_attribute` VALUES (1398, 2, 56, 0, 'return_field', 0, NULL);
INSERT INTO `r_step_attribute` VALUES (1399, 2, 56, 0, 'cluster_schema', 0, NULL);
INSERT INTO `r_step_attribute` VALUES (1400, 2, 56, 0, 'row_distribution_code', 0, NULL);
INSERT INTO `r_step_attribute` VALUES (1401, 9, 57, 0, 'PARTITIONING_SCHEMA', 0, NULL);
INSERT INTO `r_step_attribute` VALUES (1402, 9, 57, 0, 'PARTITIONING_METHOD', 0, 'none');
INSERT INTO `r_step_attribute` VALUES (1403, 9, 57, 0, 'field_name', 0, 'tablename');
INSERT INTO `r_step_attribute` VALUES (1404, 9, 57, 0, 'variable_name', 0, 'TABLENAME');
INSERT INTO `r_step_attribute` VALUES (1405, 9, 57, 0, 'variable_type', 0, 'JVM');
INSERT INTO `r_step_attribute` VALUES (1406, 9, 57, 0, 'default_value', 0, NULL);
INSERT INTO `r_step_attribute` VALUES (1407, 9, 57, 0, 'use_formatting', 0, 'Y');
INSERT INTO `r_step_attribute` VALUES (1408, 9, 57, 0, 'cluster_schema', 0, NULL);
INSERT INTO `r_step_attribute` VALUES (1409, 9, 57, 0, 'row_distribution_code', 0, NULL);
INSERT INTO `r_step_attribute` VALUES (1410, 9, 58, 0, 'PARTITIONING_SCHEMA', 0, NULL);
INSERT INTO `r_step_attribute` VALUES (1411, 9, 58, 0, 'PARTITIONING_METHOD', 0, 'none');
INSERT INTO `r_step_attribute` VALUES (1412, 9, 58, 0, 'field_name', 0, 'tablename');
INSERT INTO `r_step_attribute` VALUES (1413, 9, 58, 0, 'field_type', 0, 'String');
INSERT INTO `r_step_attribute` VALUES (1414, 9, 58, 0, 'field_length', -1, NULL);
INSERT INTO `r_step_attribute` VALUES (1415, 9, 58, 0, 'field_precision', -1, NULL);
INSERT INTO `r_step_attribute` VALUES (1416, 9, 58, 0, 'cluster_schema', 0, NULL);
INSERT INTO `r_step_attribute` VALUES (1417, 9, 58, 0, 'row_distribution_code', 0, NULL);
INSERT INTO `r_step_attribute` VALUES (1418, 10, 59, 0, 'PARTITIONING_SCHEMA', 0, NULL);
INSERT INTO `r_step_attribute` VALUES (1419, 10, 59, 0, 'PARTITIONING_METHOD', 0, 'none');
INSERT INTO `r_step_attribute` VALUES (1420, 10, 59, 0, 'id_connection', 4, NULL);
INSERT INTO `r_step_attribute` VALUES (1421, 10, 59, 0, 'sql', 0, 'SELECT\r\n  id\r\n, collectiontime\r\n, datatype\r\n, sectype\r\n, bytecount\r\nFROM colle_mesage\r\n');
INSERT INTO `r_step_attribute` VALUES (1422, 10, 59, 0, 'limit', 0, '0');
INSERT INTO `r_step_attribute` VALUES (1423, 10, 59, 0, 'lookup', 0, NULL);
INSERT INTO `r_step_attribute` VALUES (1424, 10, 59, 0, 'execute_each_row', 0, 'N');
INSERT INTO `r_step_attribute` VALUES (1425, 10, 59, 0, 'variables_active', 0, 'N');
INSERT INTO `r_step_attribute` VALUES (1426, 10, 59, 0, 'lazy_conversion_active', 0, 'N');
INSERT INTO `r_step_attribute` VALUES (1427, 10, 59, 0, 'cluster_schema', 0, NULL);
INSERT INTO `r_step_attribute` VALUES (1428, 10, 59, 0, 'row_distribution_code', 0, NULL);
INSERT INTO `r_step_attribute` VALUES (1429, 10, 60, 0, 'PARTITIONING_SCHEMA', 0, NULL);
INSERT INTO `r_step_attribute` VALUES (1430, 10, 60, 0, 'PARTITIONING_METHOD', 0, 'none');
INSERT INTO `r_step_attribute` VALUES (1431, 10, 60, 0, 'id_connection', 5, NULL);
INSERT INTO `r_step_attribute` VALUES (1432, 10, 60, 0, 'schema', 0, NULL);
INSERT INTO `r_step_attribute` VALUES (1433, 10, 60, 0, 'table', 0, 'colle_mesage');
INSERT INTO `r_step_attribute` VALUES (1434, 10, 60, 0, 'commit', 0, '1000');
INSERT INTO `r_step_attribute` VALUES (1435, 10, 60, 0, 'truncate', 0, 'N');
INSERT INTO `r_step_attribute` VALUES (1436, 10, 60, 0, 'ignore_errors', 0, 'N');
INSERT INTO `r_step_attribute` VALUES (1437, 10, 60, 0, 'use_batch', 0, 'Y');
INSERT INTO `r_step_attribute` VALUES (1438, 10, 60, 0, 'specify_fields', 0, 'Y');
INSERT INTO `r_step_attribute` VALUES (1439, 10, 60, 0, 'partitioning_enabled', 0, 'N');
INSERT INTO `r_step_attribute` VALUES (1440, 10, 60, 0, 'partitioning_field', 0, NULL);
INSERT INTO `r_step_attribute` VALUES (1441, 10, 60, 0, 'partitioning_daily', 0, 'N');
INSERT INTO `r_step_attribute` VALUES (1442, 10, 60, 0, 'partitioning_monthly', 0, 'Y');
INSERT INTO `r_step_attribute` VALUES (1443, 10, 60, 0, 'tablename_in_field', 0, 'N');
INSERT INTO `r_step_attribute` VALUES (1444, 10, 60, 0, 'tablename_field', 0, NULL);
INSERT INTO `r_step_attribute` VALUES (1445, 10, 60, 0, 'tablename_in_table', 0, 'Y');
INSERT INTO `r_step_attribute` VALUES (1446, 10, 60, 0, 'return_keys', 0, 'N');
INSERT INTO `r_step_attribute` VALUES (1447, 10, 60, 0, 'return_field', 0, NULL);
INSERT INTO `r_step_attribute` VALUES (1448, 10, 60, 0, 'column_name', 0, 'id');
INSERT INTO `r_step_attribute` VALUES (1449, 10, 60, 0, 'stream_name', 0, 'id');
INSERT INTO `r_step_attribute` VALUES (1450, 10, 60, 1, 'column_name', 0, 'collectiontime');
INSERT INTO `r_step_attribute` VALUES (1451, 10, 60, 1, 'stream_name', 0, 'collectiontime');
INSERT INTO `r_step_attribute` VALUES (1452, 10, 60, 2, 'column_name', 0, 'datatype');
INSERT INTO `r_step_attribute` VALUES (1453, 10, 60, 2, 'stream_name', 0, 'datatype');
INSERT INTO `r_step_attribute` VALUES (1454, 10, 60, 3, 'column_name', 0, 'sectype');
INSERT INTO `r_step_attribute` VALUES (1455, 10, 60, 3, 'stream_name', 0, 'sectype');
INSERT INTO `r_step_attribute` VALUES (1456, 10, 60, 4, 'column_name', 0, 'bytecount');
INSERT INTO `r_step_attribute` VALUES (1457, 10, 60, 4, 'stream_name', 0, 'bytecount');
INSERT INTO `r_step_attribute` VALUES (1458, 10, 60, 0, 'cluster_schema', 0, NULL);
INSERT INTO `r_step_attribute` VALUES (1459, 10, 60, 0, 'row_distribution_code', 0, NULL);
INSERT INTO `r_step_attribute` VALUES (1460, 11, 61, 0, 'PARTITIONING_SCHEMA', 0, NULL);
INSERT INTO `r_step_attribute` VALUES (1461, 11, 61, 0, 'PARTITIONING_METHOD', 0, 'none');
INSERT INTO `r_step_attribute` VALUES (1462, 11, 61, 0, 'header', 0, 'Y');
INSERT INTO `r_step_attribute` VALUES (1463, 11, 61, 0, 'noempty', 0, 'Y');
INSERT INTO `r_step_attribute` VALUES (1464, 11, 61, 0, 'stoponempty', 0, 'N');
INSERT INTO `r_step_attribute` VALUES (1465, 11, 61, 0, 'filefield', 0, NULL);
INSERT INTO `r_step_attribute` VALUES (1466, 11, 61, 0, 'sheetfield', 0, NULL);
INSERT INTO `r_step_attribute` VALUES (1467, 11, 61, 0, 'sheetrownumfield', 0, NULL);
INSERT INTO `r_step_attribute` VALUES (1468, 11, 61, 0, 'rownumfield', 0, NULL);
INSERT INTO `r_step_attribute` VALUES (1469, 11, 61, 0, 'limit', 0, NULL);
INSERT INTO `r_step_attribute` VALUES (1470, 11, 61, 0, 'encoding', 0, NULL);
INSERT INTO `r_step_attribute` VALUES (1471, 11, 61, 0, 'add_to_result_filenames', 0, 'Y');
INSERT INTO `r_step_attribute` VALUES (1472, 11, 61, 0, 'accept_filenames', 0, 'N');
INSERT INTO `r_step_attribute` VALUES (1473, 11, 61, 0, 'accept_field', 0, NULL);
INSERT INTO `r_step_attribute` VALUES (1474, 11, 61, 0, 'accept_stepname', 0, NULL);
INSERT INTO `r_step_attribute` VALUES (1475, 11, 61, 0, 'file_name', 0, 'F:\\广西文档\\种植样例数据-农林牧渔副产值(1).xlsx');
INSERT INTO `r_step_attribute` VALUES (1476, 11, 61, 0, 'file_mask', 0, NULL);
INSERT INTO `r_step_attribute` VALUES (1477, 11, 61, 0, 'exclude_file_mask', 0, NULL);
INSERT INTO `r_step_attribute` VALUES (1478, 11, 61, 0, 'file_required', 0, 'N');
INSERT INTO `r_step_attribute` VALUES (1479, 11, 61, 0, 'include_subfolders', 0, 'N');
INSERT INTO `r_step_attribute` VALUES (1480, 11, 61, 0, 'sheet_name', 0, '农业总产值亿元');
INSERT INTO `r_step_attribute` VALUES (1481, 11, 61, 0, 'sheet_startrow', 0, NULL);
INSERT INTO `r_step_attribute` VALUES (1482, 11, 61, 0, 'sheet_startcol', 0, NULL);
INSERT INTO `r_step_attribute` VALUES (1483, 11, 61, 0, 'field_name', 0, 'ID');
INSERT INTO `r_step_attribute` VALUES (1484, 11, 61, 0, 'field_type', 0, 'Number');
INSERT INTO `r_step_attribute` VALUES (1485, 11, 61, 0, 'field_length', -1, NULL);
INSERT INTO `r_step_attribute` VALUES (1486, 11, 61, 0, 'field_precision', -1, NULL);
INSERT INTO `r_step_attribute` VALUES (1487, 11, 61, 0, 'field_trim_type', 0, 'none');
INSERT INTO `r_step_attribute` VALUES (1488, 11, 61, 0, 'field_repeat', 0, 'N');
INSERT INTO `r_step_attribute` VALUES (1489, 11, 61, 0, 'field_format', 0, NULL);
INSERT INTO `r_step_attribute` VALUES (1490, 11, 61, 0, 'field_currency', 0, NULL);
INSERT INTO `r_step_attribute` VALUES (1491, 11, 61, 0, 'field_decimal', 0, NULL);
INSERT INTO `r_step_attribute` VALUES (1492, 11, 61, 0, 'field_group', 0, NULL);
INSERT INTO `r_step_attribute` VALUES (1493, 11, 61, 1, 'field_name', 0, 'CITY');
INSERT INTO `r_step_attribute` VALUES (1494, 11, 61, 1, 'field_type', 0, 'String');
INSERT INTO `r_step_attribute` VALUES (1495, 11, 61, 1, 'field_length', -1, NULL);
INSERT INTO `r_step_attribute` VALUES (1496, 11, 61, 1, 'field_precision', -1, NULL);
INSERT INTO `r_step_attribute` VALUES (1497, 11, 61, 1, 'field_trim_type', 0, 'none');
INSERT INTO `r_step_attribute` VALUES (1498, 11, 61, 1, 'field_repeat', 0, 'N');
INSERT INTO `r_step_attribute` VALUES (1499, 11, 61, 1, 'field_format', 0, NULL);
INSERT INTO `r_step_attribute` VALUES (1500, 11, 61, 1, 'field_currency', 0, NULL);
INSERT INTO `r_step_attribute` VALUES (1501, 11, 61, 1, 'field_decimal', 0, NULL);
INSERT INTO `r_step_attribute` VALUES (1502, 11, 61, 1, 'field_group', 0, NULL);
INSERT INTO `r_step_attribute` VALUES (1503, 11, 61, 2, 'field_name', 0, 'COUNTY');
INSERT INTO `r_step_attribute` VALUES (1504, 11, 61, 2, 'field_type', 0, 'String');
INSERT INTO `r_step_attribute` VALUES (1505, 11, 61, 2, 'field_length', -1, NULL);
INSERT INTO `r_step_attribute` VALUES (1506, 11, 61, 2, 'field_precision', -1, NULL);
INSERT INTO `r_step_attribute` VALUES (1507, 11, 61, 2, 'field_trim_type', 0, 'none');
INSERT INTO `r_step_attribute` VALUES (1508, 11, 61, 2, 'field_repeat', 0, 'N');
INSERT INTO `r_step_attribute` VALUES (1509, 11, 61, 2, 'field_format', 0, NULL);
INSERT INTO `r_step_attribute` VALUES (1510, 11, 61, 2, 'field_currency', 0, NULL);
INSERT INTO `r_step_attribute` VALUES (1511, 11, 61, 2, 'field_decimal', 0, NULL);
INSERT INTO `r_step_attribute` VALUES (1512, 11, 61, 2, 'field_group', 0, NULL);
INSERT INTO `r_step_attribute` VALUES (1513, 11, 61, 3, 'field_name', 0, 'TYPE');
INSERT INTO `r_step_attribute` VALUES (1514, 11, 61, 3, 'field_type', 0, 'String');
INSERT INTO `r_step_attribute` VALUES (1515, 11, 61, 3, 'field_length', -1, NULL);
INSERT INTO `r_step_attribute` VALUES (1516, 11, 61, 3, 'field_precision', -1, NULL);
INSERT INTO `r_step_attribute` VALUES (1517, 11, 61, 3, 'field_trim_type', 0, 'none');
INSERT INTO `r_step_attribute` VALUES (1518, 11, 61, 3, 'field_repeat', 0, 'N');
INSERT INTO `r_step_attribute` VALUES (1519, 11, 61, 3, 'field_format', 0, NULL);
INSERT INTO `r_step_attribute` VALUES (1520, 11, 61, 3, 'field_currency', 0, NULL);
INSERT INTO `r_step_attribute` VALUES (1521, 11, 61, 3, 'field_decimal', 0, NULL);
INSERT INTO `r_step_attribute` VALUES (1522, 11, 61, 3, 'field_group', 0, NULL);
INSERT INTO `r_step_attribute` VALUES (1523, 11, 61, 4, 'field_name', 0, '空');
INSERT INTO `r_step_attribute` VALUES (1524, 11, 61, 4, 'field_type', 0, 'String');
INSERT INTO `r_step_attribute` VALUES (1525, 11, 61, 4, 'field_length', -1, NULL);
INSERT INTO `r_step_attribute` VALUES (1526, 11, 61, 4, 'field_precision', -1, NULL);
INSERT INTO `r_step_attribute` VALUES (1527, 11, 61, 4, 'field_trim_type', 0, 'none');
INSERT INTO `r_step_attribute` VALUES (1528, 11, 61, 4, 'field_repeat', 0, 'N');
INSERT INTO `r_step_attribute` VALUES (1529, 11, 61, 4, 'field_format', 0, NULL);
INSERT INTO `r_step_attribute` VALUES (1530, 11, 61, 4, 'field_currency', 0, NULL);
INSERT INTO `r_step_attribute` VALUES (1531, 11, 61, 4, 'field_decimal', 0, NULL);
INSERT INTO `r_step_attribute` VALUES (1532, 11, 61, 4, 'field_group', 0, NULL);
INSERT INTO `r_step_attribute` VALUES (1533, 11, 61, 5, 'field_name', 0, '2019.0');
INSERT INTO `r_step_attribute` VALUES (1534, 11, 61, 5, 'field_type', 0, 'Number');
INSERT INTO `r_step_attribute` VALUES (1535, 11, 61, 5, 'field_length', -1, NULL);
INSERT INTO `r_step_attribute` VALUES (1536, 11, 61, 5, 'field_precision', -1, NULL);
INSERT INTO `r_step_attribute` VALUES (1537, 11, 61, 5, 'field_trim_type', 0, 'none');
INSERT INTO `r_step_attribute` VALUES (1538, 11, 61, 5, 'field_repeat', 0, 'N');
INSERT INTO `r_step_attribute` VALUES (1539, 11, 61, 5, 'field_format', 0, NULL);
INSERT INTO `r_step_attribute` VALUES (1540, 11, 61, 5, 'field_currency', 0, NULL);
INSERT INTO `r_step_attribute` VALUES (1541, 11, 61, 5, 'field_decimal', 0, NULL);
INSERT INTO `r_step_attribute` VALUES (1542, 11, 61, 5, 'field_group', 0, NULL);
INSERT INTO `r_step_attribute` VALUES (1543, 11, 61, 6, 'field_name', 0, '2018.0');
INSERT INTO `r_step_attribute` VALUES (1544, 11, 61, 6, 'field_type', 0, 'Number');
INSERT INTO `r_step_attribute` VALUES (1545, 11, 61, 6, 'field_length', -1, NULL);
INSERT INTO `r_step_attribute` VALUES (1546, 11, 61, 6, 'field_precision', -1, NULL);
INSERT INTO `r_step_attribute` VALUES (1547, 11, 61, 6, 'field_trim_type', 0, 'none');
INSERT INTO `r_step_attribute` VALUES (1548, 11, 61, 6, 'field_repeat', 0, 'N');
INSERT INTO `r_step_attribute` VALUES (1549, 11, 61, 6, 'field_format', 0, NULL);
INSERT INTO `r_step_attribute` VALUES (1550, 11, 61, 6, 'field_currency', 0, NULL);
INSERT INTO `r_step_attribute` VALUES (1551, 11, 61, 6, 'field_decimal', 0, NULL);
INSERT INTO `r_step_attribute` VALUES (1552, 11, 61, 6, 'field_group', 0, NULL);
INSERT INTO `r_step_attribute` VALUES (1553, 11, 61, 7, 'field_name', 0, '2017.0');
INSERT INTO `r_step_attribute` VALUES (1554, 11, 61, 7, 'field_type', 0, 'Number');
INSERT INTO `r_step_attribute` VALUES (1555, 11, 61, 7, 'field_length', -1, NULL);
INSERT INTO `r_step_attribute` VALUES (1556, 11, 61, 7, 'field_precision', -1, NULL);
INSERT INTO `r_step_attribute` VALUES (1557, 11, 61, 7, 'field_trim_type', 0, 'none');
INSERT INTO `r_step_attribute` VALUES (1558, 11, 61, 7, 'field_repeat', 0, 'N');
INSERT INTO `r_step_attribute` VALUES (1559, 11, 61, 7, 'field_format', 0, NULL);
INSERT INTO `r_step_attribute` VALUES (1560, 11, 61, 7, 'field_currency', 0, NULL);
INSERT INTO `r_step_attribute` VALUES (1561, 11, 61, 7, 'field_decimal', 0, NULL);
INSERT INTO `r_step_attribute` VALUES (1562, 11, 61, 7, 'field_group', 0, NULL);
INSERT INTO `r_step_attribute` VALUES (1563, 11, 61, 8, 'field_name', 0, '2016.0');
INSERT INTO `r_step_attribute` VALUES (1564, 11, 61, 8, 'field_type', 0, 'Number');
INSERT INTO `r_step_attribute` VALUES (1565, 11, 61, 8, 'field_length', -1, NULL);
INSERT INTO `r_step_attribute` VALUES (1566, 11, 61, 8, 'field_precision', -1, NULL);
INSERT INTO `r_step_attribute` VALUES (1567, 11, 61, 8, 'field_trim_type', 0, 'none');
INSERT INTO `r_step_attribute` VALUES (1568, 11, 61, 8, 'field_repeat', 0, 'N');
INSERT INTO `r_step_attribute` VALUES (1569, 11, 61, 8, 'field_format', 0, NULL);
INSERT INTO `r_step_attribute` VALUES (1570, 11, 61, 8, 'field_currency', 0, NULL);
INSERT INTO `r_step_attribute` VALUES (1571, 11, 61, 8, 'field_decimal', 0, NULL);
INSERT INTO `r_step_attribute` VALUES (1572, 11, 61, 8, 'field_group', 0, NULL);
INSERT INTO `r_step_attribute` VALUES (1573, 11, 61, 9, 'field_name', 0, '2015.0');
INSERT INTO `r_step_attribute` VALUES (1574, 11, 61, 9, 'field_type', 0, 'Number');
INSERT INTO `r_step_attribute` VALUES (1575, 11, 61, 9, 'field_length', -1, NULL);
INSERT INTO `r_step_attribute` VALUES (1576, 11, 61, 9, 'field_precision', -1, NULL);
INSERT INTO `r_step_attribute` VALUES (1577, 11, 61, 9, 'field_trim_type', 0, 'none');
INSERT INTO `r_step_attribute` VALUES (1578, 11, 61, 9, 'field_repeat', 0, 'N');
INSERT INTO `r_step_attribute` VALUES (1579, 11, 61, 9, 'field_format', 0, NULL);
INSERT INTO `r_step_attribute` VALUES (1580, 11, 61, 9, 'field_currency', 0, NULL);
INSERT INTO `r_step_attribute` VALUES (1581, 11, 61, 9, 'field_decimal', 0, NULL);
INSERT INTO `r_step_attribute` VALUES (1582, 11, 61, 9, 'field_group', 0, NULL);
INSERT INTO `r_step_attribute` VALUES (1583, 11, 61, 0, 'strict_types', 0, 'N');
INSERT INTO `r_step_attribute` VALUES (1584, 11, 61, 0, 'error_ignored', 0, 'N');
INSERT INTO `r_step_attribute` VALUES (1585, 11, 61, 0, 'error_line_skipped', 0, 'N');
INSERT INTO `r_step_attribute` VALUES (1586, 11, 61, 0, 'bad_line_files_dest_dir', 0, NULL);
INSERT INTO `r_step_attribute` VALUES (1587, 11, 61, 0, 'bad_line_files_ext', 0, 'warning');
INSERT INTO `r_step_attribute` VALUES (1588, 11, 61, 0, 'error_line_files_dest_dir', 0, NULL);
INSERT INTO `r_step_attribute` VALUES (1589, 11, 61, 0, 'error_line_files_ext', 0, 'error');
INSERT INTO `r_step_attribute` VALUES (1590, 11, 61, 0, 'line_number_files_dest_dir', 0, NULL);
INSERT INTO `r_step_attribute` VALUES (1591, 11, 61, 0, 'line_number_files_ext', 0, 'line');
INSERT INTO `r_step_attribute` VALUES (1592, 11, 61, 0, 'shortFileFieldName', 0, NULL);
INSERT INTO `r_step_attribute` VALUES (1593, 11, 61, 0, 'pathFieldName', 0, NULL);
INSERT INTO `r_step_attribute` VALUES (1594, 11, 61, 0, 'hiddenFieldName', 0, NULL);
INSERT INTO `r_step_attribute` VALUES (1595, 11, 61, 0, 'lastModificationTimeFieldName', 0, NULL);
INSERT INTO `r_step_attribute` VALUES (1596, 11, 61, 0, 'uriNameFieldName', 0, NULL);
INSERT INTO `r_step_attribute` VALUES (1597, 11, 61, 0, 'rootUriNameFieldName', 0, NULL);
INSERT INTO `r_step_attribute` VALUES (1598, 11, 61, 0, 'extensionFieldName', 0, NULL);
INSERT INTO `r_step_attribute` VALUES (1599, 11, 61, 0, 'sizeFieldName', 0, NULL);
INSERT INTO `r_step_attribute` VALUES (1600, 11, 61, 0, 'spreadsheet_type', 0, 'POI');
INSERT INTO `r_step_attribute` VALUES (1601, 11, 61, 0, 'cluster_schema', 0, NULL);
INSERT INTO `r_step_attribute` VALUES (1602, 11, 61, 0, 'row_distribution_code', 0, NULL);
INSERT INTO `r_step_attribute` VALUES (1603, 11, 62, 0, 'PARTITIONING_SCHEMA', 0, NULL);
INSERT INTO `r_step_attribute` VALUES (1604, 11, 62, 0, 'PARTITIONING_METHOD', 0, 'none');
INSERT INTO `r_step_attribute` VALUES (1605, 11, 62, 0, 'id_connection', 6, NULL);
INSERT INTO `r_step_attribute` VALUES (1606, 11, 62, 0, 'schema', 0, NULL);
INSERT INTO `r_step_attribute` VALUES (1607, 11, 62, 0, 'table', 0, 't_output_value');
INSERT INTO `r_step_attribute` VALUES (1608, 11, 62, 0, 'commit', 0, '1000');
INSERT INTO `r_step_attribute` VALUES (1609, 11, 62, 0, 'truncate', 0, 'N');
INSERT INTO `r_step_attribute` VALUES (1610, 11, 62, 0, 'ignore_errors', 0, 'N');
INSERT INTO `r_step_attribute` VALUES (1611, 11, 62, 0, 'use_batch', 0, 'Y');
INSERT INTO `r_step_attribute` VALUES (1612, 11, 62, 0, 'specify_fields', 0, 'Y');
INSERT INTO `r_step_attribute` VALUES (1613, 11, 62, 0, 'partitioning_enabled', 0, 'N');
INSERT INTO `r_step_attribute` VALUES (1614, 11, 62, 0, 'partitioning_field', 0, NULL);
INSERT INTO `r_step_attribute` VALUES (1615, 11, 62, 0, 'partitioning_daily', 0, 'N');
INSERT INTO `r_step_attribute` VALUES (1616, 11, 62, 0, 'partitioning_monthly', 0, 'Y');
INSERT INTO `r_step_attribute` VALUES (1617, 11, 62, 0, 'tablename_in_field', 0, 'N');
INSERT INTO `r_step_attribute` VALUES (1618, 11, 62, 0, 'tablename_field', 0, NULL);
INSERT INTO `r_step_attribute` VALUES (1619, 11, 62, 0, 'tablename_in_table', 0, 'Y');
INSERT INTO `r_step_attribute` VALUES (1620, 11, 62, 0, 'return_keys', 0, 'N');
INSERT INTO `r_step_attribute` VALUES (1621, 11, 62, 0, 'return_field', 0, NULL);
INSERT INTO `r_step_attribute` VALUES (1622, 11, 62, 0, 'column_name', 0, 'TOTAL_OUTPUT_VALUE');
INSERT INTO `r_step_attribute` VALUES (1623, 11, 62, 0, 'stream_name', 0, '2019.0');
INSERT INTO `r_step_attribute` VALUES (1624, 11, 62, 0, 'cluster_schema', 0, NULL);
INSERT INTO `r_step_attribute` VALUES (1625, 11, 62, 0, 'row_distribution_code', 0, NULL);
INSERT INTO `r_step_attribute` VALUES (1626, 12, 63, 0, 'PARTITIONING_SCHEMA', 0, NULL);
INSERT INTO `r_step_attribute` VALUES (1627, 12, 63, 0, 'PARTITIONING_METHOD', 0, 'none');
INSERT INTO `r_step_attribute` VALUES (1628, 12, 63, 0, 'header', 0, 'Y');
INSERT INTO `r_step_attribute` VALUES (1629, 12, 63, 0, 'noempty', 0, 'Y');
INSERT INTO `r_step_attribute` VALUES (1630, 12, 63, 0, 'stoponempty', 0, 'N');
INSERT INTO `r_step_attribute` VALUES (1631, 12, 63, 0, 'filefield', 0, NULL);
INSERT INTO `r_step_attribute` VALUES (1632, 12, 63, 0, 'sheetfield', 0, NULL);
INSERT INTO `r_step_attribute` VALUES (1633, 12, 63, 0, 'sheetrownumfield', 0, NULL);
INSERT INTO `r_step_attribute` VALUES (1634, 12, 63, 0, 'rownumfield', 0, NULL);
INSERT INTO `r_step_attribute` VALUES (1635, 12, 63, 0, 'limit', 0, NULL);
INSERT INTO `r_step_attribute` VALUES (1636, 12, 63, 0, 'encoding', 0, NULL);
INSERT INTO `r_step_attribute` VALUES (1637, 12, 63, 0, 'add_to_result_filenames', 0, 'Y');
INSERT INTO `r_step_attribute` VALUES (1638, 12, 63, 0, 'accept_filenames', 0, 'N');
INSERT INTO `r_step_attribute` VALUES (1639, 12, 63, 0, 'accept_field', 0, NULL);
INSERT INTO `r_step_attribute` VALUES (1640, 12, 63, 0, 'accept_stepname', 0, NULL);
INSERT INTO `r_step_attribute` VALUES (1641, 12, 63, 0, 'file_name', 0, 'F:\\广西文档\\种植样例数据-机械化水平(2)(1)(1).xlsx');
INSERT INTO `r_step_attribute` VALUES (1642, 12, 63, 0, 'file_mask', 0, NULL);
INSERT INTO `r_step_attribute` VALUES (1643, 12, 63, 0, 'exclude_file_mask', 0, NULL);
INSERT INTO `r_step_attribute` VALUES (1644, 12, 63, 0, 'file_required', 0, 'N');
INSERT INTO `r_step_attribute` VALUES (1645, 12, 63, 0, 'include_subfolders', 0, 'N');
INSERT INTO `r_step_attribute` VALUES (1646, 12, 63, 0, 'sheet_name', 0, '甘蔗');
INSERT INTO `r_step_attribute` VALUES (1647, 12, 63, 0, 'sheet_startrow', 0, NULL);
INSERT INTO `r_step_attribute` VALUES (1648, 12, 63, 0, 'sheet_startcol', 0, NULL);
INSERT INTO `r_step_attribute` VALUES (1649, 12, 63, 0, 'field_name', 0, '序号');
INSERT INTO `r_step_attribute` VALUES (1650, 12, 63, 0, 'field_type', 0, 'Number');
INSERT INTO `r_step_attribute` VALUES (1651, 12, 63, 0, 'field_length', -1, NULL);
INSERT INTO `r_step_attribute` VALUES (1652, 12, 63, 0, 'field_precision', -1, NULL);
INSERT INTO `r_step_attribute` VALUES (1653, 12, 63, 0, 'field_trim_type', 0, 'none');
INSERT INTO `r_step_attribute` VALUES (1654, 12, 63, 0, 'field_repeat', 0, 'N');
INSERT INTO `r_step_attribute` VALUES (1655, 12, 63, 0, 'field_format', 0, NULL);
INSERT INTO `r_step_attribute` VALUES (1656, 12, 63, 0, 'field_currency', 0, NULL);
INSERT INTO `r_step_attribute` VALUES (1657, 12, 63, 0, 'field_decimal', 0, NULL);
INSERT INTO `r_step_attribute` VALUES (1658, 12, 63, 0, 'field_group', 0, NULL);
INSERT INTO `r_step_attribute` VALUES (1659, 12, 63, 1, 'field_name', 0, '地级市');
INSERT INTO `r_step_attribute` VALUES (1660, 12, 63, 1, 'field_type', 0, 'String');
INSERT INTO `r_step_attribute` VALUES (1661, 12, 63, 1, 'field_length', -1, NULL);
INSERT INTO `r_step_attribute` VALUES (1662, 12, 63, 1, 'field_precision', -1, NULL);
INSERT INTO `r_step_attribute` VALUES (1663, 12, 63, 1, 'field_trim_type', 0, 'none');
INSERT INTO `r_step_attribute` VALUES (1664, 12, 63, 1, 'field_repeat', 0, 'N');
INSERT INTO `r_step_attribute` VALUES (1665, 12, 63, 1, 'field_format', 0, NULL);
INSERT INTO `r_step_attribute` VALUES (1666, 12, 63, 1, 'field_currency', 0, NULL);
INSERT INTO `r_step_attribute` VALUES (1667, 12, 63, 1, 'field_decimal', 0, NULL);
INSERT INTO `r_step_attribute` VALUES (1668, 12, 63, 1, 'field_group', 0, NULL);
INSERT INTO `r_step_attribute` VALUES (1669, 12, 63, 2, 'field_name', 0, '综合水平(%)');
INSERT INTO `r_step_attribute` VALUES (1670, 12, 63, 2, 'field_type', 0, 'Number');
INSERT INTO `r_step_attribute` VALUES (1671, 12, 63, 2, 'field_length', -1, NULL);
INSERT INTO `r_step_attribute` VALUES (1672, 12, 63, 2, 'field_precision', -1, NULL);
INSERT INTO `r_step_attribute` VALUES (1673, 12, 63, 2, 'field_trim_type', 0, 'none');
INSERT INTO `r_step_attribute` VALUES (1674, 12, 63, 2, 'field_repeat', 0, 'N');
INSERT INTO `r_step_attribute` VALUES (1675, 12, 63, 2, 'field_format', 0, NULL);
INSERT INTO `r_step_attribute` VALUES (1676, 12, 63, 2, 'field_currency', 0, NULL);
INSERT INTO `r_step_attribute` VALUES (1677, 12, 63, 2, 'field_decimal', 0, NULL);
INSERT INTO `r_step_attribute` VALUES (1678, 12, 63, 2, 'field_group', 0, NULL);
INSERT INTO `r_step_attribute` VALUES (1679, 12, 63, 3, 'field_name', 0, '机耕面积');
INSERT INTO `r_step_attribute` VALUES (1680, 12, 63, 3, 'field_type', 0, 'Number');
INSERT INTO `r_step_attribute` VALUES (1681, 12, 63, 3, 'field_length', -1, NULL);
INSERT INTO `r_step_attribute` VALUES (1682, 12, 63, 3, 'field_precision', -1, NULL);
INSERT INTO `r_step_attribute` VALUES (1683, 12, 63, 3, 'field_trim_type', 0, 'none');
INSERT INTO `r_step_attribute` VALUES (1684, 12, 63, 3, 'field_repeat', 0, 'N');
INSERT INTO `r_step_attribute` VALUES (1685, 12, 63, 3, 'field_format', 0, NULL);
INSERT INTO `r_step_attribute` VALUES (1686, 12, 63, 3, 'field_currency', 0, NULL);
INSERT INTO `r_step_attribute` VALUES (1687, 12, 63, 3, 'field_decimal', 0, NULL);
INSERT INTO `r_step_attribute` VALUES (1688, 12, 63, 3, 'field_group', 0, NULL);
INSERT INTO `r_step_attribute` VALUES (1689, 12, 63, 4, 'field_name', 0, '机种面积');
INSERT INTO `r_step_attribute` VALUES (1690, 12, 63, 4, 'field_type', 0, 'Number');
INSERT INTO `r_step_attribute` VALUES (1691, 12, 63, 4, 'field_length', -1, NULL);
INSERT INTO `r_step_attribute` VALUES (1692, 12, 63, 4, 'field_precision', -1, NULL);
INSERT INTO `r_step_attribute` VALUES (1693, 12, 63, 4, 'field_trim_type', 0, 'none');
INSERT INTO `r_step_attribute` VALUES (1694, 12, 63, 4, 'field_repeat', 0, 'N');
INSERT INTO `r_step_attribute` VALUES (1695, 12, 63, 4, 'field_format', 0, NULL);
INSERT INTO `r_step_attribute` VALUES (1696, 12, 63, 4, 'field_currency', 0, NULL);
INSERT INTO `r_step_attribute` VALUES (1697, 12, 63, 4, 'field_decimal', 0, NULL);
INSERT INTO `r_step_attribute` VALUES (1698, 12, 63, 4, 'field_group', 0, NULL);
INSERT INTO `r_step_attribute` VALUES (1699, 12, 63, 5, 'field_name', 0, '机收面积');
INSERT INTO `r_step_attribute` VALUES (1700, 12, 63, 5, 'field_type', 0, 'Number');
INSERT INTO `r_step_attribute` VALUES (1701, 12, 63, 5, 'field_length', -1, NULL);
INSERT INTO `r_step_attribute` VALUES (1702, 12, 63, 5, 'field_precision', -1, NULL);
INSERT INTO `r_step_attribute` VALUES (1703, 12, 63, 5, 'field_trim_type', 0, 'none');
INSERT INTO `r_step_attribute` VALUES (1704, 12, 63, 5, 'field_repeat', 0, 'N');
INSERT INTO `r_step_attribute` VALUES (1705, 12, 63, 5, 'field_format', 0, NULL);
INSERT INTO `r_step_attribute` VALUES (1706, 12, 63, 5, 'field_currency', 0, NULL);
INSERT INTO `r_step_attribute` VALUES (1707, 12, 63, 5, 'field_decimal', 0, NULL);
INSERT INTO `r_step_attribute` VALUES (1708, 12, 63, 5, 'field_group', 0, NULL);
INSERT INTO `r_step_attribute` VALUES (1709, 12, 63, 6, 'field_name', 0, '综合水平(%)_1');
INSERT INTO `r_step_attribute` VALUES (1710, 12, 63, 6, 'field_type', 0, 'Number');
INSERT INTO `r_step_attribute` VALUES (1711, 12, 63, 6, 'field_length', -1, NULL);
INSERT INTO `r_step_attribute` VALUES (1712, 12, 63, 6, 'field_precision', -1, NULL);
INSERT INTO `r_step_attribute` VALUES (1713, 12, 63, 6, 'field_trim_type', 0, 'none');
INSERT INTO `r_step_attribute` VALUES (1714, 12, 63, 6, 'field_repeat', 0, 'N');
INSERT INTO `r_step_attribute` VALUES (1715, 12, 63, 6, 'field_format', 0, NULL);
INSERT INTO `r_step_attribute` VALUES (1716, 12, 63, 6, 'field_currency', 0, NULL);
INSERT INTO `r_step_attribute` VALUES (1717, 12, 63, 6, 'field_decimal', 0, NULL);
INSERT INTO `r_step_attribute` VALUES (1718, 12, 63, 6, 'field_group', 0, NULL);
INSERT INTO `r_step_attribute` VALUES (1719, 12, 63, 7, 'field_name', 0, '机耕面积 万亩');
INSERT INTO `r_step_attribute` VALUES (1720, 12, 63, 7, 'field_type', 0, 'Number');
INSERT INTO `r_step_attribute` VALUES (1721, 12, 63, 7, 'field_length', -1, NULL);
INSERT INTO `r_step_attribute` VALUES (1722, 12, 63, 7, 'field_precision', -1, NULL);
INSERT INTO `r_step_attribute` VALUES (1723, 12, 63, 7, 'field_trim_type', 0, 'none');
INSERT INTO `r_step_attribute` VALUES (1724, 12, 63, 7, 'field_repeat', 0, 'N');
INSERT INTO `r_step_attribute` VALUES (1725, 12, 63, 7, 'field_format', 0, NULL);
INSERT INTO `r_step_attribute` VALUES (1726, 12, 63, 7, 'field_currency', 0, NULL);
INSERT INTO `r_step_attribute` VALUES (1727, 12, 63, 7, 'field_decimal', 0, NULL);
INSERT INTO `r_step_attribute` VALUES (1728, 12, 63, 7, 'field_group', 0, NULL);
INSERT INTO `r_step_attribute` VALUES (1729, 12, 63, 8, 'field_name', 0, '机种面积_1');
INSERT INTO `r_step_attribute` VALUES (1730, 12, 63, 8, 'field_type', 0, 'Number');
INSERT INTO `r_step_attribute` VALUES (1731, 12, 63, 8, 'field_length', -1, NULL);
INSERT INTO `r_step_attribute` VALUES (1732, 12, 63, 8, 'field_precision', -1, NULL);
INSERT INTO `r_step_attribute` VALUES (1733, 12, 63, 8, 'field_trim_type', 0, 'none');
INSERT INTO `r_step_attribute` VALUES (1734, 12, 63, 8, 'field_repeat', 0, 'N');
INSERT INTO `r_step_attribute` VALUES (1735, 12, 63, 8, 'field_format', 0, NULL);
INSERT INTO `r_step_attribute` VALUES (1736, 12, 63, 8, 'field_currency', 0, NULL);
INSERT INTO `r_step_attribute` VALUES (1737, 12, 63, 8, 'field_decimal', 0, NULL);
INSERT INTO `r_step_attribute` VALUES (1738, 12, 63, 8, 'field_group', 0, NULL);
INSERT INTO `r_step_attribute` VALUES (1739, 12, 63, 9, 'field_name', 0, '机收面积_1');
INSERT INTO `r_step_attribute` VALUES (1740, 12, 63, 9, 'field_type', 0, 'Number');
INSERT INTO `r_step_attribute` VALUES (1741, 12, 63, 9, 'field_length', -1, NULL);
INSERT INTO `r_step_attribute` VALUES (1742, 12, 63, 9, 'field_precision', -1, NULL);
INSERT INTO `r_step_attribute` VALUES (1743, 12, 63, 9, 'field_trim_type', 0, 'none');
INSERT INTO `r_step_attribute` VALUES (1744, 12, 63, 9, 'field_repeat', 0, 'N');
INSERT INTO `r_step_attribute` VALUES (1745, 12, 63, 9, 'field_format', 0, NULL);
INSERT INTO `r_step_attribute` VALUES (1746, 12, 63, 9, 'field_currency', 0, NULL);
INSERT INTO `r_step_attribute` VALUES (1747, 12, 63, 9, 'field_decimal', 0, NULL);
INSERT INTO `r_step_attribute` VALUES (1748, 12, 63, 9, 'field_group', 0, NULL);
INSERT INTO `r_step_attribute` VALUES (1749, 12, 63, 10, 'field_name', 0, '综合水平(%)_2');
INSERT INTO `r_step_attribute` VALUES (1750, 12, 63, 10, 'field_type', 0, 'Number');
INSERT INTO `r_step_attribute` VALUES (1751, 12, 63, 10, 'field_length', -1, NULL);
INSERT INTO `r_step_attribute` VALUES (1752, 12, 63, 10, 'field_precision', -1, NULL);
INSERT INTO `r_step_attribute` VALUES (1753, 12, 63, 10, 'field_trim_type', 0, 'none');
INSERT INTO `r_step_attribute` VALUES (1754, 12, 63, 10, 'field_repeat', 0, 'N');
INSERT INTO `r_step_attribute` VALUES (1755, 12, 63, 10, 'field_format', 0, NULL);
INSERT INTO `r_step_attribute` VALUES (1756, 12, 63, 10, 'field_currency', 0, NULL);
INSERT INTO `r_step_attribute` VALUES (1757, 12, 63, 10, 'field_decimal', 0, NULL);
INSERT INTO `r_step_attribute` VALUES (1758, 12, 63, 10, 'field_group', 0, NULL);
INSERT INTO `r_step_attribute` VALUES (1759, 12, 63, 11, 'field_name', 0, '机耕面积 万亩_1');
INSERT INTO `r_step_attribute` VALUES (1760, 12, 63, 11, 'field_type', 0, 'Number');
INSERT INTO `r_step_attribute` VALUES (1761, 12, 63, 11, 'field_length', -1, NULL);
INSERT INTO `r_step_attribute` VALUES (1762, 12, 63, 11, 'field_precision', -1, NULL);
INSERT INTO `r_step_attribute` VALUES (1763, 12, 63, 11, 'field_trim_type', 0, 'none');
INSERT INTO `r_step_attribute` VALUES (1764, 12, 63, 11, 'field_repeat', 0, 'N');
INSERT INTO `r_step_attribute` VALUES (1765, 12, 63, 11, 'field_format', 0, NULL);
INSERT INTO `r_step_attribute` VALUES (1766, 12, 63, 11, 'field_currency', 0, NULL);
INSERT INTO `r_step_attribute` VALUES (1767, 12, 63, 11, 'field_decimal', 0, NULL);
INSERT INTO `r_step_attribute` VALUES (1768, 12, 63, 11, 'field_group', 0, NULL);
INSERT INTO `r_step_attribute` VALUES (1769, 12, 63, 12, 'field_name', 0, '机种面积_2');
INSERT INTO `r_step_attribute` VALUES (1770, 12, 63, 12, 'field_type', 0, 'Number');
INSERT INTO `r_step_attribute` VALUES (1771, 12, 63, 12, 'field_length', -1, NULL);
INSERT INTO `r_step_attribute` VALUES (1772, 12, 63, 12, 'field_precision', -1, NULL);
INSERT INTO `r_step_attribute` VALUES (1773, 12, 63, 12, 'field_trim_type', 0, 'none');
INSERT INTO `r_step_attribute` VALUES (1774, 12, 63, 12, 'field_repeat', 0, 'N');
INSERT INTO `r_step_attribute` VALUES (1775, 12, 63, 12, 'field_format', 0, NULL);
INSERT INTO `r_step_attribute` VALUES (1776, 12, 63, 12, 'field_currency', 0, NULL);
INSERT INTO `r_step_attribute` VALUES (1777, 12, 63, 12, 'field_decimal', 0, NULL);
INSERT INTO `r_step_attribute` VALUES (1778, 12, 63, 12, 'field_group', 0, NULL);
INSERT INTO `r_step_attribute` VALUES (1779, 12, 63, 13, 'field_name', 0, '机收面积_2');
INSERT INTO `r_step_attribute` VALUES (1780, 12, 63, 13, 'field_type', 0, 'Number');
INSERT INTO `r_step_attribute` VALUES (1781, 12, 63, 13, 'field_length', -1, NULL);
INSERT INTO `r_step_attribute` VALUES (1782, 12, 63, 13, 'field_precision', -1, NULL);
INSERT INTO `r_step_attribute` VALUES (1783, 12, 63, 13, 'field_trim_type', 0, 'none');
INSERT INTO `r_step_attribute` VALUES (1784, 12, 63, 13, 'field_repeat', 0, 'N');
INSERT INTO `r_step_attribute` VALUES (1785, 12, 63, 13, 'field_format', 0, NULL);
INSERT INTO `r_step_attribute` VALUES (1786, 12, 63, 13, 'field_currency', 0, NULL);
INSERT INTO `r_step_attribute` VALUES (1787, 12, 63, 13, 'field_decimal', 0, NULL);
INSERT INTO `r_step_attribute` VALUES (1788, 12, 63, 13, 'field_group', 0, NULL);
INSERT INTO `r_step_attribute` VALUES (1789, 12, 63, 14, 'field_name', 0, '综合水平(%)_3');
INSERT INTO `r_step_attribute` VALUES (1790, 12, 63, 14, 'field_type', 0, 'Number');
INSERT INTO `r_step_attribute` VALUES (1791, 12, 63, 14, 'field_length', -1, NULL);
INSERT INTO `r_step_attribute` VALUES (1792, 12, 63, 14, 'field_precision', -1, NULL);
INSERT INTO `r_step_attribute` VALUES (1793, 12, 63, 14, 'field_trim_type', 0, 'none');
INSERT INTO `r_step_attribute` VALUES (1794, 12, 63, 14, 'field_repeat', 0, 'N');
INSERT INTO `r_step_attribute` VALUES (1795, 12, 63, 14, 'field_format', 0, NULL);
INSERT INTO `r_step_attribute` VALUES (1796, 12, 63, 14, 'field_currency', 0, NULL);
INSERT INTO `r_step_attribute` VALUES (1797, 12, 63, 14, 'field_decimal', 0, NULL);
INSERT INTO `r_step_attribute` VALUES (1798, 12, 63, 14, 'field_group', 0, NULL);
INSERT INTO `r_step_attribute` VALUES (1799, 12, 63, 15, 'field_name', 0, '机耕面积 万亩_2');
INSERT INTO `r_step_attribute` VALUES (1800, 12, 63, 15, 'field_type', 0, 'Number');
INSERT INTO `r_step_attribute` VALUES (1801, 12, 63, 15, 'field_length', -1, NULL);
INSERT INTO `r_step_attribute` VALUES (1802, 12, 63, 15, 'field_precision', -1, NULL);
INSERT INTO `r_step_attribute` VALUES (1803, 12, 63, 15, 'field_trim_type', 0, 'none');
INSERT INTO `r_step_attribute` VALUES (1804, 12, 63, 15, 'field_repeat', 0, 'N');
INSERT INTO `r_step_attribute` VALUES (1805, 12, 63, 15, 'field_format', 0, NULL);
INSERT INTO `r_step_attribute` VALUES (1806, 12, 63, 15, 'field_currency', 0, NULL);
INSERT INTO `r_step_attribute` VALUES (1807, 12, 63, 15, 'field_decimal', 0, NULL);
INSERT INTO `r_step_attribute` VALUES (1808, 12, 63, 15, 'field_group', 0, NULL);
INSERT INTO `r_step_attribute` VALUES (1809, 12, 63, 16, 'field_name', 0, '机种面积_3');
INSERT INTO `r_step_attribute` VALUES (1810, 12, 63, 16, 'field_type', 0, 'Number');
INSERT INTO `r_step_attribute` VALUES (1811, 12, 63, 16, 'field_length', -1, NULL);
INSERT INTO `r_step_attribute` VALUES (1812, 12, 63, 16, 'field_precision', -1, NULL);
INSERT INTO `r_step_attribute` VALUES (1813, 12, 63, 16, 'field_trim_type', 0, 'none');
INSERT INTO `r_step_attribute` VALUES (1814, 12, 63, 16, 'field_repeat', 0, 'N');
INSERT INTO `r_step_attribute` VALUES (1815, 12, 63, 16, 'field_format', 0, NULL);
INSERT INTO `r_step_attribute` VALUES (1816, 12, 63, 16, 'field_currency', 0, NULL);
INSERT INTO `r_step_attribute` VALUES (1817, 12, 63, 16, 'field_decimal', 0, NULL);
INSERT INTO `r_step_attribute` VALUES (1818, 12, 63, 16, 'field_group', 0, NULL);
INSERT INTO `r_step_attribute` VALUES (1819, 12, 63, 17, 'field_name', 0, '机收面积_3');
INSERT INTO `r_step_attribute` VALUES (1820, 12, 63, 17, 'field_type', 0, 'Number');
INSERT INTO `r_step_attribute` VALUES (1821, 12, 63, 17, 'field_length', -1, NULL);
INSERT INTO `r_step_attribute` VALUES (1822, 12, 63, 17, 'field_precision', -1, NULL);
INSERT INTO `r_step_attribute` VALUES (1823, 12, 63, 17, 'field_trim_type', 0, 'none');
INSERT INTO `r_step_attribute` VALUES (1824, 12, 63, 17, 'field_repeat', 0, 'N');
INSERT INTO `r_step_attribute` VALUES (1825, 12, 63, 17, 'field_format', 0, NULL);
INSERT INTO `r_step_attribute` VALUES (1826, 12, 63, 17, 'field_currency', 0, NULL);
INSERT INTO `r_step_attribute` VALUES (1827, 12, 63, 17, 'field_decimal', 0, NULL);
INSERT INTO `r_step_attribute` VALUES (1828, 12, 63, 17, 'field_group', 0, NULL);
INSERT INTO `r_step_attribute` VALUES (1829, 12, 63, 18, 'field_name', 0, '综合水平(%)_4');
INSERT INTO `r_step_attribute` VALUES (1830, 12, 63, 18, 'field_type', 0, 'Number');
INSERT INTO `r_step_attribute` VALUES (1831, 12, 63, 18, 'field_length', -1, NULL);
INSERT INTO `r_step_attribute` VALUES (1832, 12, 63, 18, 'field_precision', -1, NULL);
INSERT INTO `r_step_attribute` VALUES (1833, 12, 63, 18, 'field_trim_type', 0, 'none');
INSERT INTO `r_step_attribute` VALUES (1834, 12, 63, 18, 'field_repeat', 0, 'N');
INSERT INTO `r_step_attribute` VALUES (1835, 12, 63, 18, 'field_format', 0, NULL);
INSERT INTO `r_step_attribute` VALUES (1836, 12, 63, 18, 'field_currency', 0, NULL);
INSERT INTO `r_step_attribute` VALUES (1837, 12, 63, 18, 'field_decimal', 0, NULL);
INSERT INTO `r_step_attribute` VALUES (1838, 12, 63, 18, 'field_group', 0, NULL);
INSERT INTO `r_step_attribute` VALUES (1839, 12, 63, 19, 'field_name', 0, '机耕面积 万亩_3');
INSERT INTO `r_step_attribute` VALUES (1840, 12, 63, 19, 'field_type', 0, 'Number');
INSERT INTO `r_step_attribute` VALUES (1841, 12, 63, 19, 'field_length', -1, NULL);
INSERT INTO `r_step_attribute` VALUES (1842, 12, 63, 19, 'field_precision', -1, NULL);
INSERT INTO `r_step_attribute` VALUES (1843, 12, 63, 19, 'field_trim_type', 0, 'none');
INSERT INTO `r_step_attribute` VALUES (1844, 12, 63, 19, 'field_repeat', 0, 'N');
INSERT INTO `r_step_attribute` VALUES (1845, 12, 63, 19, 'field_format', 0, NULL);
INSERT INTO `r_step_attribute` VALUES (1846, 12, 63, 19, 'field_currency', 0, NULL);
INSERT INTO `r_step_attribute` VALUES (1847, 12, 63, 19, 'field_decimal', 0, NULL);
INSERT INTO `r_step_attribute` VALUES (1848, 12, 63, 19, 'field_group', 0, NULL);
INSERT INTO `r_step_attribute` VALUES (1849, 12, 63, 20, 'field_name', 0, '机种面积_4');
INSERT INTO `r_step_attribute` VALUES (1850, 12, 63, 20, 'field_type', 0, 'Number');
INSERT INTO `r_step_attribute` VALUES (1851, 12, 63, 20, 'field_length', -1, NULL);
INSERT INTO `r_step_attribute` VALUES (1852, 12, 63, 20, 'field_precision', -1, NULL);
INSERT INTO `r_step_attribute` VALUES (1853, 12, 63, 20, 'field_trim_type', 0, 'none');
INSERT INTO `r_step_attribute` VALUES (1854, 12, 63, 20, 'field_repeat', 0, 'N');
INSERT INTO `r_step_attribute` VALUES (1855, 12, 63, 20, 'field_format', 0, NULL);
INSERT INTO `r_step_attribute` VALUES (1856, 12, 63, 20, 'field_currency', 0, NULL);
INSERT INTO `r_step_attribute` VALUES (1857, 12, 63, 20, 'field_decimal', 0, NULL);
INSERT INTO `r_step_attribute` VALUES (1858, 12, 63, 20, 'field_group', 0, NULL);
INSERT INTO `r_step_attribute` VALUES (1859, 12, 63, 21, 'field_name', 0, '机收面积_4');
INSERT INTO `r_step_attribute` VALUES (1860, 12, 63, 21, 'field_type', 0, 'Number');
INSERT INTO `r_step_attribute` VALUES (1861, 12, 63, 21, 'field_length', -1, NULL);
INSERT INTO `r_step_attribute` VALUES (1862, 12, 63, 21, 'field_precision', -1, NULL);
INSERT INTO `r_step_attribute` VALUES (1863, 12, 63, 21, 'field_trim_type', 0, 'none');
INSERT INTO `r_step_attribute` VALUES (1864, 12, 63, 21, 'field_repeat', 0, 'N');
INSERT INTO `r_step_attribute` VALUES (1865, 12, 63, 21, 'field_format', 0, NULL);
INSERT INTO `r_step_attribute` VALUES (1866, 12, 63, 21, 'field_currency', 0, NULL);
INSERT INTO `r_step_attribute` VALUES (1867, 12, 63, 21, 'field_decimal', 0, NULL);
INSERT INTO `r_step_attribute` VALUES (1868, 12, 63, 21, 'field_group', 0, NULL);
INSERT INTO `r_step_attribute` VALUES (1869, 12, 63, 22, 'field_name', 0, 'type');
INSERT INTO `r_step_attribute` VALUES (1870, 12, 63, 22, 'field_type', 0, 'String');
INSERT INTO `r_step_attribute` VALUES (1871, 12, 63, 22, 'field_length', -1, NULL);
INSERT INTO `r_step_attribute` VALUES (1872, 12, 63, 22, 'field_precision', -1, NULL);
INSERT INTO `r_step_attribute` VALUES (1873, 12, 63, 22, 'field_trim_type', 0, 'none');
INSERT INTO `r_step_attribute` VALUES (1874, 12, 63, 22, 'field_repeat', 0, 'N');
INSERT INTO `r_step_attribute` VALUES (1875, 12, 63, 22, 'field_format', 0, NULL);
INSERT INTO `r_step_attribute` VALUES (1876, 12, 63, 22, 'field_currency', 0, NULL);
INSERT INTO `r_step_attribute` VALUES (1877, 12, 63, 22, 'field_decimal', 0, NULL);
INSERT INTO `r_step_attribute` VALUES (1878, 12, 63, 22, 'field_group', 0, NULL);
INSERT INTO `r_step_attribute` VALUES (1879, 12, 63, 23, 'field_name', 0, 'year');
INSERT INTO `r_step_attribute` VALUES (1880, 12, 63, 23, 'field_type', 0, 'Number');
INSERT INTO `r_step_attribute` VALUES (1881, 12, 63, 23, 'field_length', -1, NULL);
INSERT INTO `r_step_attribute` VALUES (1882, 12, 63, 23, 'field_precision', -1, NULL);
INSERT INTO `r_step_attribute` VALUES (1883, 12, 63, 23, 'field_trim_type', 0, 'none');
INSERT INTO `r_step_attribute` VALUES (1884, 12, 63, 23, 'field_repeat', 0, 'N');
INSERT INTO `r_step_attribute` VALUES (1885, 12, 63, 23, 'field_format', 0, NULL);
INSERT INTO `r_step_attribute` VALUES (1886, 12, 63, 23, 'field_currency', 0, NULL);
INSERT INTO `r_step_attribute` VALUES (1887, 12, 63, 23, 'field_decimal', 0, NULL);
INSERT INTO `r_step_attribute` VALUES (1888, 12, 63, 23, 'field_group', 0, NULL);
INSERT INTO `r_step_attribute` VALUES (1889, 12, 63, 0, 'strict_types', 0, 'N');
INSERT INTO `r_step_attribute` VALUES (1890, 12, 63, 0, 'error_ignored', 0, 'N');
INSERT INTO `r_step_attribute` VALUES (1891, 12, 63, 0, 'error_line_skipped', 0, 'N');
INSERT INTO `r_step_attribute` VALUES (1892, 12, 63, 0, 'bad_line_files_dest_dir', 0, NULL);
INSERT INTO `r_step_attribute` VALUES (1893, 12, 63, 0, 'bad_line_files_ext', 0, 'warning');
INSERT INTO `r_step_attribute` VALUES (1894, 12, 63, 0, 'error_line_files_dest_dir', 0, NULL);
INSERT INTO `r_step_attribute` VALUES (1895, 12, 63, 0, 'error_line_files_ext', 0, 'error');
INSERT INTO `r_step_attribute` VALUES (1896, 12, 63, 0, 'line_number_files_dest_dir', 0, NULL);
INSERT INTO `r_step_attribute` VALUES (1897, 12, 63, 0, 'line_number_files_ext', 0, 'line');
INSERT INTO `r_step_attribute` VALUES (1898, 12, 63, 0, 'shortFileFieldName', 0, NULL);
INSERT INTO `r_step_attribute` VALUES (1899, 12, 63, 0, 'pathFieldName', 0, NULL);
INSERT INTO `r_step_attribute` VALUES (1900, 12, 63, 0, 'hiddenFieldName', 0, NULL);
INSERT INTO `r_step_attribute` VALUES (1901, 12, 63, 0, 'lastModificationTimeFieldName', 0, NULL);
INSERT INTO `r_step_attribute` VALUES (1902, 12, 63, 0, 'uriNameFieldName', 0, NULL);
INSERT INTO `r_step_attribute` VALUES (1903, 12, 63, 0, 'rootUriNameFieldName', 0, NULL);
INSERT INTO `r_step_attribute` VALUES (1904, 12, 63, 0, 'extensionFieldName', 0, NULL);
INSERT INTO `r_step_attribute` VALUES (1905, 12, 63, 0, 'sizeFieldName', 0, NULL);
INSERT INTO `r_step_attribute` VALUES (1906, 12, 63, 0, 'spreadsheet_type', 0, 'POI');
INSERT INTO `r_step_attribute` VALUES (1907, 12, 63, 0, 'cluster_schema', 0, NULL);
INSERT INTO `r_step_attribute` VALUES (1908, 12, 63, 0, 'row_distribution_code', 0, NULL);
INSERT INTO `r_step_attribute` VALUES (1909, 12, 64, 0, 'PARTITIONING_SCHEMA', 0, NULL);
INSERT INTO `r_step_attribute` VALUES (1910, 12, 64, 0, 'PARTITIONING_METHOD', 0, 'none');
INSERT INTO `r_step_attribute` VALUES (1911, 12, 64, 0, 'id_connection', 6, NULL);
INSERT INTO `r_step_attribute` VALUES (1912, 12, 64, 0, 'commit', 0, '100');
INSERT INTO `r_step_attribute` VALUES (1913, 12, 64, 0, 'schema', 0, NULL);
INSERT INTO `r_step_attribute` VALUES (1914, 12, 64, 0, 'table', 0, 't_output_value_copy');
INSERT INTO `r_step_attribute` VALUES (1915, 12, 64, 0, 'update_bypassed', 0, 'N');
INSERT INTO `r_step_attribute` VALUES (1916, 12, 64, 0, 'key_name', 0, 'CITY');
INSERT INTO `r_step_attribute` VALUES (1917, 12, 64, 0, 'key_field', 0, 'CITY');
INSERT INTO `r_step_attribute` VALUES (1918, 12, 64, 0, 'key_condition', 0, '=');
INSERT INTO `r_step_attribute` VALUES (1919, 12, 64, 0, 'key_name2', 0, NULL);
INSERT INTO `r_step_attribute` VALUES (1920, 12, 64, 1, 'key_name', 0, 'COUNTY');
INSERT INTO `r_step_attribute` VALUES (1921, 12, 64, 1, 'key_field', 0, 'COUNTY');
INSERT INTO `r_step_attribute` VALUES (1922, 12, 64, 1, 'key_condition', 0, '=');
INSERT INTO `r_step_attribute` VALUES (1923, 12, 64, 1, 'key_name2', 0, NULL);
INSERT INTO `r_step_attribute` VALUES (1924, 12, 64, 2, 'key_name', 0, 'year');
INSERT INTO `r_step_attribute` VALUES (1925, 12, 64, 2, 'key_field', 0, 'T_YEAR');
INSERT INTO `r_step_attribute` VALUES (1926, 12, 64, 2, 'key_condition', 0, '=');
INSERT INTO `r_step_attribute` VALUES (1927, 12, 64, 2, 'key_name2', 0, NULL);
INSERT INTO `r_step_attribute` VALUES (1928, 12, 64, 0, 'value_name', 0, 'TOTAL_OUTPUT_VALUE');
INSERT INTO `r_step_attribute` VALUES (1929, 12, 64, 0, 'value_rename', 0, '2016.0');
INSERT INTO `r_step_attribute` VALUES (1930, 12, 64, 0, 'value_update', 0, 'Y');
INSERT INTO `r_step_attribute` VALUES (1931, 12, 64, 0, 'cluster_schema', 0, NULL);
INSERT INTO `r_step_attribute` VALUES (1932, 12, 64, 0, 'row_distribution_code', 0, NULL);
INSERT INTO `r_step_attribute` VALUES (1933, 12, 65, 0, 'PARTITIONING_SCHEMA', 0, NULL);
INSERT INTO `r_step_attribute` VALUES (1934, 12, 65, 0, 'PARTITIONING_METHOD', 0, 'none');
INSERT INTO `r_step_attribute` VALUES (1935, 12, 65, 0, 'id_connection', 6, NULL);
INSERT INTO `r_step_attribute` VALUES (1936, 12, 65, 0, 'schema', 0, NULL);
INSERT INTO `r_step_attribute` VALUES (1937, 12, 65, 0, 'table', 0, 't_mechanization_level');
INSERT INTO `r_step_attribute` VALUES (1938, 12, 65, 0, 'commit', 0, '1000');
INSERT INTO `r_step_attribute` VALUES (1939, 12, 65, 0, 'truncate', 0, 'N');
INSERT INTO `r_step_attribute` VALUES (1940, 12, 65, 0, 'ignore_errors', 0, 'N');
INSERT INTO `r_step_attribute` VALUES (1941, 12, 65, 0, 'use_batch', 0, 'Y');
INSERT INTO `r_step_attribute` VALUES (1942, 12, 65, 0, 'specify_fields', 0, 'Y');
INSERT INTO `r_step_attribute` VALUES (1943, 12, 65, 0, 'partitioning_enabled', 0, 'N');
INSERT INTO `r_step_attribute` VALUES (1944, 12, 65, 0, 'partitioning_field', 0, NULL);
INSERT INTO `r_step_attribute` VALUES (1945, 12, 65, 0, 'partitioning_daily', 0, 'N');
INSERT INTO `r_step_attribute` VALUES (1946, 12, 65, 0, 'partitioning_monthly', 0, 'Y');
INSERT INTO `r_step_attribute` VALUES (1947, 12, 65, 0, 'tablename_in_field', 0, 'N');
INSERT INTO `r_step_attribute` VALUES (1948, 12, 65, 0, 'tablename_field', 0, NULL);
INSERT INTO `r_step_attribute` VALUES (1949, 12, 65, 0, 'tablename_in_table', 0, 'Y');
INSERT INTO `r_step_attribute` VALUES (1950, 12, 65, 0, 'return_keys', 0, 'N');
INSERT INTO `r_step_attribute` VALUES (1951, 12, 65, 0, 'return_field', 0, NULL);
INSERT INTO `r_step_attribute` VALUES (1952, 12, 65, 0, 'column_name', 0, 'CITY');
INSERT INTO `r_step_attribute` VALUES (1953, 12, 65, 0, 'stream_name', 0, '地级市');
INSERT INTO `r_step_attribute` VALUES (1954, 12, 65, 1, 'column_name', 0, 'T_PERCENTAGE');
INSERT INTO `r_step_attribute` VALUES (1955, 12, 65, 1, 'stream_name', 0, '综合水平(%)_4');
INSERT INTO `r_step_attribute` VALUES (1956, 12, 65, 2, 'column_name', 0, 'T_MACHINE_CULTIVATE_AREA');
INSERT INTO `r_step_attribute` VALUES (1957, 12, 65, 2, 'stream_name', 0, '机耕面积 万亩_3');
INSERT INTO `r_step_attribute` VALUES (1958, 12, 65, 3, 'column_name', 0, 'T_MACHINE_FARM_AREA');
INSERT INTO `r_step_attribute` VALUES (1959, 12, 65, 3, 'stream_name', 0, '机种面积_4');
INSERT INTO `r_step_attribute` VALUES (1960, 12, 65, 4, 'column_name', 0, 'T_MACHINE_HARVEST_AREA');
INSERT INTO `r_step_attribute` VALUES (1961, 12, 65, 4, 'stream_name', 0, '机收面积_4');
INSERT INTO `r_step_attribute` VALUES (1962, 12, 65, 5, 'column_name', 0, 'T_TYPE');
INSERT INTO `r_step_attribute` VALUES (1963, 12, 65, 5, 'stream_name', 0, 'type');
INSERT INTO `r_step_attribute` VALUES (1964, 12, 65, 6, 'column_name', 0, 'T_YEAR');
INSERT INTO `r_step_attribute` VALUES (1965, 12, 65, 6, 'stream_name', 0, 'year');
INSERT INTO `r_step_attribute` VALUES (1966, 12, 65, 0, 'cluster_schema', 0, NULL);
INSERT INTO `r_step_attribute` VALUES (1967, 12, 65, 0, 'row_distribution_code', 0, NULL);
INSERT INTO `r_step_attribute` VALUES (1968, 13, 66, 0, 'PARTITIONING_SCHEMA', 0, NULL);
INSERT INTO `r_step_attribute` VALUES (1969, 13, 66, 0, 'PARTITIONING_METHOD', 0, 'none');
INSERT INTO `r_step_attribute` VALUES (1970, 13, 66, 0, 'header', 0, 'Y');
INSERT INTO `r_step_attribute` VALUES (1971, 13, 66, 0, 'noempty', 0, 'Y');
INSERT INTO `r_step_attribute` VALUES (1972, 13, 66, 0, 'stoponempty', 0, 'N');
INSERT INTO `r_step_attribute` VALUES (1973, 13, 66, 0, 'filefield', 0, NULL);
INSERT INTO `r_step_attribute` VALUES (1974, 13, 66, 0, 'sheetfield', 0, NULL);
INSERT INTO `r_step_attribute` VALUES (1975, 13, 66, 0, 'sheetrownumfield', 0, NULL);
INSERT INTO `r_step_attribute` VALUES (1976, 13, 66, 0, 'rownumfield', 0, NULL);
INSERT INTO `r_step_attribute` VALUES (1977, 13, 66, 0, 'limit', 0, NULL);
INSERT INTO `r_step_attribute` VALUES (1978, 13, 66, 0, 'encoding', 0, NULL);
INSERT INTO `r_step_attribute` VALUES (1979, 13, 66, 0, 'add_to_result_filenames', 0, 'Y');
INSERT INTO `r_step_attribute` VALUES (1980, 13, 66, 0, 'accept_filenames', 0, 'N');
INSERT INTO `r_step_attribute` VALUES (1981, 13, 66, 0, 'accept_field', 0, NULL);
INSERT INTO `r_step_attribute` VALUES (1982, 13, 66, 0, 'accept_stepname', 0, NULL);
INSERT INTO `r_step_attribute` VALUES (1983, 13, 66, 0, 'file_name', 0, 'F:\\广西文档\\种植样例数据-产量--带图表.xlsx');
INSERT INTO `r_step_attribute` VALUES (1984, 13, 66, 0, 'file_mask', 0, NULL);
INSERT INTO `r_step_attribute` VALUES (1985, 13, 66, 0, 'exclude_file_mask', 0, NULL);
INSERT INTO `r_step_attribute` VALUES (1986, 13, 66, 0, 'file_required', 0, 'N');
INSERT INTO `r_step_attribute` VALUES (1987, 13, 66, 0, 'include_subfolders', 0, 'N');
INSERT INTO `r_step_attribute` VALUES (1988, 13, 66, 0, 'sheet_name', 0, '荔枝');
INSERT INTO `r_step_attribute` VALUES (1989, 13, 66, 0, 'sheet_startrow', 0, NULL);
INSERT INTO `r_step_attribute` VALUES (1990, 13, 66, 0, 'sheet_startcol', 0, NULL);
INSERT INTO `r_step_attribute` VALUES (1991, 13, 66, 0, 'field_name', 0, 'ID');
INSERT INTO `r_step_attribute` VALUES (1992, 13, 66, 0, 'field_type', 0, 'Number');
INSERT INTO `r_step_attribute` VALUES (1993, 13, 66, 0, 'field_length', -1, NULL);
INSERT INTO `r_step_attribute` VALUES (1994, 13, 66, 0, 'field_precision', -1, NULL);
INSERT INTO `r_step_attribute` VALUES (1995, 13, 66, 0, 'field_trim_type', 0, 'none');
INSERT INTO `r_step_attribute` VALUES (1996, 13, 66, 0, 'field_repeat', 0, 'N');
INSERT INTO `r_step_attribute` VALUES (1997, 13, 66, 0, 'field_format', 0, NULL);
INSERT INTO `r_step_attribute` VALUES (1998, 13, 66, 0, 'field_currency', 0, NULL);
INSERT INTO `r_step_attribute` VALUES (1999, 13, 66, 0, 'field_decimal', 0, NULL);
INSERT INTO `r_step_attribute` VALUES (2000, 13, 66, 0, 'field_group', 0, NULL);
INSERT INTO `r_step_attribute` VALUES (2001, 13, 66, 1, 'field_name', 0, 'CITY');
INSERT INTO `r_step_attribute` VALUES (2002, 13, 66, 1, 'field_type', 0, 'String');
INSERT INTO `r_step_attribute` VALUES (2003, 13, 66, 1, 'field_length', -1, NULL);
INSERT INTO `r_step_attribute` VALUES (2004, 13, 66, 1, 'field_precision', -1, NULL);
INSERT INTO `r_step_attribute` VALUES (2005, 13, 66, 1, 'field_trim_type', 0, 'none');
INSERT INTO `r_step_attribute` VALUES (2006, 13, 66, 1, 'field_repeat', 0, 'N');
INSERT INTO `r_step_attribute` VALUES (2007, 13, 66, 1, 'field_format', 0, NULL);
INSERT INTO `r_step_attribute` VALUES (2008, 13, 66, 1, 'field_currency', 0, NULL);
INSERT INTO `r_step_attribute` VALUES (2009, 13, 66, 1, 'field_decimal', 0, NULL);
INSERT INTO `r_step_attribute` VALUES (2010, 13, 66, 1, 'field_group', 0, NULL);
INSERT INTO `r_step_attribute` VALUES (2011, 13, 66, 2, 'field_name', 0, 'COUNTY');
INSERT INTO `r_step_attribute` VALUES (2012, 13, 66, 2, 'field_type', 0, 'String');
INSERT INTO `r_step_attribute` VALUES (2013, 13, 66, 2, 'field_length', -1, NULL);
INSERT INTO `r_step_attribute` VALUES (2014, 13, 66, 2, 'field_precision', -1, NULL);
INSERT INTO `r_step_attribute` VALUES (2015, 13, 66, 2, 'field_trim_type', 0, 'none');
INSERT INTO `r_step_attribute` VALUES (2016, 13, 66, 2, 'field_repeat', 0, 'N');
INSERT INTO `r_step_attribute` VALUES (2017, 13, 66, 2, 'field_format', 0, NULL);
INSERT INTO `r_step_attribute` VALUES (2018, 13, 66, 2, 'field_currency', 0, NULL);
INSERT INTO `r_step_attribute` VALUES (2019, 13, 66, 2, 'field_decimal', 0, NULL);
INSERT INTO `r_step_attribute` VALUES (2020, 13, 66, 2, 'field_group', 0, NULL);
INSERT INTO `r_step_attribute` VALUES (2021, 13, 66, 3, 'field_name', 0, 'T_TYPE');
INSERT INTO `r_step_attribute` VALUES (2022, 13, 66, 3, 'field_type', 0, 'String');
INSERT INTO `r_step_attribute` VALUES (2023, 13, 66, 3, 'field_length', -1, NULL);
INSERT INTO `r_step_attribute` VALUES (2024, 13, 66, 3, 'field_precision', -1, NULL);
INSERT INTO `r_step_attribute` VALUES (2025, 13, 66, 3, 'field_trim_type', 0, 'none');
INSERT INTO `r_step_attribute` VALUES (2026, 13, 66, 3, 'field_repeat', 0, 'N');
INSERT INTO `r_step_attribute` VALUES (2027, 13, 66, 3, 'field_format', 0, NULL);
INSERT INTO `r_step_attribute` VALUES (2028, 13, 66, 3, 'field_currency', 0, NULL);
INSERT INTO `r_step_attribute` VALUES (2029, 13, 66, 3, 'field_decimal', 0, NULL);
INSERT INTO `r_step_attribute` VALUES (2030, 13, 66, 3, 'field_group', 0, NULL);
INSERT INTO `r_step_attribute` VALUES (2031, 13, 66, 4, 'field_name', 0, 'T_QUARTER');
INSERT INTO `r_step_attribute` VALUES (2032, 13, 66, 4, 'field_type', 0, 'Number');
INSERT INTO `r_step_attribute` VALUES (2033, 13, 66, 4, 'field_length', -1, NULL);
INSERT INTO `r_step_attribute` VALUES (2034, 13, 66, 4, 'field_precision', -1, NULL);
INSERT INTO `r_step_attribute` VALUES (2035, 13, 66, 4, 'field_trim_type', 0, 'none');
INSERT INTO `r_step_attribute` VALUES (2036, 13, 66, 4, 'field_repeat', 0, 'N');
INSERT INTO `r_step_attribute` VALUES (2037, 13, 66, 4, 'field_format', 0, NULL);
INSERT INTO `r_step_attribute` VALUES (2038, 13, 66, 4, 'field_currency', 0, NULL);
INSERT INTO `r_step_attribute` VALUES (2039, 13, 66, 4, 'field_decimal', 0, NULL);
INSERT INTO `r_step_attribute` VALUES (2040, 13, 66, 4, 'field_group', 0, NULL);
INSERT INTO `r_step_attribute` VALUES (2041, 13, 66, 5, 'field_name', 0, 'CROP_TYPE');
INSERT INTO `r_step_attribute` VALUES (2042, 13, 66, 5, 'field_type', 0, 'String');
INSERT INTO `r_step_attribute` VALUES (2043, 13, 66, 5, 'field_length', -1, NULL);
INSERT INTO `r_step_attribute` VALUES (2044, 13, 66, 5, 'field_precision', -1, NULL);
INSERT INTO `r_step_attribute` VALUES (2045, 13, 66, 5, 'field_trim_type', 0, 'none');
INSERT INTO `r_step_attribute` VALUES (2046, 13, 66, 5, 'field_repeat', 0, 'N');
INSERT INTO `r_step_attribute` VALUES (2047, 13, 66, 5, 'field_format', 0, NULL);
INSERT INTO `r_step_attribute` VALUES (2048, 13, 66, 5, 'field_currency', 0, NULL);
INSERT INTO `r_step_attribute` VALUES (2049, 13, 66, 5, 'field_decimal', 0, NULL);
INSERT INTO `r_step_attribute` VALUES (2050, 13, 66, 5, 'field_group', 0, NULL);
INSERT INTO `r_step_attribute` VALUES (2051, 13, 66, 6, 'field_name', 0, 'CROP_TYPE_CN');
INSERT INTO `r_step_attribute` VALUES (2052, 13, 66, 6, 'field_type', 0, 'String');
INSERT INTO `r_step_attribute` VALUES (2053, 13, 66, 6, 'field_length', -1, NULL);
INSERT INTO `r_step_attribute` VALUES (2054, 13, 66, 6, 'field_precision', -1, NULL);
INSERT INTO `r_step_attribute` VALUES (2055, 13, 66, 6, 'field_trim_type', 0, 'none');
INSERT INTO `r_step_attribute` VALUES (2056, 13, 66, 6, 'field_repeat', 0, 'N');
INSERT INTO `r_step_attribute` VALUES (2057, 13, 66, 6, 'field_format', 0, NULL);
INSERT INTO `r_step_attribute` VALUES (2058, 13, 66, 6, 'field_currency', 0, NULL);
INSERT INTO `r_step_attribute` VALUES (2059, 13, 66, 6, 'field_decimal', 0, NULL);
INSERT INTO `r_step_attribute` VALUES (2060, 13, 66, 6, 'field_group', 0, NULL);
INSERT INTO `r_step_attribute` VALUES (2061, 13, 66, 7, 'field_name', 0, '2019.0');
INSERT INTO `r_step_attribute` VALUES (2062, 13, 66, 7, 'field_type', 0, 'Number');
INSERT INTO `r_step_attribute` VALUES (2063, 13, 66, 7, 'field_length', -1, NULL);
INSERT INTO `r_step_attribute` VALUES (2064, 13, 66, 7, 'field_precision', -1, NULL);
INSERT INTO `r_step_attribute` VALUES (2065, 13, 66, 7, 'field_trim_type', 0, 'none');
INSERT INTO `r_step_attribute` VALUES (2066, 13, 66, 7, 'field_repeat', 0, 'N');
INSERT INTO `r_step_attribute` VALUES (2067, 13, 66, 7, 'field_format', 0, NULL);
INSERT INTO `r_step_attribute` VALUES (2068, 13, 66, 7, 'field_currency', 0, NULL);
INSERT INTO `r_step_attribute` VALUES (2069, 13, 66, 7, 'field_decimal', 0, NULL);
INSERT INTO `r_step_attribute` VALUES (2070, 13, 66, 7, 'field_group', 0, NULL);
INSERT INTO `r_step_attribute` VALUES (2071, 13, 66, 8, 'field_name', 0, '2018.0');
INSERT INTO `r_step_attribute` VALUES (2072, 13, 66, 8, 'field_type', 0, 'Number');
INSERT INTO `r_step_attribute` VALUES (2073, 13, 66, 8, 'field_length', -1, NULL);
INSERT INTO `r_step_attribute` VALUES (2074, 13, 66, 8, 'field_precision', -1, NULL);
INSERT INTO `r_step_attribute` VALUES (2075, 13, 66, 8, 'field_trim_type', 0, 'none');
INSERT INTO `r_step_attribute` VALUES (2076, 13, 66, 8, 'field_repeat', 0, 'N');
INSERT INTO `r_step_attribute` VALUES (2077, 13, 66, 8, 'field_format', 0, NULL);
INSERT INTO `r_step_attribute` VALUES (2078, 13, 66, 8, 'field_currency', 0, NULL);
INSERT INTO `r_step_attribute` VALUES (2079, 13, 66, 8, 'field_decimal', 0, NULL);
INSERT INTO `r_step_attribute` VALUES (2080, 13, 66, 8, 'field_group', 0, NULL);
INSERT INTO `r_step_attribute` VALUES (2081, 13, 66, 9, 'field_name', 0, '2017.0');
INSERT INTO `r_step_attribute` VALUES (2082, 13, 66, 9, 'field_type', 0, 'Number');
INSERT INTO `r_step_attribute` VALUES (2083, 13, 66, 9, 'field_length', -1, NULL);
INSERT INTO `r_step_attribute` VALUES (2084, 13, 66, 9, 'field_precision', -1, NULL);
INSERT INTO `r_step_attribute` VALUES (2085, 13, 66, 9, 'field_trim_type', 0, 'none');
INSERT INTO `r_step_attribute` VALUES (2086, 13, 66, 9, 'field_repeat', 0, 'N');
INSERT INTO `r_step_attribute` VALUES (2087, 13, 66, 9, 'field_format', 0, NULL);
INSERT INTO `r_step_attribute` VALUES (2088, 13, 66, 9, 'field_currency', 0, NULL);
INSERT INTO `r_step_attribute` VALUES (2089, 13, 66, 9, 'field_decimal', 0, NULL);
INSERT INTO `r_step_attribute` VALUES (2090, 13, 66, 9, 'field_group', 0, NULL);
INSERT INTO `r_step_attribute` VALUES (2091, 13, 66, 10, 'field_name', 0, '2016.0');
INSERT INTO `r_step_attribute` VALUES (2092, 13, 66, 10, 'field_type', 0, 'Number');
INSERT INTO `r_step_attribute` VALUES (2093, 13, 66, 10, 'field_length', -1, NULL);
INSERT INTO `r_step_attribute` VALUES (2094, 13, 66, 10, 'field_precision', -1, NULL);
INSERT INTO `r_step_attribute` VALUES (2095, 13, 66, 10, 'field_trim_type', 0, 'none');
INSERT INTO `r_step_attribute` VALUES (2096, 13, 66, 10, 'field_repeat', 0, 'N');
INSERT INTO `r_step_attribute` VALUES (2097, 13, 66, 10, 'field_format', 0, NULL);
INSERT INTO `r_step_attribute` VALUES (2098, 13, 66, 10, 'field_currency', 0, NULL);
INSERT INTO `r_step_attribute` VALUES (2099, 13, 66, 10, 'field_decimal', 0, NULL);
INSERT INTO `r_step_attribute` VALUES (2100, 13, 66, 10, 'field_group', 0, NULL);
INSERT INTO `r_step_attribute` VALUES (2101, 13, 66, 11, 'field_name', 0, '2015.0');
INSERT INTO `r_step_attribute` VALUES (2102, 13, 66, 11, 'field_type', 0, 'Number');
INSERT INTO `r_step_attribute` VALUES (2103, 13, 66, 11, 'field_length', -1, NULL);
INSERT INTO `r_step_attribute` VALUES (2104, 13, 66, 11, 'field_precision', -1, NULL);
INSERT INTO `r_step_attribute` VALUES (2105, 13, 66, 11, 'field_trim_type', 0, 'none');
INSERT INTO `r_step_attribute` VALUES (2106, 13, 66, 11, 'field_repeat', 0, 'N');
INSERT INTO `r_step_attribute` VALUES (2107, 13, 66, 11, 'field_format', 0, NULL);
INSERT INTO `r_step_attribute` VALUES (2108, 13, 66, 11, 'field_currency', 0, NULL);
INSERT INTO `r_step_attribute` VALUES (2109, 13, 66, 11, 'field_decimal', 0, NULL);
INSERT INTO `r_step_attribute` VALUES (2110, 13, 66, 11, 'field_group', 0, NULL);
INSERT INTO `r_step_attribute` VALUES (2111, 13, 66, 12, 'field_name', 0, 'T_YEAR');
INSERT INTO `r_step_attribute` VALUES (2112, 13, 66, 12, 'field_type', 0, 'Number');
INSERT INTO `r_step_attribute` VALUES (2113, 13, 66, 12, 'field_length', -1, NULL);
INSERT INTO `r_step_attribute` VALUES (2114, 13, 66, 12, 'field_precision', -1, NULL);
INSERT INTO `r_step_attribute` VALUES (2115, 13, 66, 12, 'field_trim_type', 0, 'none');
INSERT INTO `r_step_attribute` VALUES (2116, 13, 66, 12, 'field_repeat', 0, 'N');
INSERT INTO `r_step_attribute` VALUES (2117, 13, 66, 12, 'field_format', 0, NULL);
INSERT INTO `r_step_attribute` VALUES (2118, 13, 66, 12, 'field_currency', 0, NULL);
INSERT INTO `r_step_attribute` VALUES (2119, 13, 66, 12, 'field_decimal', 0, NULL);
INSERT INTO `r_step_attribute` VALUES (2120, 13, 66, 12, 'field_group', 0, NULL);
INSERT INTO `r_step_attribute` VALUES (2121, 13, 66, 0, 'strict_types', 0, 'N');
INSERT INTO `r_step_attribute` VALUES (2122, 13, 66, 0, 'error_ignored', 0, 'N');
INSERT INTO `r_step_attribute` VALUES (2123, 13, 66, 0, 'error_line_skipped', 0, 'N');
INSERT INTO `r_step_attribute` VALUES (2124, 13, 66, 0, 'bad_line_files_dest_dir', 0, NULL);
INSERT INTO `r_step_attribute` VALUES (2125, 13, 66, 0, 'bad_line_files_ext', 0, 'warning');
INSERT INTO `r_step_attribute` VALUES (2126, 13, 66, 0, 'error_line_files_dest_dir', 0, NULL);
INSERT INTO `r_step_attribute` VALUES (2127, 13, 66, 0, 'error_line_files_ext', 0, 'error');
INSERT INTO `r_step_attribute` VALUES (2128, 13, 66, 0, 'line_number_files_dest_dir', 0, NULL);
INSERT INTO `r_step_attribute` VALUES (2129, 13, 66, 0, 'line_number_files_ext', 0, 'line');
INSERT INTO `r_step_attribute` VALUES (2130, 13, 66, 0, 'shortFileFieldName', 0, NULL);
INSERT INTO `r_step_attribute` VALUES (2131, 13, 66, 0, 'pathFieldName', 0, NULL);
INSERT INTO `r_step_attribute` VALUES (2132, 13, 66, 0, 'hiddenFieldName', 0, NULL);
INSERT INTO `r_step_attribute` VALUES (2133, 13, 66, 0, 'lastModificationTimeFieldName', 0, NULL);
INSERT INTO `r_step_attribute` VALUES (2134, 13, 66, 0, 'uriNameFieldName', 0, NULL);
INSERT INTO `r_step_attribute` VALUES (2135, 13, 66, 0, 'rootUriNameFieldName', 0, NULL);
INSERT INTO `r_step_attribute` VALUES (2136, 13, 66, 0, 'extensionFieldName', 0, NULL);
INSERT INTO `r_step_attribute` VALUES (2137, 13, 66, 0, 'sizeFieldName', 0, NULL);
INSERT INTO `r_step_attribute` VALUES (2138, 13, 66, 0, 'spreadsheet_type', 0, 'POI');
INSERT INTO `r_step_attribute` VALUES (2139, 13, 66, 0, 'cluster_schema', 0, NULL);
INSERT INTO `r_step_attribute` VALUES (2140, 13, 66, 0, 'row_distribution_code', 0, NULL);
INSERT INTO `r_step_attribute` VALUES (2141, 13, 67, 0, 'PARTITIONING_SCHEMA', 0, NULL);
INSERT INTO `r_step_attribute` VALUES (2142, 13, 67, 0, 'PARTITIONING_METHOD', 0, 'none');
INSERT INTO `r_step_attribute` VALUES (2143, 13, 67, 0, 'id_connection', 6, NULL);
INSERT INTO `r_step_attribute` VALUES (2144, 13, 67, 0, 'schema', 0, NULL);
INSERT INTO `r_step_attribute` VALUES (2145, 13, 67, 0, 'table', 0, 't_crop_yield_copy');
INSERT INTO `r_step_attribute` VALUES (2146, 13, 67, 0, 'commit', 0, '1000');
INSERT INTO `r_step_attribute` VALUES (2147, 13, 67, 0, 'truncate', 0, 'N');
INSERT INTO `r_step_attribute` VALUES (2148, 13, 67, 0, 'ignore_errors', 0, 'N');
INSERT INTO `r_step_attribute` VALUES (2149, 13, 67, 0, 'use_batch', 0, 'Y');
INSERT INTO `r_step_attribute` VALUES (2150, 13, 67, 0, 'specify_fields', 0, 'Y');
INSERT INTO `r_step_attribute` VALUES (2151, 13, 67, 0, 'partitioning_enabled', 0, 'N');
INSERT INTO `r_step_attribute` VALUES (2152, 13, 67, 0, 'partitioning_field', 0, NULL);
INSERT INTO `r_step_attribute` VALUES (2153, 13, 67, 0, 'partitioning_daily', 0, 'N');
INSERT INTO `r_step_attribute` VALUES (2154, 13, 67, 0, 'partitioning_monthly', 0, 'Y');
INSERT INTO `r_step_attribute` VALUES (2155, 13, 67, 0, 'tablename_in_field', 0, 'N');
INSERT INTO `r_step_attribute` VALUES (2156, 13, 67, 0, 'tablename_field', 0, NULL);
INSERT INTO `r_step_attribute` VALUES (2157, 13, 67, 0, 'tablename_in_table', 0, 'Y');
INSERT INTO `r_step_attribute` VALUES (2158, 13, 67, 0, 'return_keys', 0, 'N');
INSERT INTO `r_step_attribute` VALUES (2159, 13, 67, 0, 'return_field', 0, NULL);
INSERT INTO `r_step_attribute` VALUES (2160, 13, 67, 0, 'column_name', 0, 'CITY');
INSERT INTO `r_step_attribute` VALUES (2161, 13, 67, 0, 'stream_name', 0, 'CITY');
INSERT INTO `r_step_attribute` VALUES (2162, 13, 67, 1, 'column_name', 0, 'COUNTY');
INSERT INTO `r_step_attribute` VALUES (2163, 13, 67, 1, 'stream_name', 0, 'COUNTY');
INSERT INTO `r_step_attribute` VALUES (2164, 13, 67, 2, 'column_name', 0, 'T_TYPE');
INSERT INTO `r_step_attribute` VALUES (2165, 13, 67, 2, 'stream_name', 0, 'T_TYPE');
INSERT INTO `r_step_attribute` VALUES (2166, 13, 67, 3, 'column_name', 0, 'T_QUARTER');
INSERT INTO `r_step_attribute` VALUES (2167, 13, 67, 3, 'stream_name', 0, 'T_QUARTER');
INSERT INTO `r_step_attribute` VALUES (2168, 13, 67, 4, 'column_name', 0, 'CROP_TYPE');
INSERT INTO `r_step_attribute` VALUES (2169, 13, 67, 4, 'stream_name', 0, 'CROP_TYPE');
INSERT INTO `r_step_attribute` VALUES (2170, 13, 67, 5, 'column_name', 0, 'CROP_TYPE_CN');
INSERT INTO `r_step_attribute` VALUES (2171, 13, 67, 5, 'stream_name', 0, 'CROP_TYPE_CN');
INSERT INTO `r_step_attribute` VALUES (2172, 13, 67, 6, 'column_name', 0, 'CULTIVATION_YIELD');
INSERT INTO `r_step_attribute` VALUES (2173, 13, 67, 6, 'stream_name', 0, '2015.0');
INSERT INTO `r_step_attribute` VALUES (2174, 13, 67, 7, 'column_name', 0, 'T_YEAR');
INSERT INTO `r_step_attribute` VALUES (2175, 13, 67, 7, 'stream_name', 0, 'T_YEAR');
INSERT INTO `r_step_attribute` VALUES (2176, 13, 67, 0, 'cluster_schema', 0, NULL);
INSERT INTO `r_step_attribute` VALUES (2177, 13, 67, 0, 'row_distribution_code', 0, NULL);

-- ----------------------------
-- Table structure for r_step_database
-- ----------------------------
DROP TABLE IF EXISTS `r_step_database`;
CREATE TABLE `r_step_database`  (
  `ID_TRANSFORMATION` int(11) NULL DEFAULT NULL,
  `ID_STEP` int(11) NULL DEFAULT NULL,
  `ID_DATABASE` int(11) NULL DEFAULT NULL,
  INDEX `IDX_RSD1`(`ID_TRANSFORMATION`) USING BTREE,
  INDEX `IDX_RSD2`(`ID_DATABASE`) USING BTREE
) ENGINE = InnoDB CHARACTER SET = utf8 COLLATE = utf8_general_ci ROW_FORMAT = Dynamic;

-- ----------------------------
-- Records of r_step_database
-- ----------------------------
INSERT INTO `r_step_database` VALUES (3, 7, 1);
INSERT INTO `r_step_database` VALUES (3, 9, 2);
INSERT INTO `r_step_database` VALUES (3, 10, 1);
INSERT INTO `r_step_database` VALUES (4, 13, 1);
INSERT INTO `r_step_database` VALUES (4, 14, 2);
INSERT INTO `r_step_database` VALUES (4, 15, 1);
INSERT INTO `r_step_database` VALUES (6, 23, 2);
INSERT INTO `r_step_database` VALUES (5, 34, 3);
INSERT INTO `r_step_database` VALUES (7, 52, 2);
INSERT INTO `r_step_database` VALUES (2, 55, 2);
INSERT INTO `r_step_database` VALUES (2, 56, 1);
INSERT INTO `r_step_database` VALUES (10, 59, 4);
INSERT INTO `r_step_database` VALUES (10, 60, 5);
INSERT INTO `r_step_database` VALUES (11, 62, 6);
INSERT INTO `r_step_database` VALUES (12, 64, 6);
INSERT INTO `r_step_database` VALUES (12, 65, 6);
INSERT INTO `r_step_database` VALUES (13, 67, 6);

-- ----------------------------
-- Table structure for r_step_type
-- ----------------------------
DROP TABLE IF EXISTS `r_step_type`;
CREATE TABLE `r_step_type`  (
  `ID_STEP_TYPE` bigint(20) NOT NULL,
  `CODE` varchar(255) CHARACTER SET utf8 COLLATE utf8_general_ci NULL DEFAULT NULL,
  `DESCRIPTION` varchar(255) CHARACTER SET utf8 COLLATE utf8_general_ci NULL DEFAULT NULL,
  `HELPTEXT` varchar(255) CHARACTER SET utf8 COLLATE utf8_general_ci NULL DEFAULT NULL,
  PRIMARY KEY (`ID_STEP_TYPE`) USING BTREE
) ENGINE = InnoDB CHARACTER SET = utf8 COLLATE = utf8_general_ci ROW_FORMAT = Dynamic;

-- ----------------------------
-- Records of r_step_type
-- ----------------------------
INSERT INTO `r_step_type` VALUES (1, 'AccessInput', 'Access 输入', 'Read data from a Microsoft Access file');
INSERT INTO `r_step_type` VALUES (2, 'AccessOutput', 'Access 输出', 'Stores records into an MS-Access database table.');
INSERT INTO `r_step_type` VALUES (3, 'CheckSum', 'Add a checksum', 'Add a checksum column for each input row');
INSERT INTO `r_step_type` VALUES (4, 'AddXML', 'Add XML', 'Encode several fields into an XML fragment');
INSERT INTO `r_step_type` VALUES (5, 'FieldMetadataAnnotation', 'Annotate Stream', 'Add more details to describe data for published models used by the Streamlined Data Refinery.');
INSERT INTO `r_step_type` VALUES (6, 'AvroInputNew', 'Avro Input', 'Reads data from Avro file');
INSERT INTO `r_step_type` VALUES (7, 'AvroInput', 'Avro Input-Legacy', 'Reads data from an Avro file');
INSERT INTO `r_step_type` VALUES (8, 'AvroOutput', 'Avro Output', 'Writes data to an Avro file according to a mapping');
INSERT INTO `r_step_type` VALUES (9, 'BlockingStep', 'Blocking Step', 'The Blocking step blocks all output until the very last row is received from the previous step.');
INSERT INTO `r_step_type` VALUES (10, 'CallEndpointStep', 'Call endpoint', 'Call an endpoint of the Pentaho Server.');
INSERT INTO `r_step_type` VALUES (11, 'CassandraInput', 'Cassandra Input', 'Reads data from a Cassandra table');
INSERT INTO `r_step_type` VALUES (12, 'CassandraOutput', 'Cassandra Output', 'Writes to a Cassandra table');
INSERT INTO `r_step_type` VALUES (13, 'ChangeFileEncoding', 'Change file encoding', 'Change file encoding and create a new file');
INSERT INTO `r_step_type` VALUES (14, 'CloneRow', 'Clone row', 'Clone a row as many times as needed');
INSERT INTO `r_step_type` VALUES (15, 'ClosureGenerator', 'Closure Generator', 'This step allows you to generates a closure table using parent-child relationships.');
INSERT INTO `r_step_type` VALUES (16, 'ColumnExists', 'Column Exists', 'Check if a column exists');
INSERT INTO `r_step_type` VALUES (17, 'ConcatFields', 'Concat Fields', 'Concat fields together into a new field (similar to the Text File Output step)');
INSERT INTO `r_step_type` VALUES (18, 'CouchDbInput', 'CouchDb Input', 'Reads from a Couch DB view');
INSERT INTO `r_step_type` VALUES (19, 'CsvInput', 'CSV文件输入', 'Simple CSV file input');
INSERT INTO `r_step_type` VALUES (20, 'CubeInput', 'Cube 文件输入', '从一个cube读取记录.');
INSERT INTO `r_step_type` VALUES (21, 'CubeOutput', 'Cube输出', '把数据写入一个cube');
INSERT INTO `r_step_type` VALUES (22, 'TypeExitEdi2XmlStep', 'Edi to XML', 'Converts Edi text to generic XML');
INSERT INTO `r_step_type` VALUES (23, 'ElasticSearchBulk', 'ElasticSearch Bulk Insert', 'Performs bulk inserts into ElasticSearch');
INSERT INTO `r_step_type` VALUES (24, 'ShapeFileReader', 'ESRI Shapefile Reader', 'Reads shape file data from an ESRI shape file and linked DBF file');
INSERT INTO `r_step_type` VALUES (25, 'MetaInject', 'ETL Metadata Injection', 'ETL元数据注入');
INSERT INTO `r_step_type` VALUES (26, 'DummyStep', 'Example Step', 'This is a plugin example step');
INSERT INTO `r_step_type` VALUES (27, 'ExcelInput', 'Excel输入', '从一个微软的Excel文件里读取数据. 兼容Excel 95, 97 and 2000.');
INSERT INTO `r_step_type` VALUES (28, 'ExcelOutput', 'Excel输出', 'Stores records into an Excel (XLS) document with formatting information.');
INSERT INTO `r_step_type` VALUES (29, 'getXMLData', 'Get data from XML', 'Get data from XML file by using XPath.\n This step also allows you to parse XML defined in a previous field.');
INSERT INTO `r_step_type` VALUES (30, 'GetSlaveSequence', 'Get ID from slave server', 'Retrieves unique IDs in blocks from a slave server.  The referenced sequence needs to be configured on the slave server in the XML configuration file.');
INSERT INTO `r_step_type` VALUES (31, 'RecordsFromStream', 'Get records from stream', 'This step allows you to read records from a streaming step.');
INSERT INTO `r_step_type` VALUES (32, 'GetSessionVariableStep', 'Get session variables', 'Get session variables from the current user session.');
INSERT INTO `r_step_type` VALUES (33, 'TypeExitGoogleAnalyticsInputStep', 'Google Analytics', 'Fetches data from google analytics account');
INSERT INTO `r_step_type` VALUES (34, 'GPBulkLoader', 'Greenplum Bulk Loader', 'Greenplum Bulk Loader');
INSERT INTO `r_step_type` VALUES (35, 'GPLoad', 'Greenplum Load', 'Greenplum Load');
INSERT INTO `r_step_type` VALUES (36, 'ParallelGzipCsvInput', 'GZIP CSV Input', 'Parallel GZIP CSV file input reader');
INSERT INTO `r_step_type` VALUES (37, 'HadoopFileInputPlugin', 'Hadoop File Input', 'Process files from an HDFS location');
INSERT INTO `r_step_type` VALUES (38, 'HadoopFileOutputPlugin', 'Hadoop File Output', 'Create files in an HDFS location ');
INSERT INTO `r_step_type` VALUES (39, 'HBaseInput', 'HBase Input', 'Reads data from a HBase table according to a mapping ');
INSERT INTO `r_step_type` VALUES (40, 'HBaseOutput', 'HBase Output', 'Writes data to an HBase table according to a mapping');
INSERT INTO `r_step_type` VALUES (41, 'HBaseRowDecoder', 'HBase Row Decoder', 'Decodes an incoming key and HBase result object according to a mapping ');
INSERT INTO `r_step_type` VALUES (42, 'HL7Input', 'HL7 Input', 'Reads and parses HL7 messages and outputs a series of values from the messages');
INSERT INTO `r_step_type` VALUES (43, 'HTTP', 'HTTP client', 'Call a web service over HTTP by supplying a base URL by allowing parameters to be set dynamically');
INSERT INTO `r_step_type` VALUES (44, 'HTTPPOST', 'HTTP Post', 'Call a web service request over HTTP by supplying a base URL by allowing parameters to be set dynamically');
INSERT INTO `r_step_type` VALUES (45, 'InfobrightOutput', 'Infobright 批量加载', 'Load data to an Infobright database table');
INSERT INTO `r_step_type` VALUES (46, 'VectorWiseBulkLoader', 'Ingres VectorWise 批量加载', 'This step interfaces with the Ingres VectorWise Bulk Loader \"COPY TABLE\" command.');
INSERT INTO `r_step_type` VALUES (47, 'UserDefinedJavaClass', 'Java 代码', 'This step allows you to program a step using Java code');
INSERT INTO `r_step_type` VALUES (48, 'ScriptValueMod', 'JavaScript代码', 'This is a modified plugin for the Scripting Values with improved interface and performance.\nWritten & donated to open source by Martin Lange, Proconis : http://www.proconis.de');
INSERT INTO `r_step_type` VALUES (49, 'Jms2Consumer', 'JMS Consumer', 'JmsConsumerDialog.TypeLongDesc');
INSERT INTO `r_step_type` VALUES (50, 'Jms2Producer', 'JMS Producer', 'JmsProducerDialog.TypeLongDesc');
INSERT INTO `r_step_type` VALUES (51, 'JsonInput', 'JSON Input', 'Extract relevant portions out of JSON structures (file or incoming field) and output rows');
INSERT INTO `r_step_type` VALUES (52, 'JsonOutput', 'JSON Output', 'Create JSON block and output it in a field or a file.');
INSERT INTO `r_step_type` VALUES (53, 'KafkaConsumerInput', 'Kafka Consumer', 'Consume messages from a Kafka topic');
INSERT INTO `r_step_type` VALUES (54, 'KafkaProducerOutput', 'Kafka Producer', 'Produce messages to a Kafka topic');
INSERT INTO `r_step_type` VALUES (55, 'LDAPInput', 'LDAP 输入', 'Read data from LDAP host');
INSERT INTO `r_step_type` VALUES (56, 'LDAPOutput', 'LDAP 输出', 'Perform Insert, upsert, update, add or delete operations on records based on their DN (Distinguished  Name).');
INSERT INTO `r_step_type` VALUES (57, 'LDIFInput', 'LDIF 输入', 'Read data from LDIF files');
INSERT INTO `r_step_type` VALUES (58, 'LucidDBStreamingLoader', 'LucidDB Streaming Loader', 'Load data into LucidDB by using Remote Rows UDX.');
INSERT INTO `r_step_type` VALUES (59, 'HadoopEnterPlugin', 'MapReduce Input', 'Enter a Hadoop Mapper or Reducer transformation');
INSERT INTO `r_step_type` VALUES (60, 'HadoopExitPlugin', 'MapReduce Output', 'Exit a Hadoop Mapper or Reducer transformation ');
INSERT INTO `r_step_type` VALUES (61, 'TypeExitExcelWriterStep', 'Microsoft Excel 输出', 'Writes or appends data to an Excel file');
INSERT INTO `r_step_type` VALUES (62, 'MondrianInput', 'Mondrian 输入', 'Execute and retrieve data using an MDX query against a Pentaho Analyses OLAP server (Mondrian)');
INSERT INTO `r_step_type` VALUES (63, 'MonetDBAgileMart', 'MonetDB Agile Mart', 'Load data into MonetDB for Agile BI use cases');
INSERT INTO `r_step_type` VALUES (64, 'MonetDBBulkLoader', 'MonetDB 批量加载', 'Load data into MonetDB by using their bulk load command in streaming mode.');
INSERT INTO `r_step_type` VALUES (65, 'MongoDbInput', 'MongoDB Input', 'Reads from a Mongo DB collection');
INSERT INTO `r_step_type` VALUES (66, 'MongoDbOutput', 'MongoDB Output', 'Writes to a Mongo DB collection');
INSERT INTO `r_step_type` VALUES (67, 'MQTTConsumer', 'MQTT Consumer', 'Subscribes and streams an MQTT Topic');
INSERT INTO `r_step_type` VALUES (68, 'MQTTProducer', 'MQTT Producer', 'Produce messages to a MQTT Topic');
INSERT INTO `r_step_type` VALUES (69, 'MultiwayMergeJoin', 'Multiway Merge Join', 'Multiway Merge Join');
INSERT INTO `r_step_type` VALUES (70, 'MySQLBulkLoader', 'MySQL 批量加载', 'MySQL bulk loader step, loading data over a named pipe (not available on MS Windows)');
INSERT INTO `r_step_type` VALUES (71, 'OlapInput', 'OLAP 输入', 'Execute and retrieve data using an MDX query against any XML/A OLAP datasource using olap4j');
INSERT INTO `r_step_type` VALUES (72, 'OldTextFileInput', 'Old Text file input', '从一个文本文件（几种格式）里读取数据{0}这些数据可以被传递到下一个步骤里...');
INSERT INTO `r_step_type` VALUES (73, 'OpenERPObjectDelete', 'OpenERP Object Delete', 'Deletes OpenERP objects');
INSERT INTO `r_step_type` VALUES (74, 'OpenERPObjectInput', 'OpenERP Object Input', 'Reads data from OpenERP objects');
INSERT INTO `r_step_type` VALUES (75, 'OpenERPObjectOutputImport', 'OpenERP Object Output', 'Writes data into OpenERP objects using the object import procedure');
INSERT INTO `r_step_type` VALUES (76, 'OraBulkLoader', 'Oracle 批量加载', 'Use Oracle Bulk Loader to load data');
INSERT INTO `r_step_type` VALUES (77, 'OrcInput', 'ORC Input', 'Reads data from ORC file');
INSERT INTO `r_step_type` VALUES (78, 'OrcOutput', 'ORC Output', 'Writes data to an Orc file according to a mapping');
INSERT INTO `r_step_type` VALUES (79, 'PaloCellInput', 'Palo Cell Input', 'Reads data from a defined Palo Cube ');
INSERT INTO `r_step_type` VALUES (80, 'PaloCellOutput', 'Palo Cell Output', 'Writes data to a defined Palo Cube');
INSERT INTO `r_step_type` VALUES (81, 'PaloDimInput', 'Palo Dim Input', 'Reads data from a defined Palo Dimension');
INSERT INTO `r_step_type` VALUES (82, 'PaloDimOutput', 'Palo Dim Output', 'Writes data to defined Palo Dimension');
INSERT INTO `r_step_type` VALUES (83, 'ParquetInput', 'Parquet Input', 'Reads data from a Parquet file.');
INSERT INTO `r_step_type` VALUES (84, 'ParquetOutput', 'Parquet Output', 'Writes data to a Parquet file according to a mapping.');
INSERT INTO `r_step_type` VALUES (85, 'PentahoReportingOutput', 'Pentaho 报表输出', 'Executes an existing report (PRPT)');
INSERT INTO `r_step_type` VALUES (86, 'PGPDecryptStream', 'PGP Decrypt stream', 'Decrypt data stream with PGP');
INSERT INTO `r_step_type` VALUES (87, 'PGPEncryptStream', 'PGP Encrypt stream', 'Encrypt data stream with PGP');
INSERT INTO `r_step_type` VALUES (88, 'PGBulkLoader', 'PostgreSQL 批量加载', 'PostgreSQL Bulk Loader');
INSERT INTO `r_step_type` VALUES (89, 'Rest', 'REST Client', 'Consume RESTfull services.\nREpresentational State Transfer (REST) is a key design idiom that embraces a stateless client-server\narchitecture in which the web services are viewed as resources and can be identified by their URLs');
INSERT INTO `r_step_type` VALUES (90, 'RssInput', 'RSS 输入', 'Read RSS feeds');
INSERT INTO `r_step_type` VALUES (91, 'RssOutput', 'RSS 输出', 'Read RSS stream.');
INSERT INTO `r_step_type` VALUES (92, 'RuleAccumulator', 'Rules Accumulator', 'Rules Accumulator Step');
INSERT INTO `r_step_type` VALUES (93, 'RuleExecutor', 'Rules Executor', 'Rules Executor Step');
INSERT INTO `r_step_type` VALUES (94, 'S3CSVINPUT', 'S3 CSV Input', 'Is capable of reading CSV data stored on Amazon S3 in parallel');
INSERT INTO `r_step_type` VALUES (95, 'S3FileOutputPlugin', 'S3 File Output', 'Create files in an S3 location');
INSERT INTO `r_step_type` VALUES (96, 'SalesforceDelete', 'Salesforce Delete', 'Delete records in Salesforce module.');
INSERT INTO `r_step_type` VALUES (97, 'SalesforceInput', 'Salesforce Input', 'Extract data from Salesforce');
INSERT INTO `r_step_type` VALUES (98, 'SalesforceInsert', 'Salesforce Insert', 'Insert records in Salesforce module.');
INSERT INTO `r_step_type` VALUES (99, 'SalesforceUpdate', 'Salesforce Update', 'Update records in Salesforce module.');
INSERT INTO `r_step_type` VALUES (100, 'SalesforceUpsert', 'Salesforce Upsert', 'Insert or update records in Salesforce module.');
INSERT INTO `r_step_type` VALUES (101, 'SAPINPUT', 'SAP Input', 'Read data from SAP ERP, optionally with parameters');
INSERT INTO `r_step_type` VALUES (102, 'SASInput', 'SAS 输入', 'This step reads files in sas7bdat (SAS) native format');
INSERT INTO `r_step_type` VALUES (103, 'Script', 'Script', 'Calculate values by scripting in Ruby, Python, Groovy, JavaScript, ... (JSR-223)');
INSERT INTO `r_step_type` VALUES (104, 'SetSessionVariableStep', 'Set session variables', 'Set session variables in the current user session.');
INSERT INTO `r_step_type` VALUES (105, 'SFTPPut', 'SFTP Put', 'Upload a file or a stream file to remote host via SFTP');
INSERT INTO `r_step_type` VALUES (106, 'CreateSharedDimensions', 'Shared Dimension', 'Create shared dimensions for use with Streamlined Data Refinery.');
INSERT INTO `r_step_type` VALUES (107, 'SimpleMapping', 'Simple Mapping (sub-transformation)', 'Run a mapping (sub-transformation), use MappingInput and MappingOutput to specify the fields interface.  This is the simplified version only allowing one input and one output data set.');
INSERT INTO `r_step_type` VALUES (108, 'SingleThreader', 'Single Threader', 'Executes a transformation snippet in a single thread.  You need a standard mapping or a transformation with an Injector step where data from the parent transformation will arive in blocks.');
INSERT INTO `r_step_type` VALUES (109, 'SocketWriter', 'Socket 写', 'Socket writer.  A socket server that can send rows of data to a socket reader.');
INSERT INTO `r_step_type` VALUES (110, 'SocketReader', 'Socket 读', 'Socket reader.  A socket client that connects to a server (Socket Writer step).');
INSERT INTO `r_step_type` VALUES (111, 'SQLFileOutput', 'SQL 文件输出', 'Output SQL INSERT statements to file');
INSERT INTO `r_step_type` VALUES (112, 'SSTableOutput', 'SSTable Output', 'Writes to a filesystem directory as a Cassandra SSTable');
INSERT INTO `r_step_type` VALUES (113, 'SwitchCase', 'Switch / Case', 'Switch a row to a certain target step based on the case value in a field.');
INSERT INTO `r_step_type` VALUES (114, 'TableAgileMart', 'Table Agile Mart', 'Load data into a table for Agile BI use cases');
INSERT INTO `r_step_type` VALUES (115, 'TeraFast', 'Teradata Fastload 批量加载', 'The Teradata Fastload Bulk loader');
INSERT INTO `r_step_type` VALUES (116, 'TeraDataBulkLoader', 'Teradata TPT Bulk Loader', 'Teradata TPT bulkloader, using tbuild command');
INSERT INTO `r_step_type` VALUES (117, 'TextFileOutputLegacy', 'Text file output (legacy)', '写记录到一个文本文件.');
INSERT INTO `r_step_type` VALUES (118, 'TransExecutor', 'Transformation Executor', 'This step executes a Pentaho Data Integration transformation, sets parameters and passes rows.');
INSERT INTO `r_step_type` VALUES (119, 'VerticaBulkLoader', 'Vertica Bulk Loader', 'Bulk load data into a Vertica database table');
INSERT INTO `r_step_type` VALUES (120, 'WebServiceLookup', 'Web 服务查询', '使用 Web 服务查询信息');
INSERT INTO `r_step_type` VALUES (121, 'XBaseInput', 'XBase输入', '从一个XBase类型的文件(DBF)读取记录');
INSERT INTO `r_step_type` VALUES (122, 'XMLInputStream', 'XML Input Stream (StAX)', 'This step is capable of processing very large and complex XML files very fast.');
INSERT INTO `r_step_type` VALUES (123, 'XMLJoin', 'XML Join', 'Joins a stream of XML-Tags into a target XML string');
INSERT INTO `r_step_type` VALUES (124, 'XMLOutput', 'XML Output', 'Write data to an XML file');
INSERT INTO `r_step_type` VALUES (125, 'XSDValidator', 'XSD Validator', 'Validate XML source (files or streams) against XML Schema Definition.');
INSERT INTO `r_step_type` VALUES (126, 'XSLT', 'XSL Transformation', 'Make an XSL Transformation');
INSERT INTO `r_step_type` VALUES (127, 'YamlInput', 'Yaml 输入', 'Read YAML source (file or stream) parse them and convert them to rows and writes these to one or more output.');
INSERT INTO `r_step_type` VALUES (128, 'ZipFile', 'Zip 文件', 'Zip a file.\nFilename will be extracted from incoming stream.');
INSERT INTO `r_step_type` VALUES (129, 'Abort', '中止', 'Abort a transformation');
INSERT INTO `r_step_type` VALUES (130, 'FilesFromResult', '从结果获取文件', 'This step allows you to read filenames used or generated in a previous entry in a job.');
INSERT INTO `r_step_type` VALUES (131, 'RowsFromResult', '从结果获取记录', '这个允许你从同一个任务的前一个条目里读取记录.');
INSERT INTO `r_step_type` VALUES (132, 'ValueMapper', '值映射', 'Maps values of a certain field from one value to another');
INSERT INTO `r_step_type` VALUES (133, 'Formula', '公式', '使用 Pentaho 的公式库来计算公式');
INSERT INTO `r_step_type` VALUES (134, 'WriteToLog', '写日志', 'Write data to log');
INSERT INTO `r_step_type` VALUES (135, 'AnalyticQuery', '分析查询', 'Execute analytic queries over a sorted dataset (LEAD/LAG/FIRST/LAST)');
INSERT INTO `r_step_type` VALUES (136, 'GroupBy', '分组', '以分组的形式创建聚合.{0}这个仅仅在一个已经排好序的输入有效.{1}如果输入没有排序, 仅仅两个连续的记录行被正确处理.');
INSERT INTO `r_step_type` VALUES (137, 'SplitFieldToRows3', '列拆分为多行', 'Splits a single string field by delimiter and creates a new row for each split term');
INSERT INTO `r_step_type` VALUES (138, 'Denormaliser', '列转行', 'Denormalises rows by looking up key-value pairs and by assigning them to new fields in the输出 rows.{0}This method aggregates and needs the输入 rows to be sorted on the grouping fields');
INSERT INTO `r_step_type` VALUES (139, 'Delete', '删除', '基于关键字删除记录');
INSERT INTO `r_step_type` VALUES (140, 'Janino', '利用Janino计算Java表达式', 'Calculate the result of a Java Expression using Janino');
INSERT INTO `r_step_type` VALUES (141, 'StringCut', '剪切字符串', 'Strings cut (substring).');
INSERT INTO `r_step_type` VALUES (142, 'UnivariateStats', '单变量统计', 'This step computes some simple stats based on a single input field');
INSERT INTO `r_step_type` VALUES (143, 'Unique', '去除重复记录', '去除重复的记录行，保持记录唯一{0}这个仅仅基于一个已经排好序的输入.{1}如果输入没有排序, 仅仅两个连续的记录行被正确处理.');
INSERT INTO `r_step_type` VALUES (144, 'SyslogMessage', '发送信息至Syslog', 'Send message to Syslog server');
INSERT INTO `r_step_type` VALUES (145, 'Mail', '发送邮件', 'Send eMail.');
INSERT INTO `r_step_type` VALUES (146, 'MergeRows', '合并记录', '合并两个数据流, 并根据某个关键字排序.  这两个数据流被比较，以标识相等的、变更的、删除的和新建的记录.');
INSERT INTO `r_step_type` VALUES (147, 'ExecProcess', '启动一个进程', 'Execute a process and return the result');
INSERT INTO `r_step_type` VALUES (148, 'UniqueRowsByHashSet', '唯一行 (哈希值)', 'Remove double rows and leave only unique occurrences by using a HashSet.');
INSERT INTO `r_step_type` VALUES (149, 'FixedInput', '固定宽度文件输入', 'Fixed file input');
INSERT INTO `r_step_type` VALUES (150, 'MemoryGroupBy', '在内存中分组', 'Builds aggregates in a group by fashion.\nThis step doesn\'t require sorted input.');
INSERT INTO `r_step_type` VALUES (151, 'Constant', '增加常量', '给记录增加一到多个常量');
INSERT INTO `r_step_type` VALUES (152, 'Sequence', '增加序列', '从序列获取下一个值');
INSERT INTO `r_step_type` VALUES (153, 'ProcessFiles', '处理文件', 'Process one file per row (copy or move or delete).\nThis step only accept filename in input.');
INSERT INTO `r_step_type` VALUES (154, 'FilesToResult', '复制文件到结果', 'This step allows you to set filenames in the result of this transformation.\nSubsequent job entries can then use this information.');
INSERT INTO `r_step_type` VALUES (155, 'RowsToResult', '复制记录到结果', '使用这个步骤把记录写到正在执行的任务.{0}信息将会被传递给同一个任务里的下一个条目.');
INSERT INTO `r_step_type` VALUES (156, 'SelectValues', '字段选择', '选择或移除记录里的字。{0}此外，可以设置字段的元数据: 类型, 长度和精度.');
INSERT INTO `r_step_type` VALUES (157, 'StringOperations', '字符串操作', 'Apply certain operations like trimming, padding and others to string value.');
INSERT INTO `r_step_type` VALUES (158, 'ReplaceString', '字符串替换', 'Replace all occurences a word in a string with another word.');
INSERT INTO `r_step_type` VALUES (159, 'SymmetricCryptoTrans', '对称加密', 'Encrypt or decrypt a string using symmetric encryption.\nAvailable algorithms are DES, AES, TripleDES.');
INSERT INTO `r_step_type` VALUES (160, 'SetValueConstant', '将字段值设置为常量', 'Set value of a field to a constant');
INSERT INTO `r_step_type` VALUES (161, 'Delay', '延迟行', 'Output each input row after a delay');
INSERT INTO `r_step_type` VALUES (162, 'DynamicSQLRow', '执行Dynamic SQL', 'Execute dynamic SQL statement build in a previous field');
INSERT INTO `r_step_type` VALUES (163, 'ExecSQL', '执行SQL脚本', '执行一个SQL脚本, 另外，可以使用输入的记录作为参数');
INSERT INTO `r_step_type` VALUES (164, 'ExecSQLRow', '执行SQL脚本(字段流替换)', 'Execute SQL script extracted from a field\ncreated in a previous step.');
INSERT INTO `r_step_type` VALUES (165, 'JobExecutor', '执行作业', 'This step executes a Pentaho Data Integration job, sets parameters and passes rows.');
INSERT INTO `r_step_type` VALUES (166, 'FieldSplitter', '拆分字段', '当你想把一个字段拆分成多个时，使用这个类型.');
INSERT INTO `r_step_type` VALUES (167, 'SortedMerge', '排序合并', 'Sorted Merge');
INSERT INTO `r_step_type` VALUES (168, 'SortRows', '排序记录', '基于字段值把记录排序(升序或降序)');
INSERT INTO `r_step_type` VALUES (169, 'InsertUpdate', '插入 / 更新', '基于关键字更新或插入记录到数据库.');
INSERT INTO `r_step_type` VALUES (170, 'NumberRange', '数值范围', 'Create ranges based on numeric field');
INSERT INTO `r_step_type` VALUES (171, 'SynchronizeAfterMerge', '数据同步', 'This step perform insert/update/delete in one go based on the value of a field.');
INSERT INTO `r_step_type` VALUES (172, 'DBLookup', '数据库查询', '使用字段值在数据库里查询值');
INSERT INTO `r_step_type` VALUES (173, 'DBJoin', '数据库连接', '使用数据流里的值作为参数执行一个数据库查询');
INSERT INTO `r_step_type` VALUES (174, 'Validator', '数据检验', 'Validates passing data based on a set of rules');
INSERT INTO `r_step_type` VALUES (175, 'PrioritizeStreams', '数据流优先级排序', 'Prioritize streams in an order way.');
INSERT INTO `r_step_type` VALUES (176, 'ReservoirSampling', '数据采样', '[Transform] Samples a fixed number of rows from the incoming stream');
INSERT INTO `r_step_type` VALUES (177, 'LoadFileInput', '文件内容加载至内存', 'Load file content in memory');
INSERT INTO `r_step_type` VALUES (178, 'TextFileInput', '文本文件输入', '从一个文本文件（几种格式）里读取数据{0}这些数据可以被传递到下一个步骤里...');
INSERT INTO `r_step_type` VALUES (179, 'TextFileOutput', '文本文件输出', '写记录到一个文本文件.');
INSERT INTO `r_step_type` VALUES (180, 'Mapping', '映射 (子转换)', '运行一个映射 (子转换), 使用MappingInput和MappingOutput来指定接口的字段');
INSERT INTO `r_step_type` VALUES (181, 'MappingInput', '映射输入规范', '指定一个映射的字段输入');
INSERT INTO `r_step_type` VALUES (182, 'MappingOutput', '映射输出规范', '指定一个映射的字段输出');
INSERT INTO `r_step_type` VALUES (183, 'Update', '更新', '基于关键字更新记录到数据库');
INSERT INTO `r_step_type` VALUES (184, 'IfNull', '替换NULL值', 'Sets a field value to a constant if it is null.');
INSERT INTO `r_step_type` VALUES (185, 'SampleRows', '样本行', 'Filter rows based on the line number.');
INSERT INTO `r_step_type` VALUES (186, 'JavaFilter', '根据Java代码过滤记录', 'Filter rows using java code');
INSERT INTO `r_step_type` VALUES (187, 'FieldsChangeSequence', '根据字段值来改变序列', 'Add sequence depending of fields value change.\nEach time value of at least one field change, PDI will reset sequence.');
INSERT INTO `r_step_type` VALUES (188, 'WebServiceAvailable', '检查web服务是否可用', 'Check if a webservice is available');
INSERT INTO `r_step_type` VALUES (189, 'FileExists', '检查文件是否存在', 'Check if a file exists');
INSERT INTO `r_step_type` VALUES (190, 'FileLocked', '检查文件是否已被锁定', 'Check if a file is locked by another process');
INSERT INTO `r_step_type` VALUES (191, 'TableExists', '检查表是否存在', 'Check if a table exists on a specified connection');
INSERT INTO `r_step_type` VALUES (192, 'DetectEmptyStream', '检测空流', 'This step will output one empty row if input stream is empty\n(ie when input stream does not contain any row)');
INSERT INTO `r_step_type` VALUES (193, 'CreditCardValidator', '检验信用卡号码是否有效', 'The Credit card validator step will help you tell:\n(1) if a credit card number is valid (uses LUHN10 (MOD-10) algorithm)\n(2) which credit card vendor handles that number\n(VISA, MasterCard, Diners Club, EnRoute, American Express (AMEX),...)');
INSERT INTO `r_step_type` VALUES (194, 'MailValidator', '检验邮件地址', 'Check if an email address is valid.');
INSERT INTO `r_step_type` VALUES (195, 'FuzzyMatch', '模糊匹配', 'Finding approximate matches to a string using matching algorithms.\nRead a field from a main stream and output approximative value from lookup stream.');
INSERT INTO `r_step_type` VALUES (196, 'RegexEval', '正则表达式', 'Regular expression Evaluation\nThis step uses a regular expression to evaluate a field. It can also extract new fields out of an existing field with capturing groups.');
INSERT INTO `r_step_type` VALUES (197, 'TableCompare', '比较表', 'Compares 2 tables and gives back a list of differences');
INSERT INTO `r_step_type` VALUES (198, 'StreamLookup', '流查询', '从转换中的其它流里查询值.');
INSERT INTO `r_step_type` VALUES (199, 'StepMetastructure', '流的元数据', 'This is a step to read the metadata of the incoming stream.');
INSERT INTO `r_step_type` VALUES (200, 'SecretKeyGenerator', '生成密钥', 'Generate secret key for algorithms such as DES, AES, TripleDES.');
INSERT INTO `r_step_type` VALUES (201, 'RowGenerator', '生成记录', '产生一些空记录或相等的行.');
INSERT INTO `r_step_type` VALUES (202, 'RandomValue', '生成随机数', 'Generate random value');
INSERT INTO `r_step_type` VALUES (203, 'RandomCCNumberGenerator', '生成随机的信用卡号', 'Generate random valide (luhn check) credit card numbers');
INSERT INTO `r_step_type` VALUES (204, 'Dummy', '空操作 (什么也不做)', '这个步骤类型什么都不作.{0} 当你想测试或拆分数据流的时候有用.');
INSERT INTO `r_step_type` VALUES (205, 'DimensionLookup', '维度查询/更新', '在一个数据仓库里更新一个渐变维 {0} 或者在这个维里查询信息.');
INSERT INTO `r_step_type` VALUES (206, 'CombinationLookup', '联合查询/更新', '更新数据仓库里的一个junk维 {0} 可选的, 科研查询维里的信息.{1}junk维的主键是所有的字段.');
INSERT INTO `r_step_type` VALUES (207, 'AutoDoc', '自动文档输出', 'This step automatically generates documentation based on input in the form of a list of transformations and jobs');
INSERT INTO `r_step_type` VALUES (208, 'DataGrid', '自定义常量数据', 'Enter rows of static data in a grid, usually for testing, reference or demo purpose');
INSERT INTO `r_step_type` VALUES (209, 'GetVariable', '获取变量', 'Determine the values of certain (environment or Kettle) variables and put them in field values.');
INSERT INTO `r_step_type` VALUES (210, 'GetSubFolders', '获取子目录名', 'Read a parent folder and return all subfolders');
INSERT INTO `r_step_type` VALUES (211, 'GetFileNames', '获取文件名', 'Get file names from the operating system and send them to the next step.');
INSERT INTO `r_step_type` VALUES (212, 'GetFilesRowsCount', '获取文件行数', 'Returns rows count for text files.');
INSERT INTO `r_step_type` VALUES (213, 'SystemInfo', '获取系统信息', '获取系统信息，例如时间、日期.');
INSERT INTO `r_step_type` VALUES (214, 'GetTableNames', '获取表名', 'Get table names from database connection and send them to the next step');
INSERT INTO `r_step_type` VALUES (215, 'GetRepositoryNames', '获取资源库配置', 'Lists detailed information about transformations and/or jobs in a repository');
INSERT INTO `r_step_type` VALUES (216, 'Flattener', '行扁平化', 'Flattens consequetive rows based on the order in which they appear in the输入 stream');
INSERT INTO `r_step_type` VALUES (217, 'Normaliser', '行转列', 'De-normalised information can be normalised using this step type.');
INSERT INTO `r_step_type` VALUES (218, 'TableInput', '表输入', '从数据库表里读取信息.');
INSERT INTO `r_step_type` VALUES (219, 'TableOutput', '表输出', '写信息到一个数据库表');
INSERT INTO `r_step_type` VALUES (220, 'Calculator', '计算器', '通过执行简单的计算创建一个新字段');
INSERT INTO `r_step_type` VALUES (221, 'JoinRows', '记录关联 (笛卡尔输出)', '这个步骤的输出是输入流的笛卡尔的结果.{0} 输出结果的记录数是输入流记录之间的乘积.');
INSERT INTO `r_step_type` VALUES (222, 'Injector', '记录注射', 'Injector step to allow to inject rows into the transformation through the java API');
INSERT INTO `r_step_type` VALUES (223, 'MergeJoin', '记录集连接', 'Joins two streams on a given key and outputs a joined set. The input streams must be sorted on the join key');
INSERT INTO `r_step_type` VALUES (224, 'NullIf', '设置值为NULL', '如果一个字段值等于某个固定值，那么把这个字段值设置成null');
INSERT INTO `r_step_type` VALUES (225, 'SetVariable', '设置变量', 'Set environment variables based on a single input row.');
INSERT INTO `r_step_type` VALUES (226, 'SetValueField', '设置字段值', 'Set value of a field with another value field');
INSERT INTO `r_step_type` VALUES (227, 'DetectLastRow', '识别流的最后一行', 'Last row will be marked');
INSERT INTO `r_step_type` VALUES (228, 'DBProc', '调用DB存储过程', '通过调用数据库存储过程获得返回值.');
INSERT INTO `r_step_type` VALUES (229, 'StepsMetrics', '转换步骤信息统计', 'Return metrics for one or several steps');
INSERT INTO `r_step_type` VALUES (230, 'FilterRows', '过滤记录', '使用简单的相等来过滤记录');
INSERT INTO `r_step_type` VALUES (231, 'SSH', '运行SSH命令', 'Run SSH commands and returns result.');
INSERT INTO `r_step_type` VALUES (232, 'Append', '追加流', 'Append 2 streams in an ordered way');
INSERT INTO `r_step_type` VALUES (233, 'MailInput', '邮件信息输入', 'Read POP3/IMAP server and retrieve messages');
INSERT INTO `r_step_type` VALUES (234, 'PropertyInput', '配置文件输入', 'Read data (key, value) from properties files.');
INSERT INTO `r_step_type` VALUES (235, 'PropertyOutput', '配置文件输出', 'Write data to properties file');
INSERT INTO `r_step_type` VALUES (236, 'BlockUntilStepsFinish', '阻塞数据直到步骤都完成', 'Block this step until selected steps finish.');

-- ----------------------------
-- Table structure for r_trans_attribute
-- ----------------------------
DROP TABLE IF EXISTS `r_trans_attribute`;
CREATE TABLE `r_trans_attribute`  (
  `ID_TRANS_ATTRIBUTE` bigint(20) NOT NULL,
  `ID_TRANSFORMATION` int(11) NULL DEFAULT NULL,
  `NR` int(11) NULL DEFAULT NULL,
  `CODE` varchar(255) CHARACTER SET utf8 COLLATE utf8_general_ci NULL DEFAULT NULL,
  `VALUE_NUM` bigint(20) NULL DEFAULT NULL,
  `VALUE_STR` mediumtext CHARACTER SET utf8 COLLATE utf8_general_ci NULL,
  PRIMARY KEY (`ID_TRANS_ATTRIBUTE`) USING BTREE,
  UNIQUE INDEX `IDX_TATT`(`ID_TRANSFORMATION`, `CODE`, `NR`) USING BTREE
) ENGINE = InnoDB CHARACTER SET = utf8 COLLATE = utf8_general_ci ROW_FORMAT = Dynamic;

-- ----------------------------
-- Records of r_trans_attribute
-- ----------------------------
INSERT INTO `r_trans_attribute` VALUES (448, 3, 0, 'UNIQUE_CONNECTIONS', 0, 'N');
INSERT INTO `r_trans_attribute` VALUES (449, 3, 0, 'FEEDBACK_SHOWN', 0, 'Y');
INSERT INTO `r_trans_attribute` VALUES (450, 3, 0, 'FEEDBACK_SIZE', 50000, NULL);
INSERT INTO `r_trans_attribute` VALUES (451, 3, 0, 'USING_THREAD_PRIORITIES', 0, 'Y');
INSERT INTO `r_trans_attribute` VALUES (452, 3, 0, 'SHARED_FILE', 0, NULL);
INSERT INTO `r_trans_attribute` VALUES (453, 3, 0, 'CAPTURE_STEP_PERFORMANCE', 0, 'N');
INSERT INTO `r_trans_attribute` VALUES (454, 3, 0, 'STEP_PERFORMANCE_CAPTURING_DELAY', 1000, NULL);
INSERT INTO `r_trans_attribute` VALUES (455, 3, 0, 'STEP_PERFORMANCE_CAPTURING_SIZE_LIMIT', 0, '100');
INSERT INTO `r_trans_attribute` VALUES (456, 3, 0, 'STEP_PERFORMANCE_LOG_TABLE', 0, NULL);
INSERT INTO `r_trans_attribute` VALUES (457, 3, 0, 'LOG_SIZE_LIMIT', 0, NULL);
INSERT INTO `r_trans_attribute` VALUES (458, 3, 0, 'LOG_INTERVAL', 0, NULL);
INSERT INTO `r_trans_attribute` VALUES (459, 3, 0, 'TRANSFORMATION_TYPE', 0, 'Normal');
INSERT INTO `r_trans_attribute` VALUES (460, 3, 0, 'SLEEP_TIME_EMPTY', 50, NULL);
INSERT INTO `r_trans_attribute` VALUES (461, 3, 0, 'SLEEP_TIME_FULL', 50, NULL);
INSERT INTO `r_trans_attribute` VALUES (462, 3, 0, 'TRANS_LOG_TABLE_CONNECTION_NAME', 0, NULL);
INSERT INTO `r_trans_attribute` VALUES (463, 3, 0, 'TRANS_LOG_TABLE_SCHEMA_NAME', 0, NULL);
INSERT INTO `r_trans_attribute` VALUES (464, 3, 0, 'TRANS_LOG_TABLE_TABLE_NAME', 0, NULL);
INSERT INTO `r_trans_attribute` VALUES (465, 3, 0, 'TRANS_LOG_TABLE_TIMEOUT_IN_DAYS', 0, NULL);
INSERT INTO `r_trans_attribute` VALUES (466, 3, 0, 'TRANS_LOG_TABLE_FIELD_ID0', 0, 'ID_BATCH');
INSERT INTO `r_trans_attribute` VALUES (467, 3, 0, 'TRANS_LOG_TABLE_FIELD_NAME0', 0, 'ID_BATCH');
INSERT INTO `r_trans_attribute` VALUES (468, 3, 0, 'TRANS_LOG_TABLE_FIELD_ENABLED0', 0, 'Y');
INSERT INTO `r_trans_attribute` VALUES (469, 3, 0, 'TRANS_LOG_TABLE_FIELD_ID1', 0, 'CHANNEL_ID');
INSERT INTO `r_trans_attribute` VALUES (470, 3, 0, 'TRANS_LOG_TABLE_FIELD_NAME1', 0, 'CHANNEL_ID');
INSERT INTO `r_trans_attribute` VALUES (471, 3, 0, 'TRANS_LOG_TABLE_FIELD_ENABLED1', 0, 'Y');
INSERT INTO `r_trans_attribute` VALUES (472, 3, 0, 'TRANS_LOG_TABLE_FIELD_ID2', 0, 'TRANSNAME');
INSERT INTO `r_trans_attribute` VALUES (473, 3, 0, 'TRANS_LOG_TABLE_FIELD_NAME2', 0, 'TRANSNAME');
INSERT INTO `r_trans_attribute` VALUES (474, 3, 0, 'TRANS_LOG_TABLE_FIELD_ENABLED2', 0, 'Y');
INSERT INTO `r_trans_attribute` VALUES (475, 3, 0, 'TRANS_LOG_TABLE_FIELD_ID3', 0, 'STATUS');
INSERT INTO `r_trans_attribute` VALUES (476, 3, 0, 'TRANS_LOG_TABLE_FIELD_NAME3', 0, 'STATUS');
INSERT INTO `r_trans_attribute` VALUES (477, 3, 0, 'TRANS_LOG_TABLE_FIELD_ENABLED3', 0, 'Y');
INSERT INTO `r_trans_attribute` VALUES (478, 3, 0, 'TRANS_LOG_TABLE_FIELD_ID4', 0, 'LINES_READ');
INSERT INTO `r_trans_attribute` VALUES (479, 3, 0, 'TRANS_LOG_TABLE_FIELD_NAME4', 0, 'LINES_READ');
INSERT INTO `r_trans_attribute` VALUES (480, 3, 0, 'TRANS_LOG_TABLE_FIELD_ENABLED4', 0, 'Y');
INSERT INTO `r_trans_attribute` VALUES (481, 3, 0, 'TRANS_LOG_TABLE_FIELD_SUBJECT4', 0, NULL);
INSERT INTO `r_trans_attribute` VALUES (482, 3, 0, 'TRANS_LOG_TABLE_FIELD_ID5', 0, 'LINES_WRITTEN');
INSERT INTO `r_trans_attribute` VALUES (483, 3, 0, 'TRANS_LOG_TABLE_FIELD_NAME5', 0, 'LINES_WRITTEN');
INSERT INTO `r_trans_attribute` VALUES (484, 3, 0, 'TRANS_LOG_TABLE_FIELD_ENABLED5', 0, 'Y');
INSERT INTO `r_trans_attribute` VALUES (485, 3, 0, 'TRANS_LOG_TABLE_FIELD_SUBJECT5', 0, NULL);
INSERT INTO `r_trans_attribute` VALUES (486, 3, 0, 'TRANS_LOG_TABLE_FIELD_ID6', 0, 'LINES_UPDATED');
INSERT INTO `r_trans_attribute` VALUES (487, 3, 0, 'TRANS_LOG_TABLE_FIELD_NAME6', 0, 'LINES_UPDATED');
INSERT INTO `r_trans_attribute` VALUES (488, 3, 0, 'TRANS_LOG_TABLE_FIELD_ENABLED6', 0, 'Y');
INSERT INTO `r_trans_attribute` VALUES (489, 3, 0, 'TRANS_LOG_TABLE_FIELD_SUBJECT6', 0, NULL);
INSERT INTO `r_trans_attribute` VALUES (490, 3, 0, 'TRANS_LOG_TABLE_FIELD_ID7', 0, 'LINES_INPUT');
INSERT INTO `r_trans_attribute` VALUES (491, 3, 0, 'TRANS_LOG_TABLE_FIELD_NAME7', 0, 'LINES_INPUT');
INSERT INTO `r_trans_attribute` VALUES (492, 3, 0, 'TRANS_LOG_TABLE_FIELD_ENABLED7', 0, 'Y');
INSERT INTO `r_trans_attribute` VALUES (493, 3, 0, 'TRANS_LOG_TABLE_FIELD_SUBJECT7', 0, NULL);
INSERT INTO `r_trans_attribute` VALUES (494, 3, 0, 'TRANS_LOG_TABLE_FIELD_ID8', 0, 'LINES_OUTPUT');
INSERT INTO `r_trans_attribute` VALUES (495, 3, 0, 'TRANS_LOG_TABLE_FIELD_NAME8', 0, 'LINES_OUTPUT');
INSERT INTO `r_trans_attribute` VALUES (496, 3, 0, 'TRANS_LOG_TABLE_FIELD_ENABLED8', 0, 'Y');
INSERT INTO `r_trans_attribute` VALUES (497, 3, 0, 'TRANS_LOG_TABLE_FIELD_SUBJECT8', 0, NULL);
INSERT INTO `r_trans_attribute` VALUES (498, 3, 0, 'TRANS_LOG_TABLE_FIELD_ID9', 0, 'LINES_REJECTED');
INSERT INTO `r_trans_attribute` VALUES (499, 3, 0, 'TRANS_LOG_TABLE_FIELD_NAME9', 0, 'LINES_REJECTED');
INSERT INTO `r_trans_attribute` VALUES (500, 3, 0, 'TRANS_LOG_TABLE_FIELD_ENABLED9', 0, 'Y');
INSERT INTO `r_trans_attribute` VALUES (501, 3, 0, 'TRANS_LOG_TABLE_FIELD_SUBJECT9', 0, NULL);
INSERT INTO `r_trans_attribute` VALUES (502, 3, 0, 'TRANS_LOG_TABLE_FIELD_ID10', 0, 'ERRORS');
INSERT INTO `r_trans_attribute` VALUES (503, 3, 0, 'TRANS_LOG_TABLE_FIELD_NAME10', 0, 'ERRORS');
INSERT INTO `r_trans_attribute` VALUES (504, 3, 0, 'TRANS_LOG_TABLE_FIELD_ENABLED10', 0, 'Y');
INSERT INTO `r_trans_attribute` VALUES (505, 3, 0, 'TRANS_LOG_TABLE_FIELD_ID11', 0, 'STARTDATE');
INSERT INTO `r_trans_attribute` VALUES (506, 3, 0, 'TRANS_LOG_TABLE_FIELD_NAME11', 0, 'STARTDATE');
INSERT INTO `r_trans_attribute` VALUES (507, 3, 0, 'TRANS_LOG_TABLE_FIELD_ENABLED11', 0, 'Y');
INSERT INTO `r_trans_attribute` VALUES (508, 3, 0, 'TRANS_LOG_TABLE_FIELD_ID12', 0, 'ENDDATE');
INSERT INTO `r_trans_attribute` VALUES (509, 3, 0, 'TRANS_LOG_TABLE_FIELD_NAME12', 0, 'ENDDATE');
INSERT INTO `r_trans_attribute` VALUES (510, 3, 0, 'TRANS_LOG_TABLE_FIELD_ENABLED12', 0, 'Y');
INSERT INTO `r_trans_attribute` VALUES (511, 3, 0, 'TRANS_LOG_TABLE_FIELD_ID13', 0, 'LOGDATE');
INSERT INTO `r_trans_attribute` VALUES (512, 3, 0, 'TRANS_LOG_TABLE_FIELD_NAME13', 0, 'LOGDATE');
INSERT INTO `r_trans_attribute` VALUES (513, 3, 0, 'TRANS_LOG_TABLE_FIELD_ENABLED13', 0, 'Y');
INSERT INTO `r_trans_attribute` VALUES (514, 3, 0, 'TRANS_LOG_TABLE_FIELD_ID14', 0, 'DEPDATE');
INSERT INTO `r_trans_attribute` VALUES (515, 3, 0, 'TRANS_LOG_TABLE_FIELD_NAME14', 0, 'DEPDATE');
INSERT INTO `r_trans_attribute` VALUES (516, 3, 0, 'TRANS_LOG_TABLE_FIELD_ENABLED14', 0, 'Y');
INSERT INTO `r_trans_attribute` VALUES (517, 3, 0, 'TRANS_LOG_TABLE_FIELD_ID15', 0, 'REPLAYDATE');
INSERT INTO `r_trans_attribute` VALUES (518, 3, 0, 'TRANS_LOG_TABLE_FIELD_NAME15', 0, 'REPLAYDATE');
INSERT INTO `r_trans_attribute` VALUES (519, 3, 0, 'TRANS_LOG_TABLE_FIELD_ENABLED15', 0, 'Y');
INSERT INTO `r_trans_attribute` VALUES (520, 3, 0, 'TRANS_LOG_TABLE_FIELD_ID16', 0, 'LOG_FIELD');
INSERT INTO `r_trans_attribute` VALUES (521, 3, 0, 'TRANS_LOG_TABLE_FIELD_NAME16', 0, 'LOG_FIELD');
INSERT INTO `r_trans_attribute` VALUES (522, 3, 0, 'TRANS_LOG_TABLE_FIELD_ENABLED16', 0, 'Y');
INSERT INTO `r_trans_attribute` VALUES (523, 3, 0, 'TRANS_LOG_TABLE_FIELD_ID17', 0, 'EXECUTING_SERVER');
INSERT INTO `r_trans_attribute` VALUES (524, 3, 0, 'TRANS_LOG_TABLE_FIELD_NAME17', 0, 'EXECUTING_SERVER');
INSERT INTO `r_trans_attribute` VALUES (525, 3, 0, 'TRANS_LOG_TABLE_FIELD_ENABLED17', 0, 'N');
INSERT INTO `r_trans_attribute` VALUES (526, 3, 0, 'TRANS_LOG_TABLE_FIELD_ID18', 0, 'EXECUTING_USER');
INSERT INTO `r_trans_attribute` VALUES (527, 3, 0, 'TRANS_LOG_TABLE_FIELD_NAME18', 0, 'EXECUTING_USER');
INSERT INTO `r_trans_attribute` VALUES (528, 3, 0, 'TRANS_LOG_TABLE_FIELD_ENABLED18', 0, 'N');
INSERT INTO `r_trans_attribute` VALUES (529, 3, 0, 'TRANS_LOG_TABLE_FIELD_ID19', 0, 'CLIENT');
INSERT INTO `r_trans_attribute` VALUES (530, 3, 0, 'TRANS_LOG_TABLE_FIELD_NAME19', 0, 'CLIENT');
INSERT INTO `r_trans_attribute` VALUES (531, 3, 0, 'TRANS_LOG_TABLE_FIELD_ENABLED19', 0, 'N');
INSERT INTO `r_trans_attribute` VALUES (532, 3, 0, 'TRANSLOG_TABLE_INTERVAL', 0, NULL);
INSERT INTO `r_trans_attribute` VALUES (533, 3, 0, 'TRANSLOG_TABLE_SIZE_LIMIT', 0, NULL);
INSERT INTO `r_trans_attribute` VALUES (534, 3, 0, 'STEP_LOG_TABLE_CONNECTION_NAME', 0, NULL);
INSERT INTO `r_trans_attribute` VALUES (535, 3, 0, 'STEP_LOG_TABLE_SCHEMA_NAME', 0, NULL);
INSERT INTO `r_trans_attribute` VALUES (536, 3, 0, 'STEP_LOG_TABLE_TABLE_NAME', 0, NULL);
INSERT INTO `r_trans_attribute` VALUES (537, 3, 0, 'STEP_LOG_TABLE_TIMEOUT_IN_DAYS', 0, NULL);
INSERT INTO `r_trans_attribute` VALUES (538, 3, 0, 'STEP_LOG_TABLE_FIELD_ID0', 0, 'ID_BATCH');
INSERT INTO `r_trans_attribute` VALUES (539, 3, 0, 'STEP_LOG_TABLE_FIELD_NAME0', 0, 'ID_BATCH');
INSERT INTO `r_trans_attribute` VALUES (540, 3, 0, 'STEP_LOG_TABLE_FIELD_ENABLED0', 0, 'Y');
INSERT INTO `r_trans_attribute` VALUES (541, 3, 0, 'STEP_LOG_TABLE_FIELD_ID1', 0, 'CHANNEL_ID');
INSERT INTO `r_trans_attribute` VALUES (542, 3, 0, 'STEP_LOG_TABLE_FIELD_NAME1', 0, 'CHANNEL_ID');
INSERT INTO `r_trans_attribute` VALUES (543, 3, 0, 'STEP_LOG_TABLE_FIELD_ENABLED1', 0, 'Y');
INSERT INTO `r_trans_attribute` VALUES (544, 3, 0, 'STEP_LOG_TABLE_FIELD_ID2', 0, 'LOG_DATE');
INSERT INTO `r_trans_attribute` VALUES (545, 3, 0, 'STEP_LOG_TABLE_FIELD_NAME2', 0, 'LOG_DATE');
INSERT INTO `r_trans_attribute` VALUES (546, 3, 0, 'STEP_LOG_TABLE_FIELD_ENABLED2', 0, 'Y');
INSERT INTO `r_trans_attribute` VALUES (547, 3, 0, 'STEP_LOG_TABLE_FIELD_ID3', 0, 'TRANSNAME');
INSERT INTO `r_trans_attribute` VALUES (548, 3, 0, 'STEP_LOG_TABLE_FIELD_NAME3', 0, 'TRANSNAME');
INSERT INTO `r_trans_attribute` VALUES (549, 3, 0, 'STEP_LOG_TABLE_FIELD_ENABLED3', 0, 'Y');
INSERT INTO `r_trans_attribute` VALUES (550, 3, 0, 'STEP_LOG_TABLE_FIELD_ID4', 0, 'STEPNAME');
INSERT INTO `r_trans_attribute` VALUES (551, 3, 0, 'STEP_LOG_TABLE_FIELD_NAME4', 0, 'STEPNAME');
INSERT INTO `r_trans_attribute` VALUES (552, 3, 0, 'STEP_LOG_TABLE_FIELD_ENABLED4', 0, 'Y');
INSERT INTO `r_trans_attribute` VALUES (553, 3, 0, 'STEP_LOG_TABLE_FIELD_ID5', 0, 'STEP_COPY');
INSERT INTO `r_trans_attribute` VALUES (554, 3, 0, 'STEP_LOG_TABLE_FIELD_NAME5', 0, 'STEP_COPY');
INSERT INTO `r_trans_attribute` VALUES (555, 3, 0, 'STEP_LOG_TABLE_FIELD_ENABLED5', 0, 'Y');
INSERT INTO `r_trans_attribute` VALUES (556, 3, 0, 'STEP_LOG_TABLE_FIELD_ID6', 0, 'LINES_READ');
INSERT INTO `r_trans_attribute` VALUES (557, 3, 0, 'STEP_LOG_TABLE_FIELD_NAME6', 0, 'LINES_READ');
INSERT INTO `r_trans_attribute` VALUES (558, 3, 0, 'STEP_LOG_TABLE_FIELD_ENABLED6', 0, 'Y');
INSERT INTO `r_trans_attribute` VALUES (559, 3, 0, 'STEP_LOG_TABLE_FIELD_ID7', 0, 'LINES_WRITTEN');
INSERT INTO `r_trans_attribute` VALUES (560, 3, 0, 'STEP_LOG_TABLE_FIELD_NAME7', 0, 'LINES_WRITTEN');
INSERT INTO `r_trans_attribute` VALUES (561, 3, 0, 'STEP_LOG_TABLE_FIELD_ENABLED7', 0, 'Y');
INSERT INTO `r_trans_attribute` VALUES (562, 3, 0, 'STEP_LOG_TABLE_FIELD_ID8', 0, 'LINES_UPDATED');
INSERT INTO `r_trans_attribute` VALUES (563, 3, 0, 'STEP_LOG_TABLE_FIELD_NAME8', 0, 'LINES_UPDATED');
INSERT INTO `r_trans_attribute` VALUES (564, 3, 0, 'STEP_LOG_TABLE_FIELD_ENABLED8', 0, 'Y');
INSERT INTO `r_trans_attribute` VALUES (565, 3, 0, 'STEP_LOG_TABLE_FIELD_ID9', 0, 'LINES_INPUT');
INSERT INTO `r_trans_attribute` VALUES (566, 3, 0, 'STEP_LOG_TABLE_FIELD_NAME9', 0, 'LINES_INPUT');
INSERT INTO `r_trans_attribute` VALUES (567, 3, 0, 'STEP_LOG_TABLE_FIELD_ENABLED9', 0, 'Y');
INSERT INTO `r_trans_attribute` VALUES (568, 3, 0, 'STEP_LOG_TABLE_FIELD_ID10', 0, 'LINES_OUTPUT');
INSERT INTO `r_trans_attribute` VALUES (569, 3, 0, 'STEP_LOG_TABLE_FIELD_NAME10', 0, 'LINES_OUTPUT');
INSERT INTO `r_trans_attribute` VALUES (570, 3, 0, 'STEP_LOG_TABLE_FIELD_ENABLED10', 0, 'Y');
INSERT INTO `r_trans_attribute` VALUES (571, 3, 0, 'STEP_LOG_TABLE_FIELD_ID11', 0, 'LINES_REJECTED');
INSERT INTO `r_trans_attribute` VALUES (572, 3, 0, 'STEP_LOG_TABLE_FIELD_NAME11', 0, 'LINES_REJECTED');
INSERT INTO `r_trans_attribute` VALUES (573, 3, 0, 'STEP_LOG_TABLE_FIELD_ENABLED11', 0, 'Y');
INSERT INTO `r_trans_attribute` VALUES (574, 3, 0, 'STEP_LOG_TABLE_FIELD_ID12', 0, 'ERRORS');
INSERT INTO `r_trans_attribute` VALUES (575, 3, 0, 'STEP_LOG_TABLE_FIELD_NAME12', 0, 'ERRORS');
INSERT INTO `r_trans_attribute` VALUES (576, 3, 0, 'STEP_LOG_TABLE_FIELD_ENABLED12', 0, 'Y');
INSERT INTO `r_trans_attribute` VALUES (577, 3, 0, 'STEP_LOG_TABLE_FIELD_ID13', 0, 'LOG_FIELD');
INSERT INTO `r_trans_attribute` VALUES (578, 3, 0, 'STEP_LOG_TABLE_FIELD_NAME13', 0, 'LOG_FIELD');
INSERT INTO `r_trans_attribute` VALUES (579, 3, 0, 'STEP_LOG_TABLE_FIELD_ENABLED13', 0, 'N');
INSERT INTO `r_trans_attribute` VALUES (580, 3, 0, 'PERFORMANCE_LOG_TABLE_CONNECTION_NAME', 0, NULL);
INSERT INTO `r_trans_attribute` VALUES (581, 3, 0, 'PERFORMANCE_LOG_TABLE_SCHEMA_NAME', 0, NULL);
INSERT INTO `r_trans_attribute` VALUES (582, 3, 0, 'PERFORMANCE_LOG_TABLE_TABLE_NAME', 0, NULL);
INSERT INTO `r_trans_attribute` VALUES (583, 3, 0, 'PERFORMANCE_LOG_TABLE_TIMEOUT_IN_DAYS', 0, NULL);
INSERT INTO `r_trans_attribute` VALUES (584, 3, 0, 'PERFORMANCE_LOG_TABLE_FIELD_ID0', 0, 'ID_BATCH');
INSERT INTO `r_trans_attribute` VALUES (585, 3, 0, 'PERFORMANCE_LOG_TABLE_FIELD_NAME0', 0, 'ID_BATCH');
INSERT INTO `r_trans_attribute` VALUES (586, 3, 0, 'PERFORMANCE_LOG_TABLE_FIELD_ENABLED0', 0, 'Y');
INSERT INTO `r_trans_attribute` VALUES (587, 3, 0, 'PERFORMANCE_LOG_TABLE_FIELD_ID1', 0, 'SEQ_NR');
INSERT INTO `r_trans_attribute` VALUES (588, 3, 0, 'PERFORMANCE_LOG_TABLE_FIELD_NAME1', 0, 'SEQ_NR');
INSERT INTO `r_trans_attribute` VALUES (589, 3, 0, 'PERFORMANCE_LOG_TABLE_FIELD_ENABLED1', 0, 'Y');
INSERT INTO `r_trans_attribute` VALUES (590, 3, 0, 'PERFORMANCE_LOG_TABLE_FIELD_ID2', 0, 'LOGDATE');
INSERT INTO `r_trans_attribute` VALUES (591, 3, 0, 'PERFORMANCE_LOG_TABLE_FIELD_NAME2', 0, 'LOGDATE');
INSERT INTO `r_trans_attribute` VALUES (592, 3, 0, 'PERFORMANCE_LOG_TABLE_FIELD_ENABLED2', 0, 'Y');
INSERT INTO `r_trans_attribute` VALUES (593, 3, 0, 'PERFORMANCE_LOG_TABLE_FIELD_ID3', 0, 'TRANSNAME');
INSERT INTO `r_trans_attribute` VALUES (594, 3, 0, 'PERFORMANCE_LOG_TABLE_FIELD_NAME3', 0, 'TRANSNAME');
INSERT INTO `r_trans_attribute` VALUES (595, 3, 0, 'PERFORMANCE_LOG_TABLE_FIELD_ENABLED3', 0, 'Y');
INSERT INTO `r_trans_attribute` VALUES (596, 3, 0, 'PERFORMANCE_LOG_TABLE_FIELD_ID4', 0, 'STEPNAME');
INSERT INTO `r_trans_attribute` VALUES (597, 3, 0, 'PERFORMANCE_LOG_TABLE_FIELD_NAME4', 0, 'STEPNAME');
INSERT INTO `r_trans_attribute` VALUES (598, 3, 0, 'PERFORMANCE_LOG_TABLE_FIELD_ENABLED4', 0, 'Y');
INSERT INTO `r_trans_attribute` VALUES (599, 3, 0, 'PERFORMANCE_LOG_TABLE_FIELD_ID5', 0, 'STEP_COPY');
INSERT INTO `r_trans_attribute` VALUES (600, 3, 0, 'PERFORMANCE_LOG_TABLE_FIELD_NAME5', 0, 'STEP_COPY');
INSERT INTO `r_trans_attribute` VALUES (601, 3, 0, 'PERFORMANCE_LOG_TABLE_FIELD_ENABLED5', 0, 'Y');
INSERT INTO `r_trans_attribute` VALUES (602, 3, 0, 'PERFORMANCE_LOG_TABLE_FIELD_ID6', 0, 'LINES_READ');
INSERT INTO `r_trans_attribute` VALUES (603, 3, 0, 'PERFORMANCE_LOG_TABLE_FIELD_NAME6', 0, 'LINES_READ');
INSERT INTO `r_trans_attribute` VALUES (604, 3, 0, 'PERFORMANCE_LOG_TABLE_FIELD_ENABLED6', 0, 'Y');
INSERT INTO `r_trans_attribute` VALUES (605, 3, 0, 'PERFORMANCE_LOG_TABLE_FIELD_ID7', 0, 'LINES_WRITTEN');
INSERT INTO `r_trans_attribute` VALUES (606, 3, 0, 'PERFORMANCE_LOG_TABLE_FIELD_NAME7', 0, 'LINES_WRITTEN');
INSERT INTO `r_trans_attribute` VALUES (607, 3, 0, 'PERFORMANCE_LOG_TABLE_FIELD_ENABLED7', 0, 'Y');
INSERT INTO `r_trans_attribute` VALUES (608, 3, 0, 'PERFORMANCE_LOG_TABLE_FIELD_ID8', 0, 'LINES_UPDATED');
INSERT INTO `r_trans_attribute` VALUES (609, 3, 0, 'PERFORMANCE_LOG_TABLE_FIELD_NAME8', 0, 'LINES_UPDATED');
INSERT INTO `r_trans_attribute` VALUES (610, 3, 0, 'PERFORMANCE_LOG_TABLE_FIELD_ENABLED8', 0, 'Y');
INSERT INTO `r_trans_attribute` VALUES (611, 3, 0, 'PERFORMANCE_LOG_TABLE_FIELD_ID9', 0, 'LINES_INPUT');
INSERT INTO `r_trans_attribute` VALUES (612, 3, 0, 'PERFORMANCE_LOG_TABLE_FIELD_NAME9', 0, 'LINES_INPUT');
INSERT INTO `r_trans_attribute` VALUES (613, 3, 0, 'PERFORMANCE_LOG_TABLE_FIELD_ENABLED9', 0, 'Y');
INSERT INTO `r_trans_attribute` VALUES (614, 3, 0, 'PERFORMANCE_LOG_TABLE_FIELD_ID10', 0, 'LINES_OUTPUT');
INSERT INTO `r_trans_attribute` VALUES (615, 3, 0, 'PERFORMANCE_LOG_TABLE_FIELD_NAME10', 0, 'LINES_OUTPUT');
INSERT INTO `r_trans_attribute` VALUES (616, 3, 0, 'PERFORMANCE_LOG_TABLE_FIELD_ENABLED10', 0, 'Y');
INSERT INTO `r_trans_attribute` VALUES (617, 3, 0, 'PERFORMANCE_LOG_TABLE_FIELD_ID11', 0, 'LINES_REJECTED');
INSERT INTO `r_trans_attribute` VALUES (618, 3, 0, 'PERFORMANCE_LOG_TABLE_FIELD_NAME11', 0, 'LINES_REJECTED');
INSERT INTO `r_trans_attribute` VALUES (619, 3, 0, 'PERFORMANCE_LOG_TABLE_FIELD_ENABLED11', 0, 'Y');
INSERT INTO `r_trans_attribute` VALUES (620, 3, 0, 'PERFORMANCE_LOG_TABLE_FIELD_ID12', 0, 'ERRORS');
INSERT INTO `r_trans_attribute` VALUES (621, 3, 0, 'PERFORMANCE_LOG_TABLE_FIELD_NAME12', 0, 'ERRORS');
INSERT INTO `r_trans_attribute` VALUES (622, 3, 0, 'PERFORMANCE_LOG_TABLE_FIELD_ENABLED12', 0, 'Y');
INSERT INTO `r_trans_attribute` VALUES (623, 3, 0, 'PERFORMANCE_LOG_TABLE_FIELD_ID13', 0, 'INPUT_BUFFER_ROWS');
INSERT INTO `r_trans_attribute` VALUES (624, 3, 0, 'PERFORMANCE_LOG_TABLE_FIELD_NAME13', 0, 'INPUT_BUFFER_ROWS');
INSERT INTO `r_trans_attribute` VALUES (625, 3, 0, 'PERFORMANCE_LOG_TABLE_FIELD_ENABLED13', 0, 'Y');
INSERT INTO `r_trans_attribute` VALUES (626, 3, 0, 'PERFORMANCE_LOG_TABLE_FIELD_ID14', 0, 'OUTPUT_BUFFER_ROWS');
INSERT INTO `r_trans_attribute` VALUES (627, 3, 0, 'PERFORMANCE_LOG_TABLE_FIELD_NAME14', 0, 'OUTPUT_BUFFER_ROWS');
INSERT INTO `r_trans_attribute` VALUES (628, 3, 0, 'PERFORMANCE_LOG_TABLE_FIELD_ENABLED14', 0, 'Y');
INSERT INTO `r_trans_attribute` VALUES (629, 3, 0, 'PERFORMANCELOG_TABLE_INTERVAL', 0, NULL);
INSERT INTO `r_trans_attribute` VALUES (630, 3, 0, 'CHANNEL_LOG_TABLE_CONNECTION_NAME', 0, NULL);
INSERT INTO `r_trans_attribute` VALUES (631, 3, 0, 'CHANNEL_LOG_TABLE_SCHEMA_NAME', 0, NULL);
INSERT INTO `r_trans_attribute` VALUES (632, 3, 0, 'CHANNEL_LOG_TABLE_TABLE_NAME', 0, NULL);
INSERT INTO `r_trans_attribute` VALUES (633, 3, 0, 'CHANNEL_LOG_TABLE_TIMEOUT_IN_DAYS', 0, NULL);
INSERT INTO `r_trans_attribute` VALUES (634, 3, 0, 'CHANNEL_LOG_TABLE_FIELD_ID0', 0, 'ID_BATCH');
INSERT INTO `r_trans_attribute` VALUES (635, 3, 0, 'CHANNEL_LOG_TABLE_FIELD_NAME0', 0, 'ID_BATCH');
INSERT INTO `r_trans_attribute` VALUES (636, 3, 0, 'CHANNEL_LOG_TABLE_FIELD_ENABLED0', 0, 'Y');
INSERT INTO `r_trans_attribute` VALUES (637, 3, 0, 'CHANNEL_LOG_TABLE_FIELD_ID1', 0, 'CHANNEL_ID');
INSERT INTO `r_trans_attribute` VALUES (638, 3, 0, 'CHANNEL_LOG_TABLE_FIELD_NAME1', 0, 'CHANNEL_ID');
INSERT INTO `r_trans_attribute` VALUES (639, 3, 0, 'CHANNEL_LOG_TABLE_FIELD_ENABLED1', 0, 'Y');
INSERT INTO `r_trans_attribute` VALUES (640, 3, 0, 'CHANNEL_LOG_TABLE_FIELD_ID2', 0, 'LOG_DATE');
INSERT INTO `r_trans_attribute` VALUES (641, 3, 0, 'CHANNEL_LOG_TABLE_FIELD_NAME2', 0, 'LOG_DATE');
INSERT INTO `r_trans_attribute` VALUES (642, 3, 0, 'CHANNEL_LOG_TABLE_FIELD_ENABLED2', 0, 'Y');
INSERT INTO `r_trans_attribute` VALUES (643, 3, 0, 'CHANNEL_LOG_TABLE_FIELD_ID3', 0, 'LOGGING_OBJECT_TYPE');
INSERT INTO `r_trans_attribute` VALUES (644, 3, 0, 'CHANNEL_LOG_TABLE_FIELD_NAME3', 0, 'LOGGING_OBJECT_TYPE');
INSERT INTO `r_trans_attribute` VALUES (645, 3, 0, 'CHANNEL_LOG_TABLE_FIELD_ENABLED3', 0, 'Y');
INSERT INTO `r_trans_attribute` VALUES (646, 3, 0, 'CHANNEL_LOG_TABLE_FIELD_ID4', 0, 'OBJECT_NAME');
INSERT INTO `r_trans_attribute` VALUES (647, 3, 0, 'CHANNEL_LOG_TABLE_FIELD_NAME4', 0, 'OBJECT_NAME');
INSERT INTO `r_trans_attribute` VALUES (648, 3, 0, 'CHANNEL_LOG_TABLE_FIELD_ENABLED4', 0, 'Y');
INSERT INTO `r_trans_attribute` VALUES (649, 3, 0, 'CHANNEL_LOG_TABLE_FIELD_ID5', 0, 'OBJECT_COPY');
INSERT INTO `r_trans_attribute` VALUES (650, 3, 0, 'CHANNEL_LOG_TABLE_FIELD_NAME5', 0, 'OBJECT_COPY');
INSERT INTO `r_trans_attribute` VALUES (651, 3, 0, 'CHANNEL_LOG_TABLE_FIELD_ENABLED5', 0, 'Y');
INSERT INTO `r_trans_attribute` VALUES (652, 3, 0, 'CHANNEL_LOG_TABLE_FIELD_ID6', 0, 'REPOSITORY_DIRECTORY');
INSERT INTO `r_trans_attribute` VALUES (653, 3, 0, 'CHANNEL_LOG_TABLE_FIELD_NAME6', 0, 'REPOSITORY_DIRECTORY');
INSERT INTO `r_trans_attribute` VALUES (654, 3, 0, 'CHANNEL_LOG_TABLE_FIELD_ENABLED6', 0, 'Y');
INSERT INTO `r_trans_attribute` VALUES (655, 3, 0, 'CHANNEL_LOG_TABLE_FIELD_ID7', 0, 'FILENAME');
INSERT INTO `r_trans_attribute` VALUES (656, 3, 0, 'CHANNEL_LOG_TABLE_FIELD_NAME7', 0, 'FILENAME');
INSERT INTO `r_trans_attribute` VALUES (657, 3, 0, 'CHANNEL_LOG_TABLE_FIELD_ENABLED7', 0, 'Y');
INSERT INTO `r_trans_attribute` VALUES (658, 3, 0, 'CHANNEL_LOG_TABLE_FIELD_ID8', 0, 'OBJECT_ID');
INSERT INTO `r_trans_attribute` VALUES (659, 3, 0, 'CHANNEL_LOG_TABLE_FIELD_NAME8', 0, 'OBJECT_ID');
INSERT INTO `r_trans_attribute` VALUES (660, 3, 0, 'CHANNEL_LOG_TABLE_FIELD_ENABLED8', 0, 'Y');
INSERT INTO `r_trans_attribute` VALUES (661, 3, 0, 'CHANNEL_LOG_TABLE_FIELD_ID9', 0, 'OBJECT_REVISION');
INSERT INTO `r_trans_attribute` VALUES (662, 3, 0, 'CHANNEL_LOG_TABLE_FIELD_NAME9', 0, 'OBJECT_REVISION');
INSERT INTO `r_trans_attribute` VALUES (663, 3, 0, 'CHANNEL_LOG_TABLE_FIELD_ENABLED9', 0, 'Y');
INSERT INTO `r_trans_attribute` VALUES (664, 3, 0, 'CHANNEL_LOG_TABLE_FIELD_ID10', 0, 'PARENT_CHANNEL_ID');
INSERT INTO `r_trans_attribute` VALUES (665, 3, 0, 'CHANNEL_LOG_TABLE_FIELD_NAME10', 0, 'PARENT_CHANNEL_ID');
INSERT INTO `r_trans_attribute` VALUES (666, 3, 0, 'CHANNEL_LOG_TABLE_FIELD_ENABLED10', 0, 'Y');
INSERT INTO `r_trans_attribute` VALUES (667, 3, 0, 'CHANNEL_LOG_TABLE_FIELD_ID11', 0, 'ROOT_CHANNEL_ID');
INSERT INTO `r_trans_attribute` VALUES (668, 3, 0, 'CHANNEL_LOG_TABLE_FIELD_NAME11', 0, 'ROOT_CHANNEL_ID');
INSERT INTO `r_trans_attribute` VALUES (669, 3, 0, 'CHANNEL_LOG_TABLE_FIELD_ENABLED11', 0, 'Y');
INSERT INTO `r_trans_attribute` VALUES (670, 4, 0, 'UNIQUE_CONNECTIONS', 0, 'N');
INSERT INTO `r_trans_attribute` VALUES (671, 4, 0, 'FEEDBACK_SHOWN', 0, 'Y');
INSERT INTO `r_trans_attribute` VALUES (672, 4, 0, 'FEEDBACK_SIZE', 50000, NULL);
INSERT INTO `r_trans_attribute` VALUES (673, 4, 0, 'USING_THREAD_PRIORITIES', 0, 'Y');
INSERT INTO `r_trans_attribute` VALUES (674, 4, 0, 'SHARED_FILE', 0, NULL);
INSERT INTO `r_trans_attribute` VALUES (675, 4, 0, 'CAPTURE_STEP_PERFORMANCE', 0, 'N');
INSERT INTO `r_trans_attribute` VALUES (676, 4, 0, 'STEP_PERFORMANCE_CAPTURING_DELAY', 1000, NULL);
INSERT INTO `r_trans_attribute` VALUES (677, 4, 0, 'STEP_PERFORMANCE_CAPTURING_SIZE_LIMIT', 0, '100');
INSERT INTO `r_trans_attribute` VALUES (678, 4, 0, 'STEP_PERFORMANCE_LOG_TABLE', 0, NULL);
INSERT INTO `r_trans_attribute` VALUES (679, 4, 0, 'LOG_SIZE_LIMIT', 0, NULL);
INSERT INTO `r_trans_attribute` VALUES (680, 4, 0, 'LOG_INTERVAL', 0, NULL);
INSERT INTO `r_trans_attribute` VALUES (681, 4, 0, 'TRANSFORMATION_TYPE', 0, 'Normal');
INSERT INTO `r_trans_attribute` VALUES (682, 4, 0, 'SLEEP_TIME_EMPTY', 50, NULL);
INSERT INTO `r_trans_attribute` VALUES (683, 4, 0, 'SLEEP_TIME_FULL', 50, NULL);
INSERT INTO `r_trans_attribute` VALUES (684, 4, 0, 'TRANS_LOG_TABLE_CONNECTION_NAME', 0, NULL);
INSERT INTO `r_trans_attribute` VALUES (685, 4, 0, 'TRANS_LOG_TABLE_SCHEMA_NAME', 0, NULL);
INSERT INTO `r_trans_attribute` VALUES (686, 4, 0, 'TRANS_LOG_TABLE_TABLE_NAME', 0, NULL);
INSERT INTO `r_trans_attribute` VALUES (687, 4, 0, 'TRANS_LOG_TABLE_TIMEOUT_IN_DAYS', 0, NULL);
INSERT INTO `r_trans_attribute` VALUES (688, 4, 0, 'TRANS_LOG_TABLE_FIELD_ID0', 0, 'ID_BATCH');
INSERT INTO `r_trans_attribute` VALUES (689, 4, 0, 'TRANS_LOG_TABLE_FIELD_NAME0', 0, 'ID_BATCH');
INSERT INTO `r_trans_attribute` VALUES (690, 4, 0, 'TRANS_LOG_TABLE_FIELD_ENABLED0', 0, 'Y');
INSERT INTO `r_trans_attribute` VALUES (691, 4, 0, 'TRANS_LOG_TABLE_FIELD_ID1', 0, 'CHANNEL_ID');
INSERT INTO `r_trans_attribute` VALUES (692, 4, 0, 'TRANS_LOG_TABLE_FIELD_NAME1', 0, 'CHANNEL_ID');
INSERT INTO `r_trans_attribute` VALUES (693, 4, 0, 'TRANS_LOG_TABLE_FIELD_ENABLED1', 0, 'Y');
INSERT INTO `r_trans_attribute` VALUES (694, 4, 0, 'TRANS_LOG_TABLE_FIELD_ID2', 0, 'TRANSNAME');
INSERT INTO `r_trans_attribute` VALUES (695, 4, 0, 'TRANS_LOG_TABLE_FIELD_NAME2', 0, 'TRANSNAME');
INSERT INTO `r_trans_attribute` VALUES (696, 4, 0, 'TRANS_LOG_TABLE_FIELD_ENABLED2', 0, 'Y');
INSERT INTO `r_trans_attribute` VALUES (697, 4, 0, 'TRANS_LOG_TABLE_FIELD_ID3', 0, 'STATUS');
INSERT INTO `r_trans_attribute` VALUES (698, 4, 0, 'TRANS_LOG_TABLE_FIELD_NAME3', 0, 'STATUS');
INSERT INTO `r_trans_attribute` VALUES (699, 4, 0, 'TRANS_LOG_TABLE_FIELD_ENABLED3', 0, 'Y');
INSERT INTO `r_trans_attribute` VALUES (700, 4, 0, 'TRANS_LOG_TABLE_FIELD_ID4', 0, 'LINES_READ');
INSERT INTO `r_trans_attribute` VALUES (701, 4, 0, 'TRANS_LOG_TABLE_FIELD_NAME4', 0, 'LINES_READ');
INSERT INTO `r_trans_attribute` VALUES (702, 4, 0, 'TRANS_LOG_TABLE_FIELD_ENABLED4', 0, 'Y');
INSERT INTO `r_trans_attribute` VALUES (703, 4, 0, 'TRANS_LOG_TABLE_FIELD_SUBJECT4', 0, NULL);
INSERT INTO `r_trans_attribute` VALUES (704, 4, 0, 'TRANS_LOG_TABLE_FIELD_ID5', 0, 'LINES_WRITTEN');
INSERT INTO `r_trans_attribute` VALUES (705, 4, 0, 'TRANS_LOG_TABLE_FIELD_NAME5', 0, 'LINES_WRITTEN');
INSERT INTO `r_trans_attribute` VALUES (706, 4, 0, 'TRANS_LOG_TABLE_FIELD_ENABLED5', 0, 'Y');
INSERT INTO `r_trans_attribute` VALUES (707, 4, 0, 'TRANS_LOG_TABLE_FIELD_SUBJECT5', 0, NULL);
INSERT INTO `r_trans_attribute` VALUES (708, 4, 0, 'TRANS_LOG_TABLE_FIELD_ID6', 0, 'LINES_UPDATED');
INSERT INTO `r_trans_attribute` VALUES (709, 4, 0, 'TRANS_LOG_TABLE_FIELD_NAME6', 0, 'LINES_UPDATED');
INSERT INTO `r_trans_attribute` VALUES (710, 4, 0, 'TRANS_LOG_TABLE_FIELD_ENABLED6', 0, 'Y');
INSERT INTO `r_trans_attribute` VALUES (711, 4, 0, 'TRANS_LOG_TABLE_FIELD_SUBJECT6', 0, NULL);
INSERT INTO `r_trans_attribute` VALUES (712, 4, 0, 'TRANS_LOG_TABLE_FIELD_ID7', 0, 'LINES_INPUT');
INSERT INTO `r_trans_attribute` VALUES (713, 4, 0, 'TRANS_LOG_TABLE_FIELD_NAME7', 0, 'LINES_INPUT');
INSERT INTO `r_trans_attribute` VALUES (714, 4, 0, 'TRANS_LOG_TABLE_FIELD_ENABLED7', 0, 'Y');
INSERT INTO `r_trans_attribute` VALUES (715, 4, 0, 'TRANS_LOG_TABLE_FIELD_SUBJECT7', 0, NULL);
INSERT INTO `r_trans_attribute` VALUES (716, 4, 0, 'TRANS_LOG_TABLE_FIELD_ID8', 0, 'LINES_OUTPUT');
INSERT INTO `r_trans_attribute` VALUES (717, 4, 0, 'TRANS_LOG_TABLE_FIELD_NAME8', 0, 'LINES_OUTPUT');
INSERT INTO `r_trans_attribute` VALUES (718, 4, 0, 'TRANS_LOG_TABLE_FIELD_ENABLED8', 0, 'Y');
INSERT INTO `r_trans_attribute` VALUES (719, 4, 0, 'TRANS_LOG_TABLE_FIELD_SUBJECT8', 0, NULL);
INSERT INTO `r_trans_attribute` VALUES (720, 4, 0, 'TRANS_LOG_TABLE_FIELD_ID9', 0, 'LINES_REJECTED');
INSERT INTO `r_trans_attribute` VALUES (721, 4, 0, 'TRANS_LOG_TABLE_FIELD_NAME9', 0, 'LINES_REJECTED');
INSERT INTO `r_trans_attribute` VALUES (722, 4, 0, 'TRANS_LOG_TABLE_FIELD_ENABLED9', 0, 'Y');
INSERT INTO `r_trans_attribute` VALUES (723, 4, 0, 'TRANS_LOG_TABLE_FIELD_SUBJECT9', 0, NULL);
INSERT INTO `r_trans_attribute` VALUES (724, 4, 0, 'TRANS_LOG_TABLE_FIELD_ID10', 0, 'ERRORS');
INSERT INTO `r_trans_attribute` VALUES (725, 4, 0, 'TRANS_LOG_TABLE_FIELD_NAME10', 0, 'ERRORS');
INSERT INTO `r_trans_attribute` VALUES (726, 4, 0, 'TRANS_LOG_TABLE_FIELD_ENABLED10', 0, 'Y');
INSERT INTO `r_trans_attribute` VALUES (727, 4, 0, 'TRANS_LOG_TABLE_FIELD_ID11', 0, 'STARTDATE');
INSERT INTO `r_trans_attribute` VALUES (728, 4, 0, 'TRANS_LOG_TABLE_FIELD_NAME11', 0, 'STARTDATE');
INSERT INTO `r_trans_attribute` VALUES (729, 4, 0, 'TRANS_LOG_TABLE_FIELD_ENABLED11', 0, 'Y');
INSERT INTO `r_trans_attribute` VALUES (730, 4, 0, 'TRANS_LOG_TABLE_FIELD_ID12', 0, 'ENDDATE');
INSERT INTO `r_trans_attribute` VALUES (731, 4, 0, 'TRANS_LOG_TABLE_FIELD_NAME12', 0, 'ENDDATE');
INSERT INTO `r_trans_attribute` VALUES (732, 4, 0, 'TRANS_LOG_TABLE_FIELD_ENABLED12', 0, 'Y');
INSERT INTO `r_trans_attribute` VALUES (733, 4, 0, 'TRANS_LOG_TABLE_FIELD_ID13', 0, 'LOGDATE');
INSERT INTO `r_trans_attribute` VALUES (734, 4, 0, 'TRANS_LOG_TABLE_FIELD_NAME13', 0, 'LOGDATE');
INSERT INTO `r_trans_attribute` VALUES (735, 4, 0, 'TRANS_LOG_TABLE_FIELD_ENABLED13', 0, 'Y');
INSERT INTO `r_trans_attribute` VALUES (736, 4, 0, 'TRANS_LOG_TABLE_FIELD_ID14', 0, 'DEPDATE');
INSERT INTO `r_trans_attribute` VALUES (737, 4, 0, 'TRANS_LOG_TABLE_FIELD_NAME14', 0, 'DEPDATE');
INSERT INTO `r_trans_attribute` VALUES (738, 4, 0, 'TRANS_LOG_TABLE_FIELD_ENABLED14', 0, 'Y');
INSERT INTO `r_trans_attribute` VALUES (739, 4, 0, 'TRANS_LOG_TABLE_FIELD_ID15', 0, 'REPLAYDATE');
INSERT INTO `r_trans_attribute` VALUES (740, 4, 0, 'TRANS_LOG_TABLE_FIELD_NAME15', 0, 'REPLAYDATE');
INSERT INTO `r_trans_attribute` VALUES (741, 4, 0, 'TRANS_LOG_TABLE_FIELD_ENABLED15', 0, 'Y');
INSERT INTO `r_trans_attribute` VALUES (742, 4, 0, 'TRANS_LOG_TABLE_FIELD_ID16', 0, 'LOG_FIELD');
INSERT INTO `r_trans_attribute` VALUES (743, 4, 0, 'TRANS_LOG_TABLE_FIELD_NAME16', 0, 'LOG_FIELD');
INSERT INTO `r_trans_attribute` VALUES (744, 4, 0, 'TRANS_LOG_TABLE_FIELD_ENABLED16', 0, 'Y');
INSERT INTO `r_trans_attribute` VALUES (745, 4, 0, 'TRANS_LOG_TABLE_FIELD_ID17', 0, 'EXECUTING_SERVER');
INSERT INTO `r_trans_attribute` VALUES (746, 4, 0, 'TRANS_LOG_TABLE_FIELD_NAME17', 0, 'EXECUTING_SERVER');
INSERT INTO `r_trans_attribute` VALUES (747, 4, 0, 'TRANS_LOG_TABLE_FIELD_ENABLED17', 0, 'N');
INSERT INTO `r_trans_attribute` VALUES (748, 4, 0, 'TRANS_LOG_TABLE_FIELD_ID18', 0, 'EXECUTING_USER');
INSERT INTO `r_trans_attribute` VALUES (749, 4, 0, 'TRANS_LOG_TABLE_FIELD_NAME18', 0, 'EXECUTING_USER');
INSERT INTO `r_trans_attribute` VALUES (750, 4, 0, 'TRANS_LOG_TABLE_FIELD_ENABLED18', 0, 'N');
INSERT INTO `r_trans_attribute` VALUES (751, 4, 0, 'TRANS_LOG_TABLE_FIELD_ID19', 0, 'CLIENT');
INSERT INTO `r_trans_attribute` VALUES (752, 4, 0, 'TRANS_LOG_TABLE_FIELD_NAME19', 0, 'CLIENT');
INSERT INTO `r_trans_attribute` VALUES (753, 4, 0, 'TRANS_LOG_TABLE_FIELD_ENABLED19', 0, 'N');
INSERT INTO `r_trans_attribute` VALUES (754, 4, 0, 'TRANSLOG_TABLE_INTERVAL', 0, NULL);
INSERT INTO `r_trans_attribute` VALUES (755, 4, 0, 'TRANSLOG_TABLE_SIZE_LIMIT', 0, NULL);
INSERT INTO `r_trans_attribute` VALUES (756, 4, 0, 'STEP_LOG_TABLE_CONNECTION_NAME', 0, NULL);
INSERT INTO `r_trans_attribute` VALUES (757, 4, 0, 'STEP_LOG_TABLE_SCHEMA_NAME', 0, NULL);
INSERT INTO `r_trans_attribute` VALUES (758, 4, 0, 'STEP_LOG_TABLE_TABLE_NAME', 0, NULL);
INSERT INTO `r_trans_attribute` VALUES (759, 4, 0, 'STEP_LOG_TABLE_TIMEOUT_IN_DAYS', 0, NULL);
INSERT INTO `r_trans_attribute` VALUES (760, 4, 0, 'STEP_LOG_TABLE_FIELD_ID0', 0, 'ID_BATCH');
INSERT INTO `r_trans_attribute` VALUES (761, 4, 0, 'STEP_LOG_TABLE_FIELD_NAME0', 0, 'ID_BATCH');
INSERT INTO `r_trans_attribute` VALUES (762, 4, 0, 'STEP_LOG_TABLE_FIELD_ENABLED0', 0, 'Y');
INSERT INTO `r_trans_attribute` VALUES (763, 4, 0, 'STEP_LOG_TABLE_FIELD_ID1', 0, 'CHANNEL_ID');
INSERT INTO `r_trans_attribute` VALUES (764, 4, 0, 'STEP_LOG_TABLE_FIELD_NAME1', 0, 'CHANNEL_ID');
INSERT INTO `r_trans_attribute` VALUES (765, 4, 0, 'STEP_LOG_TABLE_FIELD_ENABLED1', 0, 'Y');
INSERT INTO `r_trans_attribute` VALUES (766, 4, 0, 'STEP_LOG_TABLE_FIELD_ID2', 0, 'LOG_DATE');
INSERT INTO `r_trans_attribute` VALUES (767, 4, 0, 'STEP_LOG_TABLE_FIELD_NAME2', 0, 'LOG_DATE');
INSERT INTO `r_trans_attribute` VALUES (768, 4, 0, 'STEP_LOG_TABLE_FIELD_ENABLED2', 0, 'Y');
INSERT INTO `r_trans_attribute` VALUES (769, 4, 0, 'STEP_LOG_TABLE_FIELD_ID3', 0, 'TRANSNAME');
INSERT INTO `r_trans_attribute` VALUES (770, 4, 0, 'STEP_LOG_TABLE_FIELD_NAME3', 0, 'TRANSNAME');
INSERT INTO `r_trans_attribute` VALUES (771, 4, 0, 'STEP_LOG_TABLE_FIELD_ENABLED3', 0, 'Y');
INSERT INTO `r_trans_attribute` VALUES (772, 4, 0, 'STEP_LOG_TABLE_FIELD_ID4', 0, 'STEPNAME');
INSERT INTO `r_trans_attribute` VALUES (773, 4, 0, 'STEP_LOG_TABLE_FIELD_NAME4', 0, 'STEPNAME');
INSERT INTO `r_trans_attribute` VALUES (774, 4, 0, 'STEP_LOG_TABLE_FIELD_ENABLED4', 0, 'Y');
INSERT INTO `r_trans_attribute` VALUES (775, 4, 0, 'STEP_LOG_TABLE_FIELD_ID5', 0, 'STEP_COPY');
INSERT INTO `r_trans_attribute` VALUES (776, 4, 0, 'STEP_LOG_TABLE_FIELD_NAME5', 0, 'STEP_COPY');
INSERT INTO `r_trans_attribute` VALUES (777, 4, 0, 'STEP_LOG_TABLE_FIELD_ENABLED5', 0, 'Y');
INSERT INTO `r_trans_attribute` VALUES (778, 4, 0, 'STEP_LOG_TABLE_FIELD_ID6', 0, 'LINES_READ');
INSERT INTO `r_trans_attribute` VALUES (779, 4, 0, 'STEP_LOG_TABLE_FIELD_NAME6', 0, 'LINES_READ');
INSERT INTO `r_trans_attribute` VALUES (780, 4, 0, 'STEP_LOG_TABLE_FIELD_ENABLED6', 0, 'Y');
INSERT INTO `r_trans_attribute` VALUES (781, 4, 0, 'STEP_LOG_TABLE_FIELD_ID7', 0, 'LINES_WRITTEN');
INSERT INTO `r_trans_attribute` VALUES (782, 4, 0, 'STEP_LOG_TABLE_FIELD_NAME7', 0, 'LINES_WRITTEN');
INSERT INTO `r_trans_attribute` VALUES (783, 4, 0, 'STEP_LOG_TABLE_FIELD_ENABLED7', 0, 'Y');
INSERT INTO `r_trans_attribute` VALUES (784, 4, 0, 'STEP_LOG_TABLE_FIELD_ID8', 0, 'LINES_UPDATED');
INSERT INTO `r_trans_attribute` VALUES (785, 4, 0, 'STEP_LOG_TABLE_FIELD_NAME8', 0, 'LINES_UPDATED');
INSERT INTO `r_trans_attribute` VALUES (786, 4, 0, 'STEP_LOG_TABLE_FIELD_ENABLED8', 0, 'Y');
INSERT INTO `r_trans_attribute` VALUES (787, 4, 0, 'STEP_LOG_TABLE_FIELD_ID9', 0, 'LINES_INPUT');
INSERT INTO `r_trans_attribute` VALUES (788, 4, 0, 'STEP_LOG_TABLE_FIELD_NAME9', 0, 'LINES_INPUT');
INSERT INTO `r_trans_attribute` VALUES (789, 4, 0, 'STEP_LOG_TABLE_FIELD_ENABLED9', 0, 'Y');
INSERT INTO `r_trans_attribute` VALUES (790, 4, 0, 'STEP_LOG_TABLE_FIELD_ID10', 0, 'LINES_OUTPUT');
INSERT INTO `r_trans_attribute` VALUES (791, 4, 0, 'STEP_LOG_TABLE_FIELD_NAME10', 0, 'LINES_OUTPUT');
INSERT INTO `r_trans_attribute` VALUES (792, 4, 0, 'STEP_LOG_TABLE_FIELD_ENABLED10', 0, 'Y');
INSERT INTO `r_trans_attribute` VALUES (793, 4, 0, 'STEP_LOG_TABLE_FIELD_ID11', 0, 'LINES_REJECTED');
INSERT INTO `r_trans_attribute` VALUES (794, 4, 0, 'STEP_LOG_TABLE_FIELD_NAME11', 0, 'LINES_REJECTED');
INSERT INTO `r_trans_attribute` VALUES (795, 4, 0, 'STEP_LOG_TABLE_FIELD_ENABLED11', 0, 'Y');
INSERT INTO `r_trans_attribute` VALUES (796, 4, 0, 'STEP_LOG_TABLE_FIELD_ID12', 0, 'ERRORS');
INSERT INTO `r_trans_attribute` VALUES (797, 4, 0, 'STEP_LOG_TABLE_FIELD_NAME12', 0, 'ERRORS');
INSERT INTO `r_trans_attribute` VALUES (798, 4, 0, 'STEP_LOG_TABLE_FIELD_ENABLED12', 0, 'Y');
INSERT INTO `r_trans_attribute` VALUES (799, 4, 0, 'STEP_LOG_TABLE_FIELD_ID13', 0, 'LOG_FIELD');
INSERT INTO `r_trans_attribute` VALUES (800, 4, 0, 'STEP_LOG_TABLE_FIELD_NAME13', 0, 'LOG_FIELD');
INSERT INTO `r_trans_attribute` VALUES (801, 4, 0, 'STEP_LOG_TABLE_FIELD_ENABLED13', 0, 'N');
INSERT INTO `r_trans_attribute` VALUES (802, 4, 0, 'PERFORMANCE_LOG_TABLE_CONNECTION_NAME', 0, NULL);
INSERT INTO `r_trans_attribute` VALUES (803, 4, 0, 'PERFORMANCE_LOG_TABLE_SCHEMA_NAME', 0, NULL);
INSERT INTO `r_trans_attribute` VALUES (804, 4, 0, 'PERFORMANCE_LOG_TABLE_TABLE_NAME', 0, NULL);
INSERT INTO `r_trans_attribute` VALUES (805, 4, 0, 'PERFORMANCE_LOG_TABLE_TIMEOUT_IN_DAYS', 0, NULL);
INSERT INTO `r_trans_attribute` VALUES (806, 4, 0, 'PERFORMANCE_LOG_TABLE_FIELD_ID0', 0, 'ID_BATCH');
INSERT INTO `r_trans_attribute` VALUES (807, 4, 0, 'PERFORMANCE_LOG_TABLE_FIELD_NAME0', 0, 'ID_BATCH');
INSERT INTO `r_trans_attribute` VALUES (808, 4, 0, 'PERFORMANCE_LOG_TABLE_FIELD_ENABLED0', 0, 'Y');
INSERT INTO `r_trans_attribute` VALUES (809, 4, 0, 'PERFORMANCE_LOG_TABLE_FIELD_ID1', 0, 'SEQ_NR');
INSERT INTO `r_trans_attribute` VALUES (810, 4, 0, 'PERFORMANCE_LOG_TABLE_FIELD_NAME1', 0, 'SEQ_NR');
INSERT INTO `r_trans_attribute` VALUES (811, 4, 0, 'PERFORMANCE_LOG_TABLE_FIELD_ENABLED1', 0, 'Y');
INSERT INTO `r_trans_attribute` VALUES (812, 4, 0, 'PERFORMANCE_LOG_TABLE_FIELD_ID2', 0, 'LOGDATE');
INSERT INTO `r_trans_attribute` VALUES (813, 4, 0, 'PERFORMANCE_LOG_TABLE_FIELD_NAME2', 0, 'LOGDATE');
INSERT INTO `r_trans_attribute` VALUES (814, 4, 0, 'PERFORMANCE_LOG_TABLE_FIELD_ENABLED2', 0, 'Y');
INSERT INTO `r_trans_attribute` VALUES (815, 4, 0, 'PERFORMANCE_LOG_TABLE_FIELD_ID3', 0, 'TRANSNAME');
INSERT INTO `r_trans_attribute` VALUES (816, 4, 0, 'PERFORMANCE_LOG_TABLE_FIELD_NAME3', 0, 'TRANSNAME');
INSERT INTO `r_trans_attribute` VALUES (817, 4, 0, 'PERFORMANCE_LOG_TABLE_FIELD_ENABLED3', 0, 'Y');
INSERT INTO `r_trans_attribute` VALUES (818, 4, 0, 'PERFORMANCE_LOG_TABLE_FIELD_ID4', 0, 'STEPNAME');
INSERT INTO `r_trans_attribute` VALUES (819, 4, 0, 'PERFORMANCE_LOG_TABLE_FIELD_NAME4', 0, 'STEPNAME');
INSERT INTO `r_trans_attribute` VALUES (820, 4, 0, 'PERFORMANCE_LOG_TABLE_FIELD_ENABLED4', 0, 'Y');
INSERT INTO `r_trans_attribute` VALUES (821, 4, 0, 'PERFORMANCE_LOG_TABLE_FIELD_ID5', 0, 'STEP_COPY');
INSERT INTO `r_trans_attribute` VALUES (822, 4, 0, 'PERFORMANCE_LOG_TABLE_FIELD_NAME5', 0, 'STEP_COPY');
INSERT INTO `r_trans_attribute` VALUES (823, 4, 0, 'PERFORMANCE_LOG_TABLE_FIELD_ENABLED5', 0, 'Y');
INSERT INTO `r_trans_attribute` VALUES (824, 4, 0, 'PERFORMANCE_LOG_TABLE_FIELD_ID6', 0, 'LINES_READ');
INSERT INTO `r_trans_attribute` VALUES (825, 4, 0, 'PERFORMANCE_LOG_TABLE_FIELD_NAME6', 0, 'LINES_READ');
INSERT INTO `r_trans_attribute` VALUES (826, 4, 0, 'PERFORMANCE_LOG_TABLE_FIELD_ENABLED6', 0, 'Y');
INSERT INTO `r_trans_attribute` VALUES (827, 4, 0, 'PERFORMANCE_LOG_TABLE_FIELD_ID7', 0, 'LINES_WRITTEN');
INSERT INTO `r_trans_attribute` VALUES (828, 4, 0, 'PERFORMANCE_LOG_TABLE_FIELD_NAME7', 0, 'LINES_WRITTEN');
INSERT INTO `r_trans_attribute` VALUES (829, 4, 0, 'PERFORMANCE_LOG_TABLE_FIELD_ENABLED7', 0, 'Y');
INSERT INTO `r_trans_attribute` VALUES (830, 4, 0, 'PERFORMANCE_LOG_TABLE_FIELD_ID8', 0, 'LINES_UPDATED');
INSERT INTO `r_trans_attribute` VALUES (831, 4, 0, 'PERFORMANCE_LOG_TABLE_FIELD_NAME8', 0, 'LINES_UPDATED');
INSERT INTO `r_trans_attribute` VALUES (832, 4, 0, 'PERFORMANCE_LOG_TABLE_FIELD_ENABLED8', 0, 'Y');
INSERT INTO `r_trans_attribute` VALUES (833, 4, 0, 'PERFORMANCE_LOG_TABLE_FIELD_ID9', 0, 'LINES_INPUT');
INSERT INTO `r_trans_attribute` VALUES (834, 4, 0, 'PERFORMANCE_LOG_TABLE_FIELD_NAME9', 0, 'LINES_INPUT');
INSERT INTO `r_trans_attribute` VALUES (835, 4, 0, 'PERFORMANCE_LOG_TABLE_FIELD_ENABLED9', 0, 'Y');
INSERT INTO `r_trans_attribute` VALUES (836, 4, 0, 'PERFORMANCE_LOG_TABLE_FIELD_ID10', 0, 'LINES_OUTPUT');
INSERT INTO `r_trans_attribute` VALUES (837, 4, 0, 'PERFORMANCE_LOG_TABLE_FIELD_NAME10', 0, 'LINES_OUTPUT');
INSERT INTO `r_trans_attribute` VALUES (838, 4, 0, 'PERFORMANCE_LOG_TABLE_FIELD_ENABLED10', 0, 'Y');
INSERT INTO `r_trans_attribute` VALUES (839, 4, 0, 'PERFORMANCE_LOG_TABLE_FIELD_ID11', 0, 'LINES_REJECTED');
INSERT INTO `r_trans_attribute` VALUES (840, 4, 0, 'PERFORMANCE_LOG_TABLE_FIELD_NAME11', 0, 'LINES_REJECTED');
INSERT INTO `r_trans_attribute` VALUES (841, 4, 0, 'PERFORMANCE_LOG_TABLE_FIELD_ENABLED11', 0, 'Y');
INSERT INTO `r_trans_attribute` VALUES (842, 4, 0, 'PERFORMANCE_LOG_TABLE_FIELD_ID12', 0, 'ERRORS');
INSERT INTO `r_trans_attribute` VALUES (843, 4, 0, 'PERFORMANCE_LOG_TABLE_FIELD_NAME12', 0, 'ERRORS');
INSERT INTO `r_trans_attribute` VALUES (844, 4, 0, 'PERFORMANCE_LOG_TABLE_FIELD_ENABLED12', 0, 'Y');
INSERT INTO `r_trans_attribute` VALUES (845, 4, 0, 'PERFORMANCE_LOG_TABLE_FIELD_ID13', 0, 'INPUT_BUFFER_ROWS');
INSERT INTO `r_trans_attribute` VALUES (846, 4, 0, 'PERFORMANCE_LOG_TABLE_FIELD_NAME13', 0, 'INPUT_BUFFER_ROWS');
INSERT INTO `r_trans_attribute` VALUES (847, 4, 0, 'PERFORMANCE_LOG_TABLE_FIELD_ENABLED13', 0, 'Y');
INSERT INTO `r_trans_attribute` VALUES (848, 4, 0, 'PERFORMANCE_LOG_TABLE_FIELD_ID14', 0, 'OUTPUT_BUFFER_ROWS');
INSERT INTO `r_trans_attribute` VALUES (849, 4, 0, 'PERFORMANCE_LOG_TABLE_FIELD_NAME14', 0, 'OUTPUT_BUFFER_ROWS');
INSERT INTO `r_trans_attribute` VALUES (850, 4, 0, 'PERFORMANCE_LOG_TABLE_FIELD_ENABLED14', 0, 'Y');
INSERT INTO `r_trans_attribute` VALUES (851, 4, 0, 'PERFORMANCELOG_TABLE_INTERVAL', 0, NULL);
INSERT INTO `r_trans_attribute` VALUES (852, 4, 0, 'CHANNEL_LOG_TABLE_CONNECTION_NAME', 0, NULL);
INSERT INTO `r_trans_attribute` VALUES (853, 4, 0, 'CHANNEL_LOG_TABLE_SCHEMA_NAME', 0, NULL);
INSERT INTO `r_trans_attribute` VALUES (854, 4, 0, 'CHANNEL_LOG_TABLE_TABLE_NAME', 0, NULL);
INSERT INTO `r_trans_attribute` VALUES (855, 4, 0, 'CHANNEL_LOG_TABLE_TIMEOUT_IN_DAYS', 0, NULL);
INSERT INTO `r_trans_attribute` VALUES (856, 4, 0, 'CHANNEL_LOG_TABLE_FIELD_ID0', 0, 'ID_BATCH');
INSERT INTO `r_trans_attribute` VALUES (857, 4, 0, 'CHANNEL_LOG_TABLE_FIELD_NAME0', 0, 'ID_BATCH');
INSERT INTO `r_trans_attribute` VALUES (858, 4, 0, 'CHANNEL_LOG_TABLE_FIELD_ENABLED0', 0, 'Y');
INSERT INTO `r_trans_attribute` VALUES (859, 4, 0, 'CHANNEL_LOG_TABLE_FIELD_ID1', 0, 'CHANNEL_ID');
INSERT INTO `r_trans_attribute` VALUES (860, 4, 0, 'CHANNEL_LOG_TABLE_FIELD_NAME1', 0, 'CHANNEL_ID');
INSERT INTO `r_trans_attribute` VALUES (861, 4, 0, 'CHANNEL_LOG_TABLE_FIELD_ENABLED1', 0, 'Y');
INSERT INTO `r_trans_attribute` VALUES (862, 4, 0, 'CHANNEL_LOG_TABLE_FIELD_ID2', 0, 'LOG_DATE');
INSERT INTO `r_trans_attribute` VALUES (863, 4, 0, 'CHANNEL_LOG_TABLE_FIELD_NAME2', 0, 'LOG_DATE');
INSERT INTO `r_trans_attribute` VALUES (864, 4, 0, 'CHANNEL_LOG_TABLE_FIELD_ENABLED2', 0, 'Y');
INSERT INTO `r_trans_attribute` VALUES (865, 4, 0, 'CHANNEL_LOG_TABLE_FIELD_ID3', 0, 'LOGGING_OBJECT_TYPE');
INSERT INTO `r_trans_attribute` VALUES (866, 4, 0, 'CHANNEL_LOG_TABLE_FIELD_NAME3', 0, 'LOGGING_OBJECT_TYPE');
INSERT INTO `r_trans_attribute` VALUES (867, 4, 0, 'CHANNEL_LOG_TABLE_FIELD_ENABLED3', 0, 'Y');
INSERT INTO `r_trans_attribute` VALUES (868, 4, 0, 'CHANNEL_LOG_TABLE_FIELD_ID4', 0, 'OBJECT_NAME');
INSERT INTO `r_trans_attribute` VALUES (869, 4, 0, 'CHANNEL_LOG_TABLE_FIELD_NAME4', 0, 'OBJECT_NAME');
INSERT INTO `r_trans_attribute` VALUES (870, 4, 0, 'CHANNEL_LOG_TABLE_FIELD_ENABLED4', 0, 'Y');
INSERT INTO `r_trans_attribute` VALUES (871, 4, 0, 'CHANNEL_LOG_TABLE_FIELD_ID5', 0, 'OBJECT_COPY');
INSERT INTO `r_trans_attribute` VALUES (872, 4, 0, 'CHANNEL_LOG_TABLE_FIELD_NAME5', 0, 'OBJECT_COPY');
INSERT INTO `r_trans_attribute` VALUES (873, 4, 0, 'CHANNEL_LOG_TABLE_FIELD_ENABLED5', 0, 'Y');
INSERT INTO `r_trans_attribute` VALUES (874, 4, 0, 'CHANNEL_LOG_TABLE_FIELD_ID6', 0, 'REPOSITORY_DIRECTORY');
INSERT INTO `r_trans_attribute` VALUES (875, 4, 0, 'CHANNEL_LOG_TABLE_FIELD_NAME6', 0, 'REPOSITORY_DIRECTORY');
INSERT INTO `r_trans_attribute` VALUES (876, 4, 0, 'CHANNEL_LOG_TABLE_FIELD_ENABLED6', 0, 'Y');
INSERT INTO `r_trans_attribute` VALUES (877, 4, 0, 'CHANNEL_LOG_TABLE_FIELD_ID7', 0, 'FILENAME');
INSERT INTO `r_trans_attribute` VALUES (878, 4, 0, 'CHANNEL_LOG_TABLE_FIELD_NAME7', 0, 'FILENAME');
INSERT INTO `r_trans_attribute` VALUES (879, 4, 0, 'CHANNEL_LOG_TABLE_FIELD_ENABLED7', 0, 'Y');
INSERT INTO `r_trans_attribute` VALUES (880, 4, 0, 'CHANNEL_LOG_TABLE_FIELD_ID8', 0, 'OBJECT_ID');
INSERT INTO `r_trans_attribute` VALUES (881, 4, 0, 'CHANNEL_LOG_TABLE_FIELD_NAME8', 0, 'OBJECT_ID');
INSERT INTO `r_trans_attribute` VALUES (882, 4, 0, 'CHANNEL_LOG_TABLE_FIELD_ENABLED8', 0, 'Y');
INSERT INTO `r_trans_attribute` VALUES (883, 4, 0, 'CHANNEL_LOG_TABLE_FIELD_ID9', 0, 'OBJECT_REVISION');
INSERT INTO `r_trans_attribute` VALUES (884, 4, 0, 'CHANNEL_LOG_TABLE_FIELD_NAME9', 0, 'OBJECT_REVISION');
INSERT INTO `r_trans_attribute` VALUES (885, 4, 0, 'CHANNEL_LOG_TABLE_FIELD_ENABLED9', 0, 'Y');
INSERT INTO `r_trans_attribute` VALUES (886, 4, 0, 'CHANNEL_LOG_TABLE_FIELD_ID10', 0, 'PARENT_CHANNEL_ID');
INSERT INTO `r_trans_attribute` VALUES (887, 4, 0, 'CHANNEL_LOG_TABLE_FIELD_NAME10', 0, 'PARENT_CHANNEL_ID');
INSERT INTO `r_trans_attribute` VALUES (888, 4, 0, 'CHANNEL_LOG_TABLE_FIELD_ENABLED10', 0, 'Y');
INSERT INTO `r_trans_attribute` VALUES (889, 4, 0, 'CHANNEL_LOG_TABLE_FIELD_ID11', 0, 'ROOT_CHANNEL_ID');
INSERT INTO `r_trans_attribute` VALUES (890, 4, 0, 'CHANNEL_LOG_TABLE_FIELD_NAME11', 0, 'ROOT_CHANNEL_ID');
INSERT INTO `r_trans_attribute` VALUES (891, 4, 0, 'CHANNEL_LOG_TABLE_FIELD_ENABLED11', 0, 'Y');
INSERT INTO `r_trans_attribute` VALUES (1114, 6, 0, 'UNIQUE_CONNECTIONS', 0, 'N');
INSERT INTO `r_trans_attribute` VALUES (1115, 6, 0, 'FEEDBACK_SHOWN', 0, 'Y');
INSERT INTO `r_trans_attribute` VALUES (1116, 6, 0, 'FEEDBACK_SIZE', 50000, NULL);
INSERT INTO `r_trans_attribute` VALUES (1117, 6, 0, 'USING_THREAD_PRIORITIES', 0, 'Y');
INSERT INTO `r_trans_attribute` VALUES (1118, 6, 0, 'SHARED_FILE', 0, NULL);
INSERT INTO `r_trans_attribute` VALUES (1119, 6, 0, 'CAPTURE_STEP_PERFORMANCE', 0, 'N');
INSERT INTO `r_trans_attribute` VALUES (1120, 6, 0, 'STEP_PERFORMANCE_CAPTURING_DELAY', 1000, NULL);
INSERT INTO `r_trans_attribute` VALUES (1121, 6, 0, 'STEP_PERFORMANCE_CAPTURING_SIZE_LIMIT', 0, '100');
INSERT INTO `r_trans_attribute` VALUES (1122, 6, 0, 'STEP_PERFORMANCE_LOG_TABLE', 0, NULL);
INSERT INTO `r_trans_attribute` VALUES (1123, 6, 0, 'LOG_SIZE_LIMIT', 0, NULL);
INSERT INTO `r_trans_attribute` VALUES (1124, 6, 0, 'LOG_INTERVAL', 0, NULL);
INSERT INTO `r_trans_attribute` VALUES (1125, 6, 0, 'TRANSFORMATION_TYPE', 0, 'Normal');
INSERT INTO `r_trans_attribute` VALUES (1126, 6, 0, 'SLEEP_TIME_EMPTY', 50, NULL);
INSERT INTO `r_trans_attribute` VALUES (1127, 6, 0, 'SLEEP_TIME_FULL', 50, NULL);
INSERT INTO `r_trans_attribute` VALUES (1128, 6, 0, 'TRANS_LOG_TABLE_CONNECTION_NAME', 0, NULL);
INSERT INTO `r_trans_attribute` VALUES (1129, 6, 0, 'TRANS_LOG_TABLE_SCHEMA_NAME', 0, NULL);
INSERT INTO `r_trans_attribute` VALUES (1130, 6, 0, 'TRANS_LOG_TABLE_TABLE_NAME', 0, NULL);
INSERT INTO `r_trans_attribute` VALUES (1131, 6, 0, 'TRANS_LOG_TABLE_TIMEOUT_IN_DAYS', 0, NULL);
INSERT INTO `r_trans_attribute` VALUES (1132, 6, 0, 'TRANS_LOG_TABLE_FIELD_ID0', 0, 'ID_BATCH');
INSERT INTO `r_trans_attribute` VALUES (1133, 6, 0, 'TRANS_LOG_TABLE_FIELD_NAME0', 0, 'ID_BATCH');
INSERT INTO `r_trans_attribute` VALUES (1134, 6, 0, 'TRANS_LOG_TABLE_FIELD_ENABLED0', 0, 'Y');
INSERT INTO `r_trans_attribute` VALUES (1135, 6, 0, 'TRANS_LOG_TABLE_FIELD_ID1', 0, 'CHANNEL_ID');
INSERT INTO `r_trans_attribute` VALUES (1136, 6, 0, 'TRANS_LOG_TABLE_FIELD_NAME1', 0, 'CHANNEL_ID');
INSERT INTO `r_trans_attribute` VALUES (1137, 6, 0, 'TRANS_LOG_TABLE_FIELD_ENABLED1', 0, 'Y');
INSERT INTO `r_trans_attribute` VALUES (1138, 6, 0, 'TRANS_LOG_TABLE_FIELD_ID2', 0, 'TRANSNAME');
INSERT INTO `r_trans_attribute` VALUES (1139, 6, 0, 'TRANS_LOG_TABLE_FIELD_NAME2', 0, 'TRANSNAME');
INSERT INTO `r_trans_attribute` VALUES (1140, 6, 0, 'TRANS_LOG_TABLE_FIELD_ENABLED2', 0, 'Y');
INSERT INTO `r_trans_attribute` VALUES (1141, 6, 0, 'TRANS_LOG_TABLE_FIELD_ID3', 0, 'STATUS');
INSERT INTO `r_trans_attribute` VALUES (1142, 6, 0, 'TRANS_LOG_TABLE_FIELD_NAME3', 0, 'STATUS');
INSERT INTO `r_trans_attribute` VALUES (1143, 6, 0, 'TRANS_LOG_TABLE_FIELD_ENABLED3', 0, 'Y');
INSERT INTO `r_trans_attribute` VALUES (1144, 6, 0, 'TRANS_LOG_TABLE_FIELD_ID4', 0, 'LINES_READ');
INSERT INTO `r_trans_attribute` VALUES (1145, 6, 0, 'TRANS_LOG_TABLE_FIELD_NAME4', 0, 'LINES_READ');
INSERT INTO `r_trans_attribute` VALUES (1146, 6, 0, 'TRANS_LOG_TABLE_FIELD_ENABLED4', 0, 'Y');
INSERT INTO `r_trans_attribute` VALUES (1147, 6, 0, 'TRANS_LOG_TABLE_FIELD_SUBJECT4', 0, NULL);
INSERT INTO `r_trans_attribute` VALUES (1148, 6, 0, 'TRANS_LOG_TABLE_FIELD_ID5', 0, 'LINES_WRITTEN');
INSERT INTO `r_trans_attribute` VALUES (1149, 6, 0, 'TRANS_LOG_TABLE_FIELD_NAME5', 0, 'LINES_WRITTEN');
INSERT INTO `r_trans_attribute` VALUES (1150, 6, 0, 'TRANS_LOG_TABLE_FIELD_ENABLED5', 0, 'Y');
INSERT INTO `r_trans_attribute` VALUES (1151, 6, 0, 'TRANS_LOG_TABLE_FIELD_SUBJECT5', 0, NULL);
INSERT INTO `r_trans_attribute` VALUES (1152, 6, 0, 'TRANS_LOG_TABLE_FIELD_ID6', 0, 'LINES_UPDATED');
INSERT INTO `r_trans_attribute` VALUES (1153, 6, 0, 'TRANS_LOG_TABLE_FIELD_NAME6', 0, 'LINES_UPDATED');
INSERT INTO `r_trans_attribute` VALUES (1154, 6, 0, 'TRANS_LOG_TABLE_FIELD_ENABLED6', 0, 'Y');
INSERT INTO `r_trans_attribute` VALUES (1155, 6, 0, 'TRANS_LOG_TABLE_FIELD_SUBJECT6', 0, NULL);
INSERT INTO `r_trans_attribute` VALUES (1156, 6, 0, 'TRANS_LOG_TABLE_FIELD_ID7', 0, 'LINES_INPUT');
INSERT INTO `r_trans_attribute` VALUES (1157, 6, 0, 'TRANS_LOG_TABLE_FIELD_NAME7', 0, 'LINES_INPUT');
INSERT INTO `r_trans_attribute` VALUES (1158, 6, 0, 'TRANS_LOG_TABLE_FIELD_ENABLED7', 0, 'Y');
INSERT INTO `r_trans_attribute` VALUES (1159, 6, 0, 'TRANS_LOG_TABLE_FIELD_SUBJECT7', 0, NULL);
INSERT INTO `r_trans_attribute` VALUES (1160, 6, 0, 'TRANS_LOG_TABLE_FIELD_ID8', 0, 'LINES_OUTPUT');
INSERT INTO `r_trans_attribute` VALUES (1161, 6, 0, 'TRANS_LOG_TABLE_FIELD_NAME8', 0, 'LINES_OUTPUT');
INSERT INTO `r_trans_attribute` VALUES (1162, 6, 0, 'TRANS_LOG_TABLE_FIELD_ENABLED8', 0, 'Y');
INSERT INTO `r_trans_attribute` VALUES (1163, 6, 0, 'TRANS_LOG_TABLE_FIELD_SUBJECT8', 0, NULL);
INSERT INTO `r_trans_attribute` VALUES (1164, 6, 0, 'TRANS_LOG_TABLE_FIELD_ID9', 0, 'LINES_REJECTED');
INSERT INTO `r_trans_attribute` VALUES (1165, 6, 0, 'TRANS_LOG_TABLE_FIELD_NAME9', 0, 'LINES_REJECTED');
INSERT INTO `r_trans_attribute` VALUES (1166, 6, 0, 'TRANS_LOG_TABLE_FIELD_ENABLED9', 0, 'Y');
INSERT INTO `r_trans_attribute` VALUES (1167, 6, 0, 'TRANS_LOG_TABLE_FIELD_SUBJECT9', 0, NULL);
INSERT INTO `r_trans_attribute` VALUES (1168, 6, 0, 'TRANS_LOG_TABLE_FIELD_ID10', 0, 'ERRORS');
INSERT INTO `r_trans_attribute` VALUES (1169, 6, 0, 'TRANS_LOG_TABLE_FIELD_NAME10', 0, 'ERRORS');
INSERT INTO `r_trans_attribute` VALUES (1170, 6, 0, 'TRANS_LOG_TABLE_FIELD_ENABLED10', 0, 'Y');
INSERT INTO `r_trans_attribute` VALUES (1171, 6, 0, 'TRANS_LOG_TABLE_FIELD_ID11', 0, 'STARTDATE');
INSERT INTO `r_trans_attribute` VALUES (1172, 6, 0, 'TRANS_LOG_TABLE_FIELD_NAME11', 0, 'STARTDATE');
INSERT INTO `r_trans_attribute` VALUES (1173, 6, 0, 'TRANS_LOG_TABLE_FIELD_ENABLED11', 0, 'Y');
INSERT INTO `r_trans_attribute` VALUES (1174, 6, 0, 'TRANS_LOG_TABLE_FIELD_ID12', 0, 'ENDDATE');
INSERT INTO `r_trans_attribute` VALUES (1175, 6, 0, 'TRANS_LOG_TABLE_FIELD_NAME12', 0, 'ENDDATE');
INSERT INTO `r_trans_attribute` VALUES (1176, 6, 0, 'TRANS_LOG_TABLE_FIELD_ENABLED12', 0, 'Y');
INSERT INTO `r_trans_attribute` VALUES (1177, 6, 0, 'TRANS_LOG_TABLE_FIELD_ID13', 0, 'LOGDATE');
INSERT INTO `r_trans_attribute` VALUES (1178, 6, 0, 'TRANS_LOG_TABLE_FIELD_NAME13', 0, 'LOGDATE');
INSERT INTO `r_trans_attribute` VALUES (1179, 6, 0, 'TRANS_LOG_TABLE_FIELD_ENABLED13', 0, 'Y');
INSERT INTO `r_trans_attribute` VALUES (1180, 6, 0, 'TRANS_LOG_TABLE_FIELD_ID14', 0, 'DEPDATE');
INSERT INTO `r_trans_attribute` VALUES (1181, 6, 0, 'TRANS_LOG_TABLE_FIELD_NAME14', 0, 'DEPDATE');
INSERT INTO `r_trans_attribute` VALUES (1182, 6, 0, 'TRANS_LOG_TABLE_FIELD_ENABLED14', 0, 'Y');
INSERT INTO `r_trans_attribute` VALUES (1183, 6, 0, 'TRANS_LOG_TABLE_FIELD_ID15', 0, 'REPLAYDATE');
INSERT INTO `r_trans_attribute` VALUES (1184, 6, 0, 'TRANS_LOG_TABLE_FIELD_NAME15', 0, 'REPLAYDATE');
INSERT INTO `r_trans_attribute` VALUES (1185, 6, 0, 'TRANS_LOG_TABLE_FIELD_ENABLED15', 0, 'Y');
INSERT INTO `r_trans_attribute` VALUES (1186, 6, 0, 'TRANS_LOG_TABLE_FIELD_ID16', 0, 'LOG_FIELD');
INSERT INTO `r_trans_attribute` VALUES (1187, 6, 0, 'TRANS_LOG_TABLE_FIELD_NAME16', 0, 'LOG_FIELD');
INSERT INTO `r_trans_attribute` VALUES (1188, 6, 0, 'TRANS_LOG_TABLE_FIELD_ENABLED16', 0, 'Y');
INSERT INTO `r_trans_attribute` VALUES (1189, 6, 0, 'TRANS_LOG_TABLE_FIELD_ID17', 0, 'EXECUTING_SERVER');
INSERT INTO `r_trans_attribute` VALUES (1190, 6, 0, 'TRANS_LOG_TABLE_FIELD_NAME17', 0, 'EXECUTING_SERVER');
INSERT INTO `r_trans_attribute` VALUES (1191, 6, 0, 'TRANS_LOG_TABLE_FIELD_ENABLED17', 0, 'N');
INSERT INTO `r_trans_attribute` VALUES (1192, 6, 0, 'TRANS_LOG_TABLE_FIELD_ID18', 0, 'EXECUTING_USER');
INSERT INTO `r_trans_attribute` VALUES (1193, 6, 0, 'TRANS_LOG_TABLE_FIELD_NAME18', 0, 'EXECUTING_USER');
INSERT INTO `r_trans_attribute` VALUES (1194, 6, 0, 'TRANS_LOG_TABLE_FIELD_ENABLED18', 0, 'N');
INSERT INTO `r_trans_attribute` VALUES (1195, 6, 0, 'TRANS_LOG_TABLE_FIELD_ID19', 0, 'CLIENT');
INSERT INTO `r_trans_attribute` VALUES (1196, 6, 0, 'TRANS_LOG_TABLE_FIELD_NAME19', 0, 'CLIENT');
INSERT INTO `r_trans_attribute` VALUES (1197, 6, 0, 'TRANS_LOG_TABLE_FIELD_ENABLED19', 0, 'N');
INSERT INTO `r_trans_attribute` VALUES (1198, 6, 0, 'TRANSLOG_TABLE_INTERVAL', 0, NULL);
INSERT INTO `r_trans_attribute` VALUES (1199, 6, 0, 'TRANSLOG_TABLE_SIZE_LIMIT', 0, NULL);
INSERT INTO `r_trans_attribute` VALUES (1200, 6, 0, 'STEP_LOG_TABLE_CONNECTION_NAME', 0, NULL);
INSERT INTO `r_trans_attribute` VALUES (1201, 6, 0, 'STEP_LOG_TABLE_SCHEMA_NAME', 0, NULL);
INSERT INTO `r_trans_attribute` VALUES (1202, 6, 0, 'STEP_LOG_TABLE_TABLE_NAME', 0, NULL);
INSERT INTO `r_trans_attribute` VALUES (1203, 6, 0, 'STEP_LOG_TABLE_TIMEOUT_IN_DAYS', 0, NULL);
INSERT INTO `r_trans_attribute` VALUES (1204, 6, 0, 'STEP_LOG_TABLE_FIELD_ID0', 0, 'ID_BATCH');
INSERT INTO `r_trans_attribute` VALUES (1205, 6, 0, 'STEP_LOG_TABLE_FIELD_NAME0', 0, 'ID_BATCH');
INSERT INTO `r_trans_attribute` VALUES (1206, 6, 0, 'STEP_LOG_TABLE_FIELD_ENABLED0', 0, 'Y');
INSERT INTO `r_trans_attribute` VALUES (1207, 6, 0, 'STEP_LOG_TABLE_FIELD_ID1', 0, 'CHANNEL_ID');
INSERT INTO `r_trans_attribute` VALUES (1208, 6, 0, 'STEP_LOG_TABLE_FIELD_NAME1', 0, 'CHANNEL_ID');
INSERT INTO `r_trans_attribute` VALUES (1209, 6, 0, 'STEP_LOG_TABLE_FIELD_ENABLED1', 0, 'Y');
INSERT INTO `r_trans_attribute` VALUES (1210, 6, 0, 'STEP_LOG_TABLE_FIELD_ID2', 0, 'LOG_DATE');
INSERT INTO `r_trans_attribute` VALUES (1211, 6, 0, 'STEP_LOG_TABLE_FIELD_NAME2', 0, 'LOG_DATE');
INSERT INTO `r_trans_attribute` VALUES (1212, 6, 0, 'STEP_LOG_TABLE_FIELD_ENABLED2', 0, 'Y');
INSERT INTO `r_trans_attribute` VALUES (1213, 6, 0, 'STEP_LOG_TABLE_FIELD_ID3', 0, 'TRANSNAME');
INSERT INTO `r_trans_attribute` VALUES (1214, 6, 0, 'STEP_LOG_TABLE_FIELD_NAME3', 0, 'TRANSNAME');
INSERT INTO `r_trans_attribute` VALUES (1215, 6, 0, 'STEP_LOG_TABLE_FIELD_ENABLED3', 0, 'Y');
INSERT INTO `r_trans_attribute` VALUES (1216, 6, 0, 'STEP_LOG_TABLE_FIELD_ID4', 0, 'STEPNAME');
INSERT INTO `r_trans_attribute` VALUES (1217, 6, 0, 'STEP_LOG_TABLE_FIELD_NAME4', 0, 'STEPNAME');
INSERT INTO `r_trans_attribute` VALUES (1218, 6, 0, 'STEP_LOG_TABLE_FIELD_ENABLED4', 0, 'Y');
INSERT INTO `r_trans_attribute` VALUES (1219, 6, 0, 'STEP_LOG_TABLE_FIELD_ID5', 0, 'STEP_COPY');
INSERT INTO `r_trans_attribute` VALUES (1220, 6, 0, 'STEP_LOG_TABLE_FIELD_NAME5', 0, 'STEP_COPY');
INSERT INTO `r_trans_attribute` VALUES (1221, 6, 0, 'STEP_LOG_TABLE_FIELD_ENABLED5', 0, 'Y');
INSERT INTO `r_trans_attribute` VALUES (1222, 6, 0, 'STEP_LOG_TABLE_FIELD_ID6', 0, 'LINES_READ');
INSERT INTO `r_trans_attribute` VALUES (1223, 6, 0, 'STEP_LOG_TABLE_FIELD_NAME6', 0, 'LINES_READ');
INSERT INTO `r_trans_attribute` VALUES (1224, 6, 0, 'STEP_LOG_TABLE_FIELD_ENABLED6', 0, 'Y');
INSERT INTO `r_trans_attribute` VALUES (1225, 6, 0, 'STEP_LOG_TABLE_FIELD_ID7', 0, 'LINES_WRITTEN');
INSERT INTO `r_trans_attribute` VALUES (1226, 6, 0, 'STEP_LOG_TABLE_FIELD_NAME7', 0, 'LINES_WRITTEN');
INSERT INTO `r_trans_attribute` VALUES (1227, 6, 0, 'STEP_LOG_TABLE_FIELD_ENABLED7', 0, 'Y');
INSERT INTO `r_trans_attribute` VALUES (1228, 6, 0, 'STEP_LOG_TABLE_FIELD_ID8', 0, 'LINES_UPDATED');
INSERT INTO `r_trans_attribute` VALUES (1229, 6, 0, 'STEP_LOG_TABLE_FIELD_NAME8', 0, 'LINES_UPDATED');
INSERT INTO `r_trans_attribute` VALUES (1230, 6, 0, 'STEP_LOG_TABLE_FIELD_ENABLED8', 0, 'Y');
INSERT INTO `r_trans_attribute` VALUES (1231, 6, 0, 'STEP_LOG_TABLE_FIELD_ID9', 0, 'LINES_INPUT');
INSERT INTO `r_trans_attribute` VALUES (1232, 6, 0, 'STEP_LOG_TABLE_FIELD_NAME9', 0, 'LINES_INPUT');
INSERT INTO `r_trans_attribute` VALUES (1233, 6, 0, 'STEP_LOG_TABLE_FIELD_ENABLED9', 0, 'Y');
INSERT INTO `r_trans_attribute` VALUES (1234, 6, 0, 'STEP_LOG_TABLE_FIELD_ID10', 0, 'LINES_OUTPUT');
INSERT INTO `r_trans_attribute` VALUES (1235, 6, 0, 'STEP_LOG_TABLE_FIELD_NAME10', 0, 'LINES_OUTPUT');
INSERT INTO `r_trans_attribute` VALUES (1236, 6, 0, 'STEP_LOG_TABLE_FIELD_ENABLED10', 0, 'Y');
INSERT INTO `r_trans_attribute` VALUES (1237, 6, 0, 'STEP_LOG_TABLE_FIELD_ID11', 0, 'LINES_REJECTED');
INSERT INTO `r_trans_attribute` VALUES (1238, 6, 0, 'STEP_LOG_TABLE_FIELD_NAME11', 0, 'LINES_REJECTED');
INSERT INTO `r_trans_attribute` VALUES (1239, 6, 0, 'STEP_LOG_TABLE_FIELD_ENABLED11', 0, 'Y');
INSERT INTO `r_trans_attribute` VALUES (1240, 6, 0, 'STEP_LOG_TABLE_FIELD_ID12', 0, 'ERRORS');
INSERT INTO `r_trans_attribute` VALUES (1241, 6, 0, 'STEP_LOG_TABLE_FIELD_NAME12', 0, 'ERRORS');
INSERT INTO `r_trans_attribute` VALUES (1242, 6, 0, 'STEP_LOG_TABLE_FIELD_ENABLED12', 0, 'Y');
INSERT INTO `r_trans_attribute` VALUES (1243, 6, 0, 'STEP_LOG_TABLE_FIELD_ID13', 0, 'LOG_FIELD');
INSERT INTO `r_trans_attribute` VALUES (1244, 6, 0, 'STEP_LOG_TABLE_FIELD_NAME13', 0, 'LOG_FIELD');
INSERT INTO `r_trans_attribute` VALUES (1245, 6, 0, 'STEP_LOG_TABLE_FIELD_ENABLED13', 0, 'N');
INSERT INTO `r_trans_attribute` VALUES (1246, 6, 0, 'PERFORMANCE_LOG_TABLE_CONNECTION_NAME', 0, NULL);
INSERT INTO `r_trans_attribute` VALUES (1247, 6, 0, 'PERFORMANCE_LOG_TABLE_SCHEMA_NAME', 0, NULL);
INSERT INTO `r_trans_attribute` VALUES (1248, 6, 0, 'PERFORMANCE_LOG_TABLE_TABLE_NAME', 0, NULL);
INSERT INTO `r_trans_attribute` VALUES (1249, 6, 0, 'PERFORMANCE_LOG_TABLE_TIMEOUT_IN_DAYS', 0, NULL);
INSERT INTO `r_trans_attribute` VALUES (1250, 6, 0, 'PERFORMANCE_LOG_TABLE_FIELD_ID0', 0, 'ID_BATCH');
INSERT INTO `r_trans_attribute` VALUES (1251, 6, 0, 'PERFORMANCE_LOG_TABLE_FIELD_NAME0', 0, 'ID_BATCH');
INSERT INTO `r_trans_attribute` VALUES (1252, 6, 0, 'PERFORMANCE_LOG_TABLE_FIELD_ENABLED0', 0, 'Y');
INSERT INTO `r_trans_attribute` VALUES (1253, 6, 0, 'PERFORMANCE_LOG_TABLE_FIELD_ID1', 0, 'SEQ_NR');
INSERT INTO `r_trans_attribute` VALUES (1254, 6, 0, 'PERFORMANCE_LOG_TABLE_FIELD_NAME1', 0, 'SEQ_NR');
INSERT INTO `r_trans_attribute` VALUES (1255, 6, 0, 'PERFORMANCE_LOG_TABLE_FIELD_ENABLED1', 0, 'Y');
INSERT INTO `r_trans_attribute` VALUES (1256, 6, 0, 'PERFORMANCE_LOG_TABLE_FIELD_ID2', 0, 'LOGDATE');
INSERT INTO `r_trans_attribute` VALUES (1257, 6, 0, 'PERFORMANCE_LOG_TABLE_FIELD_NAME2', 0, 'LOGDATE');
INSERT INTO `r_trans_attribute` VALUES (1258, 6, 0, 'PERFORMANCE_LOG_TABLE_FIELD_ENABLED2', 0, 'Y');
INSERT INTO `r_trans_attribute` VALUES (1259, 6, 0, 'PERFORMANCE_LOG_TABLE_FIELD_ID3', 0, 'TRANSNAME');
INSERT INTO `r_trans_attribute` VALUES (1260, 6, 0, 'PERFORMANCE_LOG_TABLE_FIELD_NAME3', 0, 'TRANSNAME');
INSERT INTO `r_trans_attribute` VALUES (1261, 6, 0, 'PERFORMANCE_LOG_TABLE_FIELD_ENABLED3', 0, 'Y');
INSERT INTO `r_trans_attribute` VALUES (1262, 6, 0, 'PERFORMANCE_LOG_TABLE_FIELD_ID4', 0, 'STEPNAME');
INSERT INTO `r_trans_attribute` VALUES (1263, 6, 0, 'PERFORMANCE_LOG_TABLE_FIELD_NAME4', 0, 'STEPNAME');
INSERT INTO `r_trans_attribute` VALUES (1264, 6, 0, 'PERFORMANCE_LOG_TABLE_FIELD_ENABLED4', 0, 'Y');
INSERT INTO `r_trans_attribute` VALUES (1265, 6, 0, 'PERFORMANCE_LOG_TABLE_FIELD_ID5', 0, 'STEP_COPY');
INSERT INTO `r_trans_attribute` VALUES (1266, 6, 0, 'PERFORMANCE_LOG_TABLE_FIELD_NAME5', 0, 'STEP_COPY');
INSERT INTO `r_trans_attribute` VALUES (1267, 6, 0, 'PERFORMANCE_LOG_TABLE_FIELD_ENABLED5', 0, 'Y');
INSERT INTO `r_trans_attribute` VALUES (1268, 6, 0, 'PERFORMANCE_LOG_TABLE_FIELD_ID6', 0, 'LINES_READ');
INSERT INTO `r_trans_attribute` VALUES (1269, 6, 0, 'PERFORMANCE_LOG_TABLE_FIELD_NAME6', 0, 'LINES_READ');
INSERT INTO `r_trans_attribute` VALUES (1270, 6, 0, 'PERFORMANCE_LOG_TABLE_FIELD_ENABLED6', 0, 'Y');
INSERT INTO `r_trans_attribute` VALUES (1271, 6, 0, 'PERFORMANCE_LOG_TABLE_FIELD_ID7', 0, 'LINES_WRITTEN');
INSERT INTO `r_trans_attribute` VALUES (1272, 6, 0, 'PERFORMANCE_LOG_TABLE_FIELD_NAME7', 0, 'LINES_WRITTEN');
INSERT INTO `r_trans_attribute` VALUES (1273, 6, 0, 'PERFORMANCE_LOG_TABLE_FIELD_ENABLED7', 0, 'Y');
INSERT INTO `r_trans_attribute` VALUES (1274, 6, 0, 'PERFORMANCE_LOG_TABLE_FIELD_ID8', 0, 'LINES_UPDATED');
INSERT INTO `r_trans_attribute` VALUES (1275, 6, 0, 'PERFORMANCE_LOG_TABLE_FIELD_NAME8', 0, 'LINES_UPDATED');
INSERT INTO `r_trans_attribute` VALUES (1276, 6, 0, 'PERFORMANCE_LOG_TABLE_FIELD_ENABLED8', 0, 'Y');
INSERT INTO `r_trans_attribute` VALUES (1277, 6, 0, 'PERFORMANCE_LOG_TABLE_FIELD_ID9', 0, 'LINES_INPUT');
INSERT INTO `r_trans_attribute` VALUES (1278, 6, 0, 'PERFORMANCE_LOG_TABLE_FIELD_NAME9', 0, 'LINES_INPUT');
INSERT INTO `r_trans_attribute` VALUES (1279, 6, 0, 'PERFORMANCE_LOG_TABLE_FIELD_ENABLED9', 0, 'Y');
INSERT INTO `r_trans_attribute` VALUES (1280, 6, 0, 'PERFORMANCE_LOG_TABLE_FIELD_ID10', 0, 'LINES_OUTPUT');
INSERT INTO `r_trans_attribute` VALUES (1281, 6, 0, 'PERFORMANCE_LOG_TABLE_FIELD_NAME10', 0, 'LINES_OUTPUT');
INSERT INTO `r_trans_attribute` VALUES (1282, 6, 0, 'PERFORMANCE_LOG_TABLE_FIELD_ENABLED10', 0, 'Y');
INSERT INTO `r_trans_attribute` VALUES (1283, 6, 0, 'PERFORMANCE_LOG_TABLE_FIELD_ID11', 0, 'LINES_REJECTED');
INSERT INTO `r_trans_attribute` VALUES (1284, 6, 0, 'PERFORMANCE_LOG_TABLE_FIELD_NAME11', 0, 'LINES_REJECTED');
INSERT INTO `r_trans_attribute` VALUES (1285, 6, 0, 'PERFORMANCE_LOG_TABLE_FIELD_ENABLED11', 0, 'Y');
INSERT INTO `r_trans_attribute` VALUES (1286, 6, 0, 'PERFORMANCE_LOG_TABLE_FIELD_ID12', 0, 'ERRORS');
INSERT INTO `r_trans_attribute` VALUES (1287, 6, 0, 'PERFORMANCE_LOG_TABLE_FIELD_NAME12', 0, 'ERRORS');
INSERT INTO `r_trans_attribute` VALUES (1288, 6, 0, 'PERFORMANCE_LOG_TABLE_FIELD_ENABLED12', 0, 'Y');
INSERT INTO `r_trans_attribute` VALUES (1289, 6, 0, 'PERFORMANCE_LOG_TABLE_FIELD_ID13', 0, 'INPUT_BUFFER_ROWS');
INSERT INTO `r_trans_attribute` VALUES (1290, 6, 0, 'PERFORMANCE_LOG_TABLE_FIELD_NAME13', 0, 'INPUT_BUFFER_ROWS');
INSERT INTO `r_trans_attribute` VALUES (1291, 6, 0, 'PERFORMANCE_LOG_TABLE_FIELD_ENABLED13', 0, 'Y');
INSERT INTO `r_trans_attribute` VALUES (1292, 6, 0, 'PERFORMANCE_LOG_TABLE_FIELD_ID14', 0, 'OUTPUT_BUFFER_ROWS');
INSERT INTO `r_trans_attribute` VALUES (1293, 6, 0, 'PERFORMANCE_LOG_TABLE_FIELD_NAME14', 0, 'OUTPUT_BUFFER_ROWS');
INSERT INTO `r_trans_attribute` VALUES (1294, 6, 0, 'PERFORMANCE_LOG_TABLE_FIELD_ENABLED14', 0, 'Y');
INSERT INTO `r_trans_attribute` VALUES (1295, 6, 0, 'PERFORMANCELOG_TABLE_INTERVAL', 0, NULL);
INSERT INTO `r_trans_attribute` VALUES (1296, 6, 0, 'CHANNEL_LOG_TABLE_CONNECTION_NAME', 0, NULL);
INSERT INTO `r_trans_attribute` VALUES (1297, 6, 0, 'CHANNEL_LOG_TABLE_SCHEMA_NAME', 0, NULL);
INSERT INTO `r_trans_attribute` VALUES (1298, 6, 0, 'CHANNEL_LOG_TABLE_TABLE_NAME', 0, NULL);
INSERT INTO `r_trans_attribute` VALUES (1299, 6, 0, 'CHANNEL_LOG_TABLE_TIMEOUT_IN_DAYS', 0, NULL);
INSERT INTO `r_trans_attribute` VALUES (1300, 6, 0, 'CHANNEL_LOG_TABLE_FIELD_ID0', 0, 'ID_BATCH');
INSERT INTO `r_trans_attribute` VALUES (1301, 6, 0, 'CHANNEL_LOG_TABLE_FIELD_NAME0', 0, 'ID_BATCH');
INSERT INTO `r_trans_attribute` VALUES (1302, 6, 0, 'CHANNEL_LOG_TABLE_FIELD_ENABLED0', 0, 'Y');
INSERT INTO `r_trans_attribute` VALUES (1303, 6, 0, 'CHANNEL_LOG_TABLE_FIELD_ID1', 0, 'CHANNEL_ID');
INSERT INTO `r_trans_attribute` VALUES (1304, 6, 0, 'CHANNEL_LOG_TABLE_FIELD_NAME1', 0, 'CHANNEL_ID');
INSERT INTO `r_trans_attribute` VALUES (1305, 6, 0, 'CHANNEL_LOG_TABLE_FIELD_ENABLED1', 0, 'Y');
INSERT INTO `r_trans_attribute` VALUES (1306, 6, 0, 'CHANNEL_LOG_TABLE_FIELD_ID2', 0, 'LOG_DATE');
INSERT INTO `r_trans_attribute` VALUES (1307, 6, 0, 'CHANNEL_LOG_TABLE_FIELD_NAME2', 0, 'LOG_DATE');
INSERT INTO `r_trans_attribute` VALUES (1308, 6, 0, 'CHANNEL_LOG_TABLE_FIELD_ENABLED2', 0, 'Y');
INSERT INTO `r_trans_attribute` VALUES (1309, 6, 0, 'CHANNEL_LOG_TABLE_FIELD_ID3', 0, 'LOGGING_OBJECT_TYPE');
INSERT INTO `r_trans_attribute` VALUES (1310, 6, 0, 'CHANNEL_LOG_TABLE_FIELD_NAME3', 0, 'LOGGING_OBJECT_TYPE');
INSERT INTO `r_trans_attribute` VALUES (1311, 6, 0, 'CHANNEL_LOG_TABLE_FIELD_ENABLED3', 0, 'Y');
INSERT INTO `r_trans_attribute` VALUES (1312, 6, 0, 'CHANNEL_LOG_TABLE_FIELD_ID4', 0, 'OBJECT_NAME');
INSERT INTO `r_trans_attribute` VALUES (1313, 6, 0, 'CHANNEL_LOG_TABLE_FIELD_NAME4', 0, 'OBJECT_NAME');
INSERT INTO `r_trans_attribute` VALUES (1314, 6, 0, 'CHANNEL_LOG_TABLE_FIELD_ENABLED4', 0, 'Y');
INSERT INTO `r_trans_attribute` VALUES (1315, 6, 0, 'CHANNEL_LOG_TABLE_FIELD_ID5', 0, 'OBJECT_COPY');
INSERT INTO `r_trans_attribute` VALUES (1316, 6, 0, 'CHANNEL_LOG_TABLE_FIELD_NAME5', 0, 'OBJECT_COPY');
INSERT INTO `r_trans_attribute` VALUES (1317, 6, 0, 'CHANNEL_LOG_TABLE_FIELD_ENABLED5', 0, 'Y');
INSERT INTO `r_trans_attribute` VALUES (1318, 6, 0, 'CHANNEL_LOG_TABLE_FIELD_ID6', 0, 'REPOSITORY_DIRECTORY');
INSERT INTO `r_trans_attribute` VALUES (1319, 6, 0, 'CHANNEL_LOG_TABLE_FIELD_NAME6', 0, 'REPOSITORY_DIRECTORY');
INSERT INTO `r_trans_attribute` VALUES (1320, 6, 0, 'CHANNEL_LOG_TABLE_FIELD_ENABLED6', 0, 'Y');
INSERT INTO `r_trans_attribute` VALUES (1321, 6, 0, 'CHANNEL_LOG_TABLE_FIELD_ID7', 0, 'FILENAME');
INSERT INTO `r_trans_attribute` VALUES (1322, 6, 0, 'CHANNEL_LOG_TABLE_FIELD_NAME7', 0, 'FILENAME');
INSERT INTO `r_trans_attribute` VALUES (1323, 6, 0, 'CHANNEL_LOG_TABLE_FIELD_ENABLED7', 0, 'Y');
INSERT INTO `r_trans_attribute` VALUES (1324, 6, 0, 'CHANNEL_LOG_TABLE_FIELD_ID8', 0, 'OBJECT_ID');
INSERT INTO `r_trans_attribute` VALUES (1325, 6, 0, 'CHANNEL_LOG_TABLE_FIELD_NAME8', 0, 'OBJECT_ID');
INSERT INTO `r_trans_attribute` VALUES (1326, 6, 0, 'CHANNEL_LOG_TABLE_FIELD_ENABLED8', 0, 'Y');
INSERT INTO `r_trans_attribute` VALUES (1327, 6, 0, 'CHANNEL_LOG_TABLE_FIELD_ID9', 0, 'OBJECT_REVISION');
INSERT INTO `r_trans_attribute` VALUES (1328, 6, 0, 'CHANNEL_LOG_TABLE_FIELD_NAME9', 0, 'OBJECT_REVISION');
INSERT INTO `r_trans_attribute` VALUES (1329, 6, 0, 'CHANNEL_LOG_TABLE_FIELD_ENABLED9', 0, 'Y');
INSERT INTO `r_trans_attribute` VALUES (1330, 6, 0, 'CHANNEL_LOG_TABLE_FIELD_ID10', 0, 'PARENT_CHANNEL_ID');
INSERT INTO `r_trans_attribute` VALUES (1331, 6, 0, 'CHANNEL_LOG_TABLE_FIELD_NAME10', 0, 'PARENT_CHANNEL_ID');
INSERT INTO `r_trans_attribute` VALUES (1332, 6, 0, 'CHANNEL_LOG_TABLE_FIELD_ENABLED10', 0, 'Y');
INSERT INTO `r_trans_attribute` VALUES (1333, 6, 0, 'CHANNEL_LOG_TABLE_FIELD_ID11', 0, 'ROOT_CHANNEL_ID');
INSERT INTO `r_trans_attribute` VALUES (1334, 6, 0, 'CHANNEL_LOG_TABLE_FIELD_NAME11', 0, 'ROOT_CHANNEL_ID');
INSERT INTO `r_trans_attribute` VALUES (1335, 6, 0, 'CHANNEL_LOG_TABLE_FIELD_ENABLED11', 0, 'Y');
INSERT INTO `r_trans_attribute` VALUES (1336, 1, 0, 'UNIQUE_CONNECTIONS', 0, 'N');
INSERT INTO `r_trans_attribute` VALUES (1337, 1, 0, 'FEEDBACK_SHOWN', 0, 'Y');
INSERT INTO `r_trans_attribute` VALUES (1338, 1, 0, 'FEEDBACK_SIZE', 50000, NULL);
INSERT INTO `r_trans_attribute` VALUES (1339, 1, 0, 'USING_THREAD_PRIORITIES', 0, 'Y');
INSERT INTO `r_trans_attribute` VALUES (1340, 1, 0, 'SHARED_FILE', 0, NULL);
INSERT INTO `r_trans_attribute` VALUES (1341, 1, 0, 'CAPTURE_STEP_PERFORMANCE', 0, 'N');
INSERT INTO `r_trans_attribute` VALUES (1342, 1, 0, 'STEP_PERFORMANCE_CAPTURING_DELAY', 1000, NULL);
INSERT INTO `r_trans_attribute` VALUES (1343, 1, 0, 'STEP_PERFORMANCE_CAPTURING_SIZE_LIMIT', 0, '100');
INSERT INTO `r_trans_attribute` VALUES (1344, 1, 0, 'STEP_PERFORMANCE_LOG_TABLE', 0, NULL);
INSERT INTO `r_trans_attribute` VALUES (1345, 1, 0, 'LOG_SIZE_LIMIT', 0, NULL);
INSERT INTO `r_trans_attribute` VALUES (1346, 1, 0, 'LOG_INTERVAL', 0, NULL);
INSERT INTO `r_trans_attribute` VALUES (1347, 1, 0, 'TRANSFORMATION_TYPE', 0, 'Normal');
INSERT INTO `r_trans_attribute` VALUES (1348, 1, 0, 'SLEEP_TIME_EMPTY', 50, NULL);
INSERT INTO `r_trans_attribute` VALUES (1349, 1, 0, 'SLEEP_TIME_FULL', 50, NULL);
INSERT INTO `r_trans_attribute` VALUES (1350, 1, 0, 'TRANS_LOG_TABLE_CONNECTION_NAME', 0, NULL);
INSERT INTO `r_trans_attribute` VALUES (1351, 1, 0, 'TRANS_LOG_TABLE_SCHEMA_NAME', 0, NULL);
INSERT INTO `r_trans_attribute` VALUES (1352, 1, 0, 'TRANS_LOG_TABLE_TABLE_NAME', 0, NULL);
INSERT INTO `r_trans_attribute` VALUES (1353, 1, 0, 'TRANS_LOG_TABLE_TIMEOUT_IN_DAYS', 0, NULL);
INSERT INTO `r_trans_attribute` VALUES (1354, 1, 0, 'TRANS_LOG_TABLE_FIELD_ID0', 0, 'ID_BATCH');
INSERT INTO `r_trans_attribute` VALUES (1355, 1, 0, 'TRANS_LOG_TABLE_FIELD_NAME0', 0, 'ID_BATCH');
INSERT INTO `r_trans_attribute` VALUES (1356, 1, 0, 'TRANS_LOG_TABLE_FIELD_ENABLED0', 0, 'Y');
INSERT INTO `r_trans_attribute` VALUES (1357, 1, 0, 'TRANS_LOG_TABLE_FIELD_ID1', 0, 'CHANNEL_ID');
INSERT INTO `r_trans_attribute` VALUES (1358, 1, 0, 'TRANS_LOG_TABLE_FIELD_NAME1', 0, 'CHANNEL_ID');
INSERT INTO `r_trans_attribute` VALUES (1359, 1, 0, 'TRANS_LOG_TABLE_FIELD_ENABLED1', 0, 'Y');
INSERT INTO `r_trans_attribute` VALUES (1360, 1, 0, 'TRANS_LOG_TABLE_FIELD_ID2', 0, 'TRANSNAME');
INSERT INTO `r_trans_attribute` VALUES (1361, 1, 0, 'TRANS_LOG_TABLE_FIELD_NAME2', 0, 'TRANSNAME');
INSERT INTO `r_trans_attribute` VALUES (1362, 1, 0, 'TRANS_LOG_TABLE_FIELD_ENABLED2', 0, 'Y');
INSERT INTO `r_trans_attribute` VALUES (1363, 1, 0, 'TRANS_LOG_TABLE_FIELD_ID3', 0, 'STATUS');
INSERT INTO `r_trans_attribute` VALUES (1364, 1, 0, 'TRANS_LOG_TABLE_FIELD_NAME3', 0, 'STATUS');
INSERT INTO `r_trans_attribute` VALUES (1365, 1, 0, 'TRANS_LOG_TABLE_FIELD_ENABLED3', 0, 'Y');
INSERT INTO `r_trans_attribute` VALUES (1366, 1, 0, 'TRANS_LOG_TABLE_FIELD_ID4', 0, 'LINES_READ');
INSERT INTO `r_trans_attribute` VALUES (1367, 1, 0, 'TRANS_LOG_TABLE_FIELD_NAME4', 0, 'LINES_READ');
INSERT INTO `r_trans_attribute` VALUES (1368, 1, 0, 'TRANS_LOG_TABLE_FIELD_ENABLED4', 0, 'Y');
INSERT INTO `r_trans_attribute` VALUES (1369, 1, 0, 'TRANS_LOG_TABLE_FIELD_SUBJECT4', 0, NULL);
INSERT INTO `r_trans_attribute` VALUES (1370, 1, 0, 'TRANS_LOG_TABLE_FIELD_ID5', 0, 'LINES_WRITTEN');
INSERT INTO `r_trans_attribute` VALUES (1371, 1, 0, 'TRANS_LOG_TABLE_FIELD_NAME5', 0, 'LINES_WRITTEN');
INSERT INTO `r_trans_attribute` VALUES (1372, 1, 0, 'TRANS_LOG_TABLE_FIELD_ENABLED5', 0, 'Y');
INSERT INTO `r_trans_attribute` VALUES (1373, 1, 0, 'TRANS_LOG_TABLE_FIELD_SUBJECT5', 0, NULL);
INSERT INTO `r_trans_attribute` VALUES (1374, 1, 0, 'TRANS_LOG_TABLE_FIELD_ID6', 0, 'LINES_UPDATED');
INSERT INTO `r_trans_attribute` VALUES (1375, 1, 0, 'TRANS_LOG_TABLE_FIELD_NAME6', 0, 'LINES_UPDATED');
INSERT INTO `r_trans_attribute` VALUES (1376, 1, 0, 'TRANS_LOG_TABLE_FIELD_ENABLED6', 0, 'Y');
INSERT INTO `r_trans_attribute` VALUES (1377, 1, 0, 'TRANS_LOG_TABLE_FIELD_SUBJECT6', 0, NULL);
INSERT INTO `r_trans_attribute` VALUES (1378, 1, 0, 'TRANS_LOG_TABLE_FIELD_ID7', 0, 'LINES_INPUT');
INSERT INTO `r_trans_attribute` VALUES (1379, 1, 0, 'TRANS_LOG_TABLE_FIELD_NAME7', 0, 'LINES_INPUT');
INSERT INTO `r_trans_attribute` VALUES (1380, 1, 0, 'TRANS_LOG_TABLE_FIELD_ENABLED7', 0, 'Y');
INSERT INTO `r_trans_attribute` VALUES (1381, 1, 0, 'TRANS_LOG_TABLE_FIELD_SUBJECT7', 0, NULL);
INSERT INTO `r_trans_attribute` VALUES (1382, 1, 0, 'TRANS_LOG_TABLE_FIELD_ID8', 0, 'LINES_OUTPUT');
INSERT INTO `r_trans_attribute` VALUES (1383, 1, 0, 'TRANS_LOG_TABLE_FIELD_NAME8', 0, 'LINES_OUTPUT');
INSERT INTO `r_trans_attribute` VALUES (1384, 1, 0, 'TRANS_LOG_TABLE_FIELD_ENABLED8', 0, 'Y');
INSERT INTO `r_trans_attribute` VALUES (1385, 1, 0, 'TRANS_LOG_TABLE_FIELD_SUBJECT8', 0, NULL);
INSERT INTO `r_trans_attribute` VALUES (1386, 1, 0, 'TRANS_LOG_TABLE_FIELD_ID9', 0, 'LINES_REJECTED');
INSERT INTO `r_trans_attribute` VALUES (1387, 1, 0, 'TRANS_LOG_TABLE_FIELD_NAME9', 0, 'LINES_REJECTED');
INSERT INTO `r_trans_attribute` VALUES (1388, 1, 0, 'TRANS_LOG_TABLE_FIELD_ENABLED9', 0, 'Y');
INSERT INTO `r_trans_attribute` VALUES (1389, 1, 0, 'TRANS_LOG_TABLE_FIELD_SUBJECT9', 0, NULL);
INSERT INTO `r_trans_attribute` VALUES (1390, 1, 0, 'TRANS_LOG_TABLE_FIELD_ID10', 0, 'ERRORS');
INSERT INTO `r_trans_attribute` VALUES (1391, 1, 0, 'TRANS_LOG_TABLE_FIELD_NAME10', 0, 'ERRORS');
INSERT INTO `r_trans_attribute` VALUES (1392, 1, 0, 'TRANS_LOG_TABLE_FIELD_ENABLED10', 0, 'Y');
INSERT INTO `r_trans_attribute` VALUES (1393, 1, 0, 'TRANS_LOG_TABLE_FIELD_ID11', 0, 'STARTDATE');
INSERT INTO `r_trans_attribute` VALUES (1394, 1, 0, 'TRANS_LOG_TABLE_FIELD_NAME11', 0, 'STARTDATE');
INSERT INTO `r_trans_attribute` VALUES (1395, 1, 0, 'TRANS_LOG_TABLE_FIELD_ENABLED11', 0, 'Y');
INSERT INTO `r_trans_attribute` VALUES (1396, 1, 0, 'TRANS_LOG_TABLE_FIELD_ID12', 0, 'ENDDATE');
INSERT INTO `r_trans_attribute` VALUES (1397, 1, 0, 'TRANS_LOG_TABLE_FIELD_NAME12', 0, 'ENDDATE');
INSERT INTO `r_trans_attribute` VALUES (1398, 1, 0, 'TRANS_LOG_TABLE_FIELD_ENABLED12', 0, 'Y');
INSERT INTO `r_trans_attribute` VALUES (1399, 1, 0, 'TRANS_LOG_TABLE_FIELD_ID13', 0, 'LOGDATE');
INSERT INTO `r_trans_attribute` VALUES (1400, 1, 0, 'TRANS_LOG_TABLE_FIELD_NAME13', 0, 'LOGDATE');
INSERT INTO `r_trans_attribute` VALUES (1401, 1, 0, 'TRANS_LOG_TABLE_FIELD_ENABLED13', 0, 'Y');
INSERT INTO `r_trans_attribute` VALUES (1402, 1, 0, 'TRANS_LOG_TABLE_FIELD_ID14', 0, 'DEPDATE');
INSERT INTO `r_trans_attribute` VALUES (1403, 1, 0, 'TRANS_LOG_TABLE_FIELD_NAME14', 0, 'DEPDATE');
INSERT INTO `r_trans_attribute` VALUES (1404, 1, 0, 'TRANS_LOG_TABLE_FIELD_ENABLED14', 0, 'Y');
INSERT INTO `r_trans_attribute` VALUES (1405, 1, 0, 'TRANS_LOG_TABLE_FIELD_ID15', 0, 'REPLAYDATE');
INSERT INTO `r_trans_attribute` VALUES (1406, 1, 0, 'TRANS_LOG_TABLE_FIELD_NAME15', 0, 'REPLAYDATE');
INSERT INTO `r_trans_attribute` VALUES (1407, 1, 0, 'TRANS_LOG_TABLE_FIELD_ENABLED15', 0, 'Y');
INSERT INTO `r_trans_attribute` VALUES (1408, 1, 0, 'TRANS_LOG_TABLE_FIELD_ID16', 0, 'LOG_FIELD');
INSERT INTO `r_trans_attribute` VALUES (1409, 1, 0, 'TRANS_LOG_TABLE_FIELD_NAME16', 0, 'LOG_FIELD');
INSERT INTO `r_trans_attribute` VALUES (1410, 1, 0, 'TRANS_LOG_TABLE_FIELD_ENABLED16', 0, 'Y');
INSERT INTO `r_trans_attribute` VALUES (1411, 1, 0, 'TRANS_LOG_TABLE_FIELD_ID17', 0, 'EXECUTING_SERVER');
INSERT INTO `r_trans_attribute` VALUES (1412, 1, 0, 'TRANS_LOG_TABLE_FIELD_NAME17', 0, 'EXECUTING_SERVER');
INSERT INTO `r_trans_attribute` VALUES (1413, 1, 0, 'TRANS_LOG_TABLE_FIELD_ENABLED17', 0, 'N');
INSERT INTO `r_trans_attribute` VALUES (1414, 1, 0, 'TRANS_LOG_TABLE_FIELD_ID18', 0, 'EXECUTING_USER');
INSERT INTO `r_trans_attribute` VALUES (1415, 1, 0, 'TRANS_LOG_TABLE_FIELD_NAME18', 0, 'EXECUTING_USER');
INSERT INTO `r_trans_attribute` VALUES (1416, 1, 0, 'TRANS_LOG_TABLE_FIELD_ENABLED18', 0, 'N');
INSERT INTO `r_trans_attribute` VALUES (1417, 1, 0, 'TRANS_LOG_TABLE_FIELD_ID19', 0, 'CLIENT');
INSERT INTO `r_trans_attribute` VALUES (1418, 1, 0, 'TRANS_LOG_TABLE_FIELD_NAME19', 0, 'CLIENT');
INSERT INTO `r_trans_attribute` VALUES (1419, 1, 0, 'TRANS_LOG_TABLE_FIELD_ENABLED19', 0, 'N');
INSERT INTO `r_trans_attribute` VALUES (1420, 1, 0, 'TRANSLOG_TABLE_INTERVAL', 0, NULL);
INSERT INTO `r_trans_attribute` VALUES (1421, 1, 0, 'TRANSLOG_TABLE_SIZE_LIMIT', 0, NULL);
INSERT INTO `r_trans_attribute` VALUES (1422, 1, 0, 'STEP_LOG_TABLE_CONNECTION_NAME', 0, NULL);
INSERT INTO `r_trans_attribute` VALUES (1423, 1, 0, 'STEP_LOG_TABLE_SCHEMA_NAME', 0, NULL);
INSERT INTO `r_trans_attribute` VALUES (1424, 1, 0, 'STEP_LOG_TABLE_TABLE_NAME', 0, NULL);
INSERT INTO `r_trans_attribute` VALUES (1425, 1, 0, 'STEP_LOG_TABLE_TIMEOUT_IN_DAYS', 0, NULL);
INSERT INTO `r_trans_attribute` VALUES (1426, 1, 0, 'STEP_LOG_TABLE_FIELD_ID0', 0, 'ID_BATCH');
INSERT INTO `r_trans_attribute` VALUES (1427, 1, 0, 'STEP_LOG_TABLE_FIELD_NAME0', 0, 'ID_BATCH');
INSERT INTO `r_trans_attribute` VALUES (1428, 1, 0, 'STEP_LOG_TABLE_FIELD_ENABLED0', 0, 'Y');
INSERT INTO `r_trans_attribute` VALUES (1429, 1, 0, 'STEP_LOG_TABLE_FIELD_ID1', 0, 'CHANNEL_ID');
INSERT INTO `r_trans_attribute` VALUES (1430, 1, 0, 'STEP_LOG_TABLE_FIELD_NAME1', 0, 'CHANNEL_ID');
INSERT INTO `r_trans_attribute` VALUES (1431, 1, 0, 'STEP_LOG_TABLE_FIELD_ENABLED1', 0, 'Y');
INSERT INTO `r_trans_attribute` VALUES (1432, 1, 0, 'STEP_LOG_TABLE_FIELD_ID2', 0, 'LOG_DATE');
INSERT INTO `r_trans_attribute` VALUES (1433, 1, 0, 'STEP_LOG_TABLE_FIELD_NAME2', 0, 'LOG_DATE');
INSERT INTO `r_trans_attribute` VALUES (1434, 1, 0, 'STEP_LOG_TABLE_FIELD_ENABLED2', 0, 'Y');
INSERT INTO `r_trans_attribute` VALUES (1435, 1, 0, 'STEP_LOG_TABLE_FIELD_ID3', 0, 'TRANSNAME');
INSERT INTO `r_trans_attribute` VALUES (1436, 1, 0, 'STEP_LOG_TABLE_FIELD_NAME3', 0, 'TRANSNAME');
INSERT INTO `r_trans_attribute` VALUES (1437, 1, 0, 'STEP_LOG_TABLE_FIELD_ENABLED3', 0, 'Y');
INSERT INTO `r_trans_attribute` VALUES (1438, 1, 0, 'STEP_LOG_TABLE_FIELD_ID4', 0, 'STEPNAME');
INSERT INTO `r_trans_attribute` VALUES (1439, 1, 0, 'STEP_LOG_TABLE_FIELD_NAME4', 0, 'STEPNAME');
INSERT INTO `r_trans_attribute` VALUES (1440, 1, 0, 'STEP_LOG_TABLE_FIELD_ENABLED4', 0, 'Y');
INSERT INTO `r_trans_attribute` VALUES (1441, 1, 0, 'STEP_LOG_TABLE_FIELD_ID5', 0, 'STEP_COPY');
INSERT INTO `r_trans_attribute` VALUES (1442, 1, 0, 'STEP_LOG_TABLE_FIELD_NAME5', 0, 'STEP_COPY');
INSERT INTO `r_trans_attribute` VALUES (1443, 1, 0, 'STEP_LOG_TABLE_FIELD_ENABLED5', 0, 'Y');
INSERT INTO `r_trans_attribute` VALUES (1444, 1, 0, 'STEP_LOG_TABLE_FIELD_ID6', 0, 'LINES_READ');
INSERT INTO `r_trans_attribute` VALUES (1445, 1, 0, 'STEP_LOG_TABLE_FIELD_NAME6', 0, 'LINES_READ');
INSERT INTO `r_trans_attribute` VALUES (1446, 1, 0, 'STEP_LOG_TABLE_FIELD_ENABLED6', 0, 'Y');
INSERT INTO `r_trans_attribute` VALUES (1447, 1, 0, 'STEP_LOG_TABLE_FIELD_ID7', 0, 'LINES_WRITTEN');
INSERT INTO `r_trans_attribute` VALUES (1448, 1, 0, 'STEP_LOG_TABLE_FIELD_NAME7', 0, 'LINES_WRITTEN');
INSERT INTO `r_trans_attribute` VALUES (1449, 1, 0, 'STEP_LOG_TABLE_FIELD_ENABLED7', 0, 'Y');
INSERT INTO `r_trans_attribute` VALUES (1450, 1, 0, 'STEP_LOG_TABLE_FIELD_ID8', 0, 'LINES_UPDATED');
INSERT INTO `r_trans_attribute` VALUES (1451, 1, 0, 'STEP_LOG_TABLE_FIELD_NAME8', 0, 'LINES_UPDATED');
INSERT INTO `r_trans_attribute` VALUES (1452, 1, 0, 'STEP_LOG_TABLE_FIELD_ENABLED8', 0, 'Y');
INSERT INTO `r_trans_attribute` VALUES (1453, 1, 0, 'STEP_LOG_TABLE_FIELD_ID9', 0, 'LINES_INPUT');
INSERT INTO `r_trans_attribute` VALUES (1454, 1, 0, 'STEP_LOG_TABLE_FIELD_NAME9', 0, 'LINES_INPUT');
INSERT INTO `r_trans_attribute` VALUES (1455, 1, 0, 'STEP_LOG_TABLE_FIELD_ENABLED9', 0, 'Y');
INSERT INTO `r_trans_attribute` VALUES (1456, 1, 0, 'STEP_LOG_TABLE_FIELD_ID10', 0, 'LINES_OUTPUT');
INSERT INTO `r_trans_attribute` VALUES (1457, 1, 0, 'STEP_LOG_TABLE_FIELD_NAME10', 0, 'LINES_OUTPUT');
INSERT INTO `r_trans_attribute` VALUES (1458, 1, 0, 'STEP_LOG_TABLE_FIELD_ENABLED10', 0, 'Y');
INSERT INTO `r_trans_attribute` VALUES (1459, 1, 0, 'STEP_LOG_TABLE_FIELD_ID11', 0, 'LINES_REJECTED');
INSERT INTO `r_trans_attribute` VALUES (1460, 1, 0, 'STEP_LOG_TABLE_FIELD_NAME11', 0, 'LINES_REJECTED');
INSERT INTO `r_trans_attribute` VALUES (1461, 1, 0, 'STEP_LOG_TABLE_FIELD_ENABLED11', 0, 'Y');
INSERT INTO `r_trans_attribute` VALUES (1462, 1, 0, 'STEP_LOG_TABLE_FIELD_ID12', 0, 'ERRORS');
INSERT INTO `r_trans_attribute` VALUES (1463, 1, 0, 'STEP_LOG_TABLE_FIELD_NAME12', 0, 'ERRORS');
INSERT INTO `r_trans_attribute` VALUES (1464, 1, 0, 'STEP_LOG_TABLE_FIELD_ENABLED12', 0, 'Y');
INSERT INTO `r_trans_attribute` VALUES (1465, 1, 0, 'STEP_LOG_TABLE_FIELD_ID13', 0, 'LOG_FIELD');
INSERT INTO `r_trans_attribute` VALUES (1466, 1, 0, 'STEP_LOG_TABLE_FIELD_NAME13', 0, 'LOG_FIELD');
INSERT INTO `r_trans_attribute` VALUES (1467, 1, 0, 'STEP_LOG_TABLE_FIELD_ENABLED13', 0, 'N');
INSERT INTO `r_trans_attribute` VALUES (1468, 1, 0, 'PERFORMANCE_LOG_TABLE_CONNECTION_NAME', 0, NULL);
INSERT INTO `r_trans_attribute` VALUES (1469, 1, 0, 'PERFORMANCE_LOG_TABLE_SCHEMA_NAME', 0, NULL);
INSERT INTO `r_trans_attribute` VALUES (1470, 1, 0, 'PERFORMANCE_LOG_TABLE_TABLE_NAME', 0, NULL);
INSERT INTO `r_trans_attribute` VALUES (1471, 1, 0, 'PERFORMANCE_LOG_TABLE_TIMEOUT_IN_DAYS', 0, NULL);
INSERT INTO `r_trans_attribute` VALUES (1472, 1, 0, 'PERFORMANCE_LOG_TABLE_FIELD_ID0', 0, 'ID_BATCH');
INSERT INTO `r_trans_attribute` VALUES (1473, 1, 0, 'PERFORMANCE_LOG_TABLE_FIELD_NAME0', 0, 'ID_BATCH');
INSERT INTO `r_trans_attribute` VALUES (1474, 1, 0, 'PERFORMANCE_LOG_TABLE_FIELD_ENABLED0', 0, 'Y');
INSERT INTO `r_trans_attribute` VALUES (1475, 1, 0, 'PERFORMANCE_LOG_TABLE_FIELD_ID1', 0, 'SEQ_NR');
INSERT INTO `r_trans_attribute` VALUES (1476, 1, 0, 'PERFORMANCE_LOG_TABLE_FIELD_NAME1', 0, 'SEQ_NR');
INSERT INTO `r_trans_attribute` VALUES (1477, 1, 0, 'PERFORMANCE_LOG_TABLE_FIELD_ENABLED1', 0, 'Y');
INSERT INTO `r_trans_attribute` VALUES (1478, 1, 0, 'PERFORMANCE_LOG_TABLE_FIELD_ID2', 0, 'LOGDATE');
INSERT INTO `r_trans_attribute` VALUES (1479, 1, 0, 'PERFORMANCE_LOG_TABLE_FIELD_NAME2', 0, 'LOGDATE');
INSERT INTO `r_trans_attribute` VALUES (1480, 1, 0, 'PERFORMANCE_LOG_TABLE_FIELD_ENABLED2', 0, 'Y');
INSERT INTO `r_trans_attribute` VALUES (1481, 1, 0, 'PERFORMANCE_LOG_TABLE_FIELD_ID3', 0, 'TRANSNAME');
INSERT INTO `r_trans_attribute` VALUES (1482, 1, 0, 'PERFORMANCE_LOG_TABLE_FIELD_NAME3', 0, 'TRANSNAME');
INSERT INTO `r_trans_attribute` VALUES (1483, 1, 0, 'PERFORMANCE_LOG_TABLE_FIELD_ENABLED3', 0, 'Y');
INSERT INTO `r_trans_attribute` VALUES (1484, 1, 0, 'PERFORMANCE_LOG_TABLE_FIELD_ID4', 0, 'STEPNAME');
INSERT INTO `r_trans_attribute` VALUES (1485, 1, 0, 'PERFORMANCE_LOG_TABLE_FIELD_NAME4', 0, 'STEPNAME');
INSERT INTO `r_trans_attribute` VALUES (1486, 1, 0, 'PERFORMANCE_LOG_TABLE_FIELD_ENABLED4', 0, 'Y');
INSERT INTO `r_trans_attribute` VALUES (1487, 1, 0, 'PERFORMANCE_LOG_TABLE_FIELD_ID5', 0, 'STEP_COPY');
INSERT INTO `r_trans_attribute` VALUES (1488, 1, 0, 'PERFORMANCE_LOG_TABLE_FIELD_NAME5', 0, 'STEP_COPY');
INSERT INTO `r_trans_attribute` VALUES (1489, 1, 0, 'PERFORMANCE_LOG_TABLE_FIELD_ENABLED5', 0, 'Y');
INSERT INTO `r_trans_attribute` VALUES (1490, 1, 0, 'PERFORMANCE_LOG_TABLE_FIELD_ID6', 0, 'LINES_READ');
INSERT INTO `r_trans_attribute` VALUES (1491, 1, 0, 'PERFORMANCE_LOG_TABLE_FIELD_NAME6', 0, 'LINES_READ');
INSERT INTO `r_trans_attribute` VALUES (1492, 1, 0, 'PERFORMANCE_LOG_TABLE_FIELD_ENABLED6', 0, 'Y');
INSERT INTO `r_trans_attribute` VALUES (1493, 1, 0, 'PERFORMANCE_LOG_TABLE_FIELD_ID7', 0, 'LINES_WRITTEN');
INSERT INTO `r_trans_attribute` VALUES (1494, 1, 0, 'PERFORMANCE_LOG_TABLE_FIELD_NAME7', 0, 'LINES_WRITTEN');
INSERT INTO `r_trans_attribute` VALUES (1495, 1, 0, 'PERFORMANCE_LOG_TABLE_FIELD_ENABLED7', 0, 'Y');
INSERT INTO `r_trans_attribute` VALUES (1496, 1, 0, 'PERFORMANCE_LOG_TABLE_FIELD_ID8', 0, 'LINES_UPDATED');
INSERT INTO `r_trans_attribute` VALUES (1497, 1, 0, 'PERFORMANCE_LOG_TABLE_FIELD_NAME8', 0, 'LINES_UPDATED');
INSERT INTO `r_trans_attribute` VALUES (1498, 1, 0, 'PERFORMANCE_LOG_TABLE_FIELD_ENABLED8', 0, 'Y');
INSERT INTO `r_trans_attribute` VALUES (1499, 1, 0, 'PERFORMANCE_LOG_TABLE_FIELD_ID9', 0, 'LINES_INPUT');
INSERT INTO `r_trans_attribute` VALUES (1500, 1, 0, 'PERFORMANCE_LOG_TABLE_FIELD_NAME9', 0, 'LINES_INPUT');
INSERT INTO `r_trans_attribute` VALUES (1501, 1, 0, 'PERFORMANCE_LOG_TABLE_FIELD_ENABLED9', 0, 'Y');
INSERT INTO `r_trans_attribute` VALUES (1502, 1, 0, 'PERFORMANCE_LOG_TABLE_FIELD_ID10', 0, 'LINES_OUTPUT');
INSERT INTO `r_trans_attribute` VALUES (1503, 1, 0, 'PERFORMANCE_LOG_TABLE_FIELD_NAME10', 0, 'LINES_OUTPUT');
INSERT INTO `r_trans_attribute` VALUES (1504, 1, 0, 'PERFORMANCE_LOG_TABLE_FIELD_ENABLED10', 0, 'Y');
INSERT INTO `r_trans_attribute` VALUES (1505, 1, 0, 'PERFORMANCE_LOG_TABLE_FIELD_ID11', 0, 'LINES_REJECTED');
INSERT INTO `r_trans_attribute` VALUES (1506, 1, 0, 'PERFORMANCE_LOG_TABLE_FIELD_NAME11', 0, 'LINES_REJECTED');
INSERT INTO `r_trans_attribute` VALUES (1507, 1, 0, 'PERFORMANCE_LOG_TABLE_FIELD_ENABLED11', 0, 'Y');
INSERT INTO `r_trans_attribute` VALUES (1508, 1, 0, 'PERFORMANCE_LOG_TABLE_FIELD_ID12', 0, 'ERRORS');
INSERT INTO `r_trans_attribute` VALUES (1509, 1, 0, 'PERFORMANCE_LOG_TABLE_FIELD_NAME12', 0, 'ERRORS');
INSERT INTO `r_trans_attribute` VALUES (1510, 1, 0, 'PERFORMANCE_LOG_TABLE_FIELD_ENABLED12', 0, 'Y');
INSERT INTO `r_trans_attribute` VALUES (1511, 1, 0, 'PERFORMANCE_LOG_TABLE_FIELD_ID13', 0, 'INPUT_BUFFER_ROWS');
INSERT INTO `r_trans_attribute` VALUES (1512, 1, 0, 'PERFORMANCE_LOG_TABLE_FIELD_NAME13', 0, 'INPUT_BUFFER_ROWS');
INSERT INTO `r_trans_attribute` VALUES (1513, 1, 0, 'PERFORMANCE_LOG_TABLE_FIELD_ENABLED13', 0, 'Y');
INSERT INTO `r_trans_attribute` VALUES (1514, 1, 0, 'PERFORMANCE_LOG_TABLE_FIELD_ID14', 0, 'OUTPUT_BUFFER_ROWS');
INSERT INTO `r_trans_attribute` VALUES (1515, 1, 0, 'PERFORMANCE_LOG_TABLE_FIELD_NAME14', 0, 'OUTPUT_BUFFER_ROWS');
INSERT INTO `r_trans_attribute` VALUES (1516, 1, 0, 'PERFORMANCE_LOG_TABLE_FIELD_ENABLED14', 0, 'Y');
INSERT INTO `r_trans_attribute` VALUES (1517, 1, 0, 'PERFORMANCELOG_TABLE_INTERVAL', 0, NULL);
INSERT INTO `r_trans_attribute` VALUES (1518, 1, 0, 'CHANNEL_LOG_TABLE_CONNECTION_NAME', 0, NULL);
INSERT INTO `r_trans_attribute` VALUES (1519, 1, 0, 'CHANNEL_LOG_TABLE_SCHEMA_NAME', 0, NULL);
INSERT INTO `r_trans_attribute` VALUES (1520, 1, 0, 'CHANNEL_LOG_TABLE_TABLE_NAME', 0, NULL);
INSERT INTO `r_trans_attribute` VALUES (1521, 1, 0, 'CHANNEL_LOG_TABLE_TIMEOUT_IN_DAYS', 0, NULL);
INSERT INTO `r_trans_attribute` VALUES (1522, 1, 0, 'CHANNEL_LOG_TABLE_FIELD_ID0', 0, 'ID_BATCH');
INSERT INTO `r_trans_attribute` VALUES (1523, 1, 0, 'CHANNEL_LOG_TABLE_FIELD_NAME0', 0, 'ID_BATCH');
INSERT INTO `r_trans_attribute` VALUES (1524, 1, 0, 'CHANNEL_LOG_TABLE_FIELD_ENABLED0', 0, 'Y');
INSERT INTO `r_trans_attribute` VALUES (1525, 1, 0, 'CHANNEL_LOG_TABLE_FIELD_ID1', 0, 'CHANNEL_ID');
INSERT INTO `r_trans_attribute` VALUES (1526, 1, 0, 'CHANNEL_LOG_TABLE_FIELD_NAME1', 0, 'CHANNEL_ID');
INSERT INTO `r_trans_attribute` VALUES (1527, 1, 0, 'CHANNEL_LOG_TABLE_FIELD_ENABLED1', 0, 'Y');
INSERT INTO `r_trans_attribute` VALUES (1528, 1, 0, 'CHANNEL_LOG_TABLE_FIELD_ID2', 0, 'LOG_DATE');
INSERT INTO `r_trans_attribute` VALUES (1529, 1, 0, 'CHANNEL_LOG_TABLE_FIELD_NAME2', 0, 'LOG_DATE');
INSERT INTO `r_trans_attribute` VALUES (1530, 1, 0, 'CHANNEL_LOG_TABLE_FIELD_ENABLED2', 0, 'Y');
INSERT INTO `r_trans_attribute` VALUES (1531, 1, 0, 'CHANNEL_LOG_TABLE_FIELD_ID3', 0, 'LOGGING_OBJECT_TYPE');
INSERT INTO `r_trans_attribute` VALUES (1532, 1, 0, 'CHANNEL_LOG_TABLE_FIELD_NAME3', 0, 'LOGGING_OBJECT_TYPE');
INSERT INTO `r_trans_attribute` VALUES (1533, 1, 0, 'CHANNEL_LOG_TABLE_FIELD_ENABLED3', 0, 'Y');
INSERT INTO `r_trans_attribute` VALUES (1534, 1, 0, 'CHANNEL_LOG_TABLE_FIELD_ID4', 0, 'OBJECT_NAME');
INSERT INTO `r_trans_attribute` VALUES (1535, 1, 0, 'CHANNEL_LOG_TABLE_FIELD_NAME4', 0, 'OBJECT_NAME');
INSERT INTO `r_trans_attribute` VALUES (1536, 1, 0, 'CHANNEL_LOG_TABLE_FIELD_ENABLED4', 0, 'Y');
INSERT INTO `r_trans_attribute` VALUES (1537, 1, 0, 'CHANNEL_LOG_TABLE_FIELD_ID5', 0, 'OBJECT_COPY');
INSERT INTO `r_trans_attribute` VALUES (1538, 1, 0, 'CHANNEL_LOG_TABLE_FIELD_NAME5', 0, 'OBJECT_COPY');
INSERT INTO `r_trans_attribute` VALUES (1539, 1, 0, 'CHANNEL_LOG_TABLE_FIELD_ENABLED5', 0, 'Y');
INSERT INTO `r_trans_attribute` VALUES (1540, 1, 0, 'CHANNEL_LOG_TABLE_FIELD_ID6', 0, 'REPOSITORY_DIRECTORY');
INSERT INTO `r_trans_attribute` VALUES (1541, 1, 0, 'CHANNEL_LOG_TABLE_FIELD_NAME6', 0, 'REPOSITORY_DIRECTORY');
INSERT INTO `r_trans_attribute` VALUES (1542, 1, 0, 'CHANNEL_LOG_TABLE_FIELD_ENABLED6', 0, 'Y');
INSERT INTO `r_trans_attribute` VALUES (1543, 1, 0, 'CHANNEL_LOG_TABLE_FIELD_ID7', 0, 'FILENAME');
INSERT INTO `r_trans_attribute` VALUES (1544, 1, 0, 'CHANNEL_LOG_TABLE_FIELD_NAME7', 0, 'FILENAME');
INSERT INTO `r_trans_attribute` VALUES (1545, 1, 0, 'CHANNEL_LOG_TABLE_FIELD_ENABLED7', 0, 'Y');
INSERT INTO `r_trans_attribute` VALUES (1546, 1, 0, 'CHANNEL_LOG_TABLE_FIELD_ID8', 0, 'OBJECT_ID');
INSERT INTO `r_trans_attribute` VALUES (1547, 1, 0, 'CHANNEL_LOG_TABLE_FIELD_NAME8', 0, 'OBJECT_ID');
INSERT INTO `r_trans_attribute` VALUES (1548, 1, 0, 'CHANNEL_LOG_TABLE_FIELD_ENABLED8', 0, 'Y');
INSERT INTO `r_trans_attribute` VALUES (1549, 1, 0, 'CHANNEL_LOG_TABLE_FIELD_ID9', 0, 'OBJECT_REVISION');
INSERT INTO `r_trans_attribute` VALUES (1550, 1, 0, 'CHANNEL_LOG_TABLE_FIELD_NAME9', 0, 'OBJECT_REVISION');
INSERT INTO `r_trans_attribute` VALUES (1551, 1, 0, 'CHANNEL_LOG_TABLE_FIELD_ENABLED9', 0, 'Y');
INSERT INTO `r_trans_attribute` VALUES (1552, 1, 0, 'CHANNEL_LOG_TABLE_FIELD_ID10', 0, 'PARENT_CHANNEL_ID');
INSERT INTO `r_trans_attribute` VALUES (1553, 1, 0, 'CHANNEL_LOG_TABLE_FIELD_NAME10', 0, 'PARENT_CHANNEL_ID');
INSERT INTO `r_trans_attribute` VALUES (1554, 1, 0, 'CHANNEL_LOG_TABLE_FIELD_ENABLED10', 0, 'Y');
INSERT INTO `r_trans_attribute` VALUES (1555, 1, 0, 'CHANNEL_LOG_TABLE_FIELD_ID11', 0, 'ROOT_CHANNEL_ID');
INSERT INTO `r_trans_attribute` VALUES (1556, 1, 0, 'CHANNEL_LOG_TABLE_FIELD_NAME11', 0, 'ROOT_CHANNEL_ID');
INSERT INTO `r_trans_attribute` VALUES (1557, 1, 0, 'CHANNEL_LOG_TABLE_FIELD_ENABLED11', 0, 'Y');
INSERT INTO `r_trans_attribute` VALUES (1783, 5, 0, 'UNIQUE_CONNECTIONS', 0, 'N');
INSERT INTO `r_trans_attribute` VALUES (1784, 5, 0, 'FEEDBACK_SHOWN', 0, 'Y');
INSERT INTO `r_trans_attribute` VALUES (1785, 5, 0, 'FEEDBACK_SIZE', 50000, NULL);
INSERT INTO `r_trans_attribute` VALUES (1786, 5, 0, 'USING_THREAD_PRIORITIES', 0, 'Y');
INSERT INTO `r_trans_attribute` VALUES (1787, 5, 0, 'SHARED_FILE', 0, NULL);
INSERT INTO `r_trans_attribute` VALUES (1788, 5, 0, 'CAPTURE_STEP_PERFORMANCE', 0, 'N');
INSERT INTO `r_trans_attribute` VALUES (1789, 5, 0, 'STEP_PERFORMANCE_CAPTURING_DELAY', 1000, NULL);
INSERT INTO `r_trans_attribute` VALUES (1790, 5, 0, 'STEP_PERFORMANCE_CAPTURING_SIZE_LIMIT', 0, '100');
INSERT INTO `r_trans_attribute` VALUES (1791, 5, 0, 'STEP_PERFORMANCE_LOG_TABLE', 0, NULL);
INSERT INTO `r_trans_attribute` VALUES (1792, 5, 0, 'LOG_SIZE_LIMIT', 0, NULL);
INSERT INTO `r_trans_attribute` VALUES (1793, 5, 0, 'LOG_INTERVAL', 0, NULL);
INSERT INTO `r_trans_attribute` VALUES (1794, 5, 0, 'TRANSFORMATION_TYPE', 0, 'Normal');
INSERT INTO `r_trans_attribute` VALUES (1795, 5, 0, 'SLEEP_TIME_EMPTY', 50, NULL);
INSERT INTO `r_trans_attribute` VALUES (1796, 5, 0, 'SLEEP_TIME_FULL', 50, NULL);
INSERT INTO `r_trans_attribute` VALUES (1797, 5, 0, 'TRANS_LOG_TABLE_CONNECTION_NAME', 0, NULL);
INSERT INTO `r_trans_attribute` VALUES (1798, 5, 0, 'TRANS_LOG_TABLE_SCHEMA_NAME', 0, NULL);
INSERT INTO `r_trans_attribute` VALUES (1799, 5, 0, 'TRANS_LOG_TABLE_TABLE_NAME', 0, NULL);
INSERT INTO `r_trans_attribute` VALUES (1800, 5, 0, 'TRANS_LOG_TABLE_TIMEOUT_IN_DAYS', 0, NULL);
INSERT INTO `r_trans_attribute` VALUES (1801, 5, 0, 'TRANS_LOG_TABLE_FIELD_ID0', 0, 'ID_BATCH');
INSERT INTO `r_trans_attribute` VALUES (1802, 5, 0, 'TRANS_LOG_TABLE_FIELD_NAME0', 0, 'ID_BATCH');
INSERT INTO `r_trans_attribute` VALUES (1803, 5, 0, 'TRANS_LOG_TABLE_FIELD_ENABLED0', 0, 'Y');
INSERT INTO `r_trans_attribute` VALUES (1804, 5, 0, 'TRANS_LOG_TABLE_FIELD_ID1', 0, 'CHANNEL_ID');
INSERT INTO `r_trans_attribute` VALUES (1805, 5, 0, 'TRANS_LOG_TABLE_FIELD_NAME1', 0, 'CHANNEL_ID');
INSERT INTO `r_trans_attribute` VALUES (1806, 5, 0, 'TRANS_LOG_TABLE_FIELD_ENABLED1', 0, 'Y');
INSERT INTO `r_trans_attribute` VALUES (1807, 5, 0, 'TRANS_LOG_TABLE_FIELD_ID2', 0, 'TRANSNAME');
INSERT INTO `r_trans_attribute` VALUES (1808, 5, 0, 'TRANS_LOG_TABLE_FIELD_NAME2', 0, 'TRANSNAME');
INSERT INTO `r_trans_attribute` VALUES (1809, 5, 0, 'TRANS_LOG_TABLE_FIELD_ENABLED2', 0, 'Y');
INSERT INTO `r_trans_attribute` VALUES (1810, 5, 0, 'TRANS_LOG_TABLE_FIELD_ID3', 0, 'STATUS');
INSERT INTO `r_trans_attribute` VALUES (1811, 5, 0, 'TRANS_LOG_TABLE_FIELD_NAME3', 0, 'STATUS');
INSERT INTO `r_trans_attribute` VALUES (1812, 5, 0, 'TRANS_LOG_TABLE_FIELD_ENABLED3', 0, 'Y');
INSERT INTO `r_trans_attribute` VALUES (1813, 5, 0, 'TRANS_LOG_TABLE_FIELD_ID4', 0, 'LINES_READ');
INSERT INTO `r_trans_attribute` VALUES (1814, 5, 0, 'TRANS_LOG_TABLE_FIELD_NAME4', 0, 'LINES_READ');
INSERT INTO `r_trans_attribute` VALUES (1815, 5, 0, 'TRANS_LOG_TABLE_FIELD_ENABLED4', 0, 'Y');
INSERT INTO `r_trans_attribute` VALUES (1816, 5, 0, 'TRANS_LOG_TABLE_FIELD_SUBJECT4', 0, NULL);
INSERT INTO `r_trans_attribute` VALUES (1817, 5, 0, 'TRANS_LOG_TABLE_FIELD_ID5', 0, 'LINES_WRITTEN');
INSERT INTO `r_trans_attribute` VALUES (1818, 5, 0, 'TRANS_LOG_TABLE_FIELD_NAME5', 0, 'LINES_WRITTEN');
INSERT INTO `r_trans_attribute` VALUES (1819, 5, 0, 'TRANS_LOG_TABLE_FIELD_ENABLED5', 0, 'Y');
INSERT INTO `r_trans_attribute` VALUES (1820, 5, 0, 'TRANS_LOG_TABLE_FIELD_SUBJECT5', 0, NULL);
INSERT INTO `r_trans_attribute` VALUES (1821, 5, 0, 'TRANS_LOG_TABLE_FIELD_ID6', 0, 'LINES_UPDATED');
INSERT INTO `r_trans_attribute` VALUES (1822, 5, 0, 'TRANS_LOG_TABLE_FIELD_NAME6', 0, 'LINES_UPDATED');
INSERT INTO `r_trans_attribute` VALUES (1823, 5, 0, 'TRANS_LOG_TABLE_FIELD_ENABLED6', 0, 'Y');
INSERT INTO `r_trans_attribute` VALUES (1824, 5, 0, 'TRANS_LOG_TABLE_FIELD_SUBJECT6', 0, NULL);
INSERT INTO `r_trans_attribute` VALUES (1825, 5, 0, 'TRANS_LOG_TABLE_FIELD_ID7', 0, 'LINES_INPUT');
INSERT INTO `r_trans_attribute` VALUES (1826, 5, 0, 'TRANS_LOG_TABLE_FIELD_NAME7', 0, 'LINES_INPUT');
INSERT INTO `r_trans_attribute` VALUES (1827, 5, 0, 'TRANS_LOG_TABLE_FIELD_ENABLED7', 0, 'Y');
INSERT INTO `r_trans_attribute` VALUES (1828, 5, 0, 'TRANS_LOG_TABLE_FIELD_SUBJECT7', 0, NULL);
INSERT INTO `r_trans_attribute` VALUES (1829, 5, 0, 'TRANS_LOG_TABLE_FIELD_ID8', 0, 'LINES_OUTPUT');
INSERT INTO `r_trans_attribute` VALUES (1830, 5, 0, 'TRANS_LOG_TABLE_FIELD_NAME8', 0, 'LINES_OUTPUT');
INSERT INTO `r_trans_attribute` VALUES (1831, 5, 0, 'TRANS_LOG_TABLE_FIELD_ENABLED8', 0, 'Y');
INSERT INTO `r_trans_attribute` VALUES (1832, 5, 0, 'TRANS_LOG_TABLE_FIELD_SUBJECT8', 0, NULL);
INSERT INTO `r_trans_attribute` VALUES (1833, 5, 0, 'TRANS_LOG_TABLE_FIELD_ID9', 0, 'LINES_REJECTED');
INSERT INTO `r_trans_attribute` VALUES (1834, 5, 0, 'TRANS_LOG_TABLE_FIELD_NAME9', 0, 'LINES_REJECTED');
INSERT INTO `r_trans_attribute` VALUES (1835, 5, 0, 'TRANS_LOG_TABLE_FIELD_ENABLED9', 0, 'Y');
INSERT INTO `r_trans_attribute` VALUES (1836, 5, 0, 'TRANS_LOG_TABLE_FIELD_SUBJECT9', 0, NULL);
INSERT INTO `r_trans_attribute` VALUES (1837, 5, 0, 'TRANS_LOG_TABLE_FIELD_ID10', 0, 'ERRORS');
INSERT INTO `r_trans_attribute` VALUES (1838, 5, 0, 'TRANS_LOG_TABLE_FIELD_NAME10', 0, 'ERRORS');
INSERT INTO `r_trans_attribute` VALUES (1839, 5, 0, 'TRANS_LOG_TABLE_FIELD_ENABLED10', 0, 'Y');
INSERT INTO `r_trans_attribute` VALUES (1840, 5, 0, 'TRANS_LOG_TABLE_FIELD_ID11', 0, 'STARTDATE');
INSERT INTO `r_trans_attribute` VALUES (1841, 5, 0, 'TRANS_LOG_TABLE_FIELD_NAME11', 0, 'STARTDATE');
INSERT INTO `r_trans_attribute` VALUES (1842, 5, 0, 'TRANS_LOG_TABLE_FIELD_ENABLED11', 0, 'Y');
INSERT INTO `r_trans_attribute` VALUES (1843, 5, 0, 'TRANS_LOG_TABLE_FIELD_ID12', 0, 'ENDDATE');
INSERT INTO `r_trans_attribute` VALUES (1844, 5, 0, 'TRANS_LOG_TABLE_FIELD_NAME12', 0, 'ENDDATE');
INSERT INTO `r_trans_attribute` VALUES (1845, 5, 0, 'TRANS_LOG_TABLE_FIELD_ENABLED12', 0, 'Y');
INSERT INTO `r_trans_attribute` VALUES (1846, 5, 0, 'TRANS_LOG_TABLE_FIELD_ID13', 0, 'LOGDATE');
INSERT INTO `r_trans_attribute` VALUES (1847, 5, 0, 'TRANS_LOG_TABLE_FIELD_NAME13', 0, 'LOGDATE');
INSERT INTO `r_trans_attribute` VALUES (1848, 5, 0, 'TRANS_LOG_TABLE_FIELD_ENABLED13', 0, 'Y');
INSERT INTO `r_trans_attribute` VALUES (1849, 5, 0, 'TRANS_LOG_TABLE_FIELD_ID14', 0, 'DEPDATE');
INSERT INTO `r_trans_attribute` VALUES (1850, 5, 0, 'TRANS_LOG_TABLE_FIELD_NAME14', 0, 'DEPDATE');
INSERT INTO `r_trans_attribute` VALUES (1851, 5, 0, 'TRANS_LOG_TABLE_FIELD_ENABLED14', 0, 'Y');
INSERT INTO `r_trans_attribute` VALUES (1852, 5, 0, 'TRANS_LOG_TABLE_FIELD_ID15', 0, 'REPLAYDATE');
INSERT INTO `r_trans_attribute` VALUES (1853, 5, 0, 'TRANS_LOG_TABLE_FIELD_NAME15', 0, 'REPLAYDATE');
INSERT INTO `r_trans_attribute` VALUES (1854, 5, 0, 'TRANS_LOG_TABLE_FIELD_ENABLED15', 0, 'Y');
INSERT INTO `r_trans_attribute` VALUES (1855, 5, 0, 'TRANS_LOG_TABLE_FIELD_ID16', 0, 'LOG_FIELD');
INSERT INTO `r_trans_attribute` VALUES (1856, 5, 0, 'TRANS_LOG_TABLE_FIELD_NAME16', 0, 'LOG_FIELD');
INSERT INTO `r_trans_attribute` VALUES (1857, 5, 0, 'TRANS_LOG_TABLE_FIELD_ENABLED16', 0, 'Y');
INSERT INTO `r_trans_attribute` VALUES (1858, 5, 0, 'TRANS_LOG_TABLE_FIELD_ID17', 0, 'EXECUTING_SERVER');
INSERT INTO `r_trans_attribute` VALUES (1859, 5, 0, 'TRANS_LOG_TABLE_FIELD_NAME17', 0, 'EXECUTING_SERVER');
INSERT INTO `r_trans_attribute` VALUES (1860, 5, 0, 'TRANS_LOG_TABLE_FIELD_ENABLED17', 0, 'N');
INSERT INTO `r_trans_attribute` VALUES (1861, 5, 0, 'TRANS_LOG_TABLE_FIELD_ID18', 0, 'EXECUTING_USER');
INSERT INTO `r_trans_attribute` VALUES (1862, 5, 0, 'TRANS_LOG_TABLE_FIELD_NAME18', 0, 'EXECUTING_USER');
INSERT INTO `r_trans_attribute` VALUES (1863, 5, 0, 'TRANS_LOG_TABLE_FIELD_ENABLED18', 0, 'N');
INSERT INTO `r_trans_attribute` VALUES (1864, 5, 0, 'TRANS_LOG_TABLE_FIELD_ID19', 0, 'CLIENT');
INSERT INTO `r_trans_attribute` VALUES (1865, 5, 0, 'TRANS_LOG_TABLE_FIELD_NAME19', 0, 'CLIENT');
INSERT INTO `r_trans_attribute` VALUES (1866, 5, 0, 'TRANS_LOG_TABLE_FIELD_ENABLED19', 0, 'N');
INSERT INTO `r_trans_attribute` VALUES (1867, 5, 0, 'TRANSLOG_TABLE_INTERVAL', 0, NULL);
INSERT INTO `r_trans_attribute` VALUES (1868, 5, 0, 'TRANSLOG_TABLE_SIZE_LIMIT', 0, NULL);
INSERT INTO `r_trans_attribute` VALUES (1869, 5, 0, 'STEP_LOG_TABLE_CONNECTION_NAME', 0, NULL);
INSERT INTO `r_trans_attribute` VALUES (1870, 5, 0, 'STEP_LOG_TABLE_SCHEMA_NAME', 0, NULL);
INSERT INTO `r_trans_attribute` VALUES (1871, 5, 0, 'STEP_LOG_TABLE_TABLE_NAME', 0, NULL);
INSERT INTO `r_trans_attribute` VALUES (1872, 5, 0, 'STEP_LOG_TABLE_TIMEOUT_IN_DAYS', 0, NULL);
INSERT INTO `r_trans_attribute` VALUES (1873, 5, 0, 'STEP_LOG_TABLE_FIELD_ID0', 0, 'ID_BATCH');
INSERT INTO `r_trans_attribute` VALUES (1874, 5, 0, 'STEP_LOG_TABLE_FIELD_NAME0', 0, 'ID_BATCH');
INSERT INTO `r_trans_attribute` VALUES (1875, 5, 0, 'STEP_LOG_TABLE_FIELD_ENABLED0', 0, 'Y');
INSERT INTO `r_trans_attribute` VALUES (1876, 5, 0, 'STEP_LOG_TABLE_FIELD_ID1', 0, 'CHANNEL_ID');
INSERT INTO `r_trans_attribute` VALUES (1877, 5, 0, 'STEP_LOG_TABLE_FIELD_NAME1', 0, 'CHANNEL_ID');
INSERT INTO `r_trans_attribute` VALUES (1878, 5, 0, 'STEP_LOG_TABLE_FIELD_ENABLED1', 0, 'Y');
INSERT INTO `r_trans_attribute` VALUES (1879, 5, 0, 'STEP_LOG_TABLE_FIELD_ID2', 0, 'LOG_DATE');
INSERT INTO `r_trans_attribute` VALUES (1880, 5, 0, 'STEP_LOG_TABLE_FIELD_NAME2', 0, 'LOG_DATE');
INSERT INTO `r_trans_attribute` VALUES (1881, 5, 0, 'STEP_LOG_TABLE_FIELD_ENABLED2', 0, 'Y');
INSERT INTO `r_trans_attribute` VALUES (1882, 5, 0, 'STEP_LOG_TABLE_FIELD_ID3', 0, 'TRANSNAME');
INSERT INTO `r_trans_attribute` VALUES (1883, 5, 0, 'STEP_LOG_TABLE_FIELD_NAME3', 0, 'TRANSNAME');
INSERT INTO `r_trans_attribute` VALUES (1884, 5, 0, 'STEP_LOG_TABLE_FIELD_ENABLED3', 0, 'Y');
INSERT INTO `r_trans_attribute` VALUES (1885, 5, 0, 'STEP_LOG_TABLE_FIELD_ID4', 0, 'STEPNAME');
INSERT INTO `r_trans_attribute` VALUES (1886, 5, 0, 'STEP_LOG_TABLE_FIELD_NAME4', 0, 'STEPNAME');
INSERT INTO `r_trans_attribute` VALUES (1887, 5, 0, 'STEP_LOG_TABLE_FIELD_ENABLED4', 0, 'Y');
INSERT INTO `r_trans_attribute` VALUES (1888, 5, 0, 'STEP_LOG_TABLE_FIELD_ID5', 0, 'STEP_COPY');
INSERT INTO `r_trans_attribute` VALUES (1889, 5, 0, 'STEP_LOG_TABLE_FIELD_NAME5', 0, 'STEP_COPY');
INSERT INTO `r_trans_attribute` VALUES (1890, 5, 0, 'STEP_LOG_TABLE_FIELD_ENABLED5', 0, 'Y');
INSERT INTO `r_trans_attribute` VALUES (1891, 5, 0, 'STEP_LOG_TABLE_FIELD_ID6', 0, 'LINES_READ');
INSERT INTO `r_trans_attribute` VALUES (1892, 5, 0, 'STEP_LOG_TABLE_FIELD_NAME6', 0, 'LINES_READ');
INSERT INTO `r_trans_attribute` VALUES (1893, 5, 0, 'STEP_LOG_TABLE_FIELD_ENABLED6', 0, 'Y');
INSERT INTO `r_trans_attribute` VALUES (1894, 5, 0, 'STEP_LOG_TABLE_FIELD_ID7', 0, 'LINES_WRITTEN');
INSERT INTO `r_trans_attribute` VALUES (1895, 5, 0, 'STEP_LOG_TABLE_FIELD_NAME7', 0, 'LINES_WRITTEN');
INSERT INTO `r_trans_attribute` VALUES (1896, 5, 0, 'STEP_LOG_TABLE_FIELD_ENABLED7', 0, 'Y');
INSERT INTO `r_trans_attribute` VALUES (1897, 5, 0, 'STEP_LOG_TABLE_FIELD_ID8', 0, 'LINES_UPDATED');
INSERT INTO `r_trans_attribute` VALUES (1898, 5, 0, 'STEP_LOG_TABLE_FIELD_NAME8', 0, 'LINES_UPDATED');
INSERT INTO `r_trans_attribute` VALUES (1899, 5, 0, 'STEP_LOG_TABLE_FIELD_ENABLED8', 0, 'Y');
INSERT INTO `r_trans_attribute` VALUES (1900, 5, 0, 'STEP_LOG_TABLE_FIELD_ID9', 0, 'LINES_INPUT');
INSERT INTO `r_trans_attribute` VALUES (1901, 5, 0, 'STEP_LOG_TABLE_FIELD_NAME9', 0, 'LINES_INPUT');
INSERT INTO `r_trans_attribute` VALUES (1902, 5, 0, 'STEP_LOG_TABLE_FIELD_ENABLED9', 0, 'Y');
INSERT INTO `r_trans_attribute` VALUES (1903, 5, 0, 'STEP_LOG_TABLE_FIELD_ID10', 0, 'LINES_OUTPUT');
INSERT INTO `r_trans_attribute` VALUES (1904, 5, 0, 'STEP_LOG_TABLE_FIELD_NAME10', 0, 'LINES_OUTPUT');
INSERT INTO `r_trans_attribute` VALUES (1905, 5, 0, 'STEP_LOG_TABLE_FIELD_ENABLED10', 0, 'Y');
INSERT INTO `r_trans_attribute` VALUES (1906, 5, 0, 'STEP_LOG_TABLE_FIELD_ID11', 0, 'LINES_REJECTED');
INSERT INTO `r_trans_attribute` VALUES (1907, 5, 0, 'STEP_LOG_TABLE_FIELD_NAME11', 0, 'LINES_REJECTED');
INSERT INTO `r_trans_attribute` VALUES (1908, 5, 0, 'STEP_LOG_TABLE_FIELD_ENABLED11', 0, 'Y');
INSERT INTO `r_trans_attribute` VALUES (1909, 5, 0, 'STEP_LOG_TABLE_FIELD_ID12', 0, 'ERRORS');
INSERT INTO `r_trans_attribute` VALUES (1910, 5, 0, 'STEP_LOG_TABLE_FIELD_NAME12', 0, 'ERRORS');
INSERT INTO `r_trans_attribute` VALUES (1911, 5, 0, 'STEP_LOG_TABLE_FIELD_ENABLED12', 0, 'Y');
INSERT INTO `r_trans_attribute` VALUES (1912, 5, 0, 'STEP_LOG_TABLE_FIELD_ID13', 0, 'LOG_FIELD');
INSERT INTO `r_trans_attribute` VALUES (1913, 5, 0, 'STEP_LOG_TABLE_FIELD_NAME13', 0, 'LOG_FIELD');
INSERT INTO `r_trans_attribute` VALUES (1914, 5, 0, 'STEP_LOG_TABLE_FIELD_ENABLED13', 0, 'N');
INSERT INTO `r_trans_attribute` VALUES (1915, 5, 0, 'PERFORMANCE_LOG_TABLE_CONNECTION_NAME', 0, NULL);
INSERT INTO `r_trans_attribute` VALUES (1916, 5, 0, 'PERFORMANCE_LOG_TABLE_SCHEMA_NAME', 0, NULL);
INSERT INTO `r_trans_attribute` VALUES (1917, 5, 0, 'PERFORMANCE_LOG_TABLE_TABLE_NAME', 0, NULL);
INSERT INTO `r_trans_attribute` VALUES (1918, 5, 0, 'PERFORMANCE_LOG_TABLE_TIMEOUT_IN_DAYS', 0, NULL);
INSERT INTO `r_trans_attribute` VALUES (1919, 5, 0, 'PERFORMANCE_LOG_TABLE_FIELD_ID0', 0, 'ID_BATCH');
INSERT INTO `r_trans_attribute` VALUES (1920, 5, 0, 'PERFORMANCE_LOG_TABLE_FIELD_NAME0', 0, 'ID_BATCH');
INSERT INTO `r_trans_attribute` VALUES (1921, 5, 0, 'PERFORMANCE_LOG_TABLE_FIELD_ENABLED0', 0, 'Y');
INSERT INTO `r_trans_attribute` VALUES (1922, 5, 0, 'PERFORMANCE_LOG_TABLE_FIELD_ID1', 0, 'SEQ_NR');
INSERT INTO `r_trans_attribute` VALUES (1923, 5, 0, 'PERFORMANCE_LOG_TABLE_FIELD_NAME1', 0, 'SEQ_NR');
INSERT INTO `r_trans_attribute` VALUES (1924, 5, 0, 'PERFORMANCE_LOG_TABLE_FIELD_ENABLED1', 0, 'Y');
INSERT INTO `r_trans_attribute` VALUES (1925, 5, 0, 'PERFORMANCE_LOG_TABLE_FIELD_ID2', 0, 'LOGDATE');
INSERT INTO `r_trans_attribute` VALUES (1926, 5, 0, 'PERFORMANCE_LOG_TABLE_FIELD_NAME2', 0, 'LOGDATE');
INSERT INTO `r_trans_attribute` VALUES (1927, 5, 0, 'PERFORMANCE_LOG_TABLE_FIELD_ENABLED2', 0, 'Y');
INSERT INTO `r_trans_attribute` VALUES (1928, 5, 0, 'PERFORMANCE_LOG_TABLE_FIELD_ID3', 0, 'TRANSNAME');
INSERT INTO `r_trans_attribute` VALUES (1929, 5, 0, 'PERFORMANCE_LOG_TABLE_FIELD_NAME3', 0, 'TRANSNAME');
INSERT INTO `r_trans_attribute` VALUES (1930, 5, 0, 'PERFORMANCE_LOG_TABLE_FIELD_ENABLED3', 0, 'Y');
INSERT INTO `r_trans_attribute` VALUES (1931, 5, 0, 'PERFORMANCE_LOG_TABLE_FIELD_ID4', 0, 'STEPNAME');
INSERT INTO `r_trans_attribute` VALUES (1932, 5, 0, 'PERFORMANCE_LOG_TABLE_FIELD_NAME4', 0, 'STEPNAME');
INSERT INTO `r_trans_attribute` VALUES (1933, 5, 0, 'PERFORMANCE_LOG_TABLE_FIELD_ENABLED4', 0, 'Y');
INSERT INTO `r_trans_attribute` VALUES (1934, 5, 0, 'PERFORMANCE_LOG_TABLE_FIELD_ID5', 0, 'STEP_COPY');
INSERT INTO `r_trans_attribute` VALUES (1935, 5, 0, 'PERFORMANCE_LOG_TABLE_FIELD_NAME5', 0, 'STEP_COPY');
INSERT INTO `r_trans_attribute` VALUES (1936, 5, 0, 'PERFORMANCE_LOG_TABLE_FIELD_ENABLED5', 0, 'Y');
INSERT INTO `r_trans_attribute` VALUES (1937, 5, 0, 'PERFORMANCE_LOG_TABLE_FIELD_ID6', 0, 'LINES_READ');
INSERT INTO `r_trans_attribute` VALUES (1938, 5, 0, 'PERFORMANCE_LOG_TABLE_FIELD_NAME6', 0, 'LINES_READ');
INSERT INTO `r_trans_attribute` VALUES (1939, 5, 0, 'PERFORMANCE_LOG_TABLE_FIELD_ENABLED6', 0, 'Y');
INSERT INTO `r_trans_attribute` VALUES (1940, 5, 0, 'PERFORMANCE_LOG_TABLE_FIELD_ID7', 0, 'LINES_WRITTEN');
INSERT INTO `r_trans_attribute` VALUES (1941, 5, 0, 'PERFORMANCE_LOG_TABLE_FIELD_NAME7', 0, 'LINES_WRITTEN');
INSERT INTO `r_trans_attribute` VALUES (1942, 5, 0, 'PERFORMANCE_LOG_TABLE_FIELD_ENABLED7', 0, 'Y');
INSERT INTO `r_trans_attribute` VALUES (1943, 5, 0, 'PERFORMANCE_LOG_TABLE_FIELD_ID8', 0, 'LINES_UPDATED');
INSERT INTO `r_trans_attribute` VALUES (1944, 5, 0, 'PERFORMANCE_LOG_TABLE_FIELD_NAME8', 0, 'LINES_UPDATED');
INSERT INTO `r_trans_attribute` VALUES (1945, 5, 0, 'PERFORMANCE_LOG_TABLE_FIELD_ENABLED8', 0, 'Y');
INSERT INTO `r_trans_attribute` VALUES (1946, 5, 0, 'PERFORMANCE_LOG_TABLE_FIELD_ID9', 0, 'LINES_INPUT');
INSERT INTO `r_trans_attribute` VALUES (1947, 5, 0, 'PERFORMANCE_LOG_TABLE_FIELD_NAME9', 0, 'LINES_INPUT');
INSERT INTO `r_trans_attribute` VALUES (1948, 5, 0, 'PERFORMANCE_LOG_TABLE_FIELD_ENABLED9', 0, 'Y');
INSERT INTO `r_trans_attribute` VALUES (1949, 5, 0, 'PERFORMANCE_LOG_TABLE_FIELD_ID10', 0, 'LINES_OUTPUT');
INSERT INTO `r_trans_attribute` VALUES (1950, 5, 0, 'PERFORMANCE_LOG_TABLE_FIELD_NAME10', 0, 'LINES_OUTPUT');
INSERT INTO `r_trans_attribute` VALUES (1951, 5, 0, 'PERFORMANCE_LOG_TABLE_FIELD_ENABLED10', 0, 'Y');
INSERT INTO `r_trans_attribute` VALUES (1952, 5, 0, 'PERFORMANCE_LOG_TABLE_FIELD_ID11', 0, 'LINES_REJECTED');
INSERT INTO `r_trans_attribute` VALUES (1953, 5, 0, 'PERFORMANCE_LOG_TABLE_FIELD_NAME11', 0, 'LINES_REJECTED');
INSERT INTO `r_trans_attribute` VALUES (1954, 5, 0, 'PERFORMANCE_LOG_TABLE_FIELD_ENABLED11', 0, 'Y');
INSERT INTO `r_trans_attribute` VALUES (1955, 5, 0, 'PERFORMANCE_LOG_TABLE_FIELD_ID12', 0, 'ERRORS');
INSERT INTO `r_trans_attribute` VALUES (1956, 5, 0, 'PERFORMANCE_LOG_TABLE_FIELD_NAME12', 0, 'ERRORS');
INSERT INTO `r_trans_attribute` VALUES (1957, 5, 0, 'PERFORMANCE_LOG_TABLE_FIELD_ENABLED12', 0, 'Y');
INSERT INTO `r_trans_attribute` VALUES (1958, 5, 0, 'PERFORMANCE_LOG_TABLE_FIELD_ID13', 0, 'INPUT_BUFFER_ROWS');
INSERT INTO `r_trans_attribute` VALUES (1959, 5, 0, 'PERFORMANCE_LOG_TABLE_FIELD_NAME13', 0, 'INPUT_BUFFER_ROWS');
INSERT INTO `r_trans_attribute` VALUES (1960, 5, 0, 'PERFORMANCE_LOG_TABLE_FIELD_ENABLED13', 0, 'Y');
INSERT INTO `r_trans_attribute` VALUES (1961, 5, 0, 'PERFORMANCE_LOG_TABLE_FIELD_ID14', 0, 'OUTPUT_BUFFER_ROWS');
INSERT INTO `r_trans_attribute` VALUES (1962, 5, 0, 'PERFORMANCE_LOG_TABLE_FIELD_NAME14', 0, 'OUTPUT_BUFFER_ROWS');
INSERT INTO `r_trans_attribute` VALUES (1963, 5, 0, 'PERFORMANCE_LOG_TABLE_FIELD_ENABLED14', 0, 'Y');
INSERT INTO `r_trans_attribute` VALUES (1964, 5, 0, 'PERFORMANCELOG_TABLE_INTERVAL', 0, NULL);
INSERT INTO `r_trans_attribute` VALUES (1965, 5, 0, 'CHANNEL_LOG_TABLE_CONNECTION_NAME', 0, NULL);
INSERT INTO `r_trans_attribute` VALUES (1966, 5, 0, 'CHANNEL_LOG_TABLE_SCHEMA_NAME', 0, NULL);
INSERT INTO `r_trans_attribute` VALUES (1967, 5, 0, 'CHANNEL_LOG_TABLE_TABLE_NAME', 0, NULL);
INSERT INTO `r_trans_attribute` VALUES (1968, 5, 0, 'CHANNEL_LOG_TABLE_TIMEOUT_IN_DAYS', 0, NULL);
INSERT INTO `r_trans_attribute` VALUES (1969, 5, 0, 'CHANNEL_LOG_TABLE_FIELD_ID0', 0, 'ID_BATCH');
INSERT INTO `r_trans_attribute` VALUES (1970, 5, 0, 'CHANNEL_LOG_TABLE_FIELD_NAME0', 0, 'ID_BATCH');
INSERT INTO `r_trans_attribute` VALUES (1971, 5, 0, 'CHANNEL_LOG_TABLE_FIELD_ENABLED0', 0, 'Y');
INSERT INTO `r_trans_attribute` VALUES (1972, 5, 0, 'CHANNEL_LOG_TABLE_FIELD_ID1', 0, 'CHANNEL_ID');
INSERT INTO `r_trans_attribute` VALUES (1973, 5, 0, 'CHANNEL_LOG_TABLE_FIELD_NAME1', 0, 'CHANNEL_ID');
INSERT INTO `r_trans_attribute` VALUES (1974, 5, 0, 'CHANNEL_LOG_TABLE_FIELD_ENABLED1', 0, 'Y');
INSERT INTO `r_trans_attribute` VALUES (1975, 5, 0, 'CHANNEL_LOG_TABLE_FIELD_ID2', 0, 'LOG_DATE');
INSERT INTO `r_trans_attribute` VALUES (1976, 5, 0, 'CHANNEL_LOG_TABLE_FIELD_NAME2', 0, 'LOG_DATE');
INSERT INTO `r_trans_attribute` VALUES (1977, 5, 0, 'CHANNEL_LOG_TABLE_FIELD_ENABLED2', 0, 'Y');
INSERT INTO `r_trans_attribute` VALUES (1978, 5, 0, 'CHANNEL_LOG_TABLE_FIELD_ID3', 0, 'LOGGING_OBJECT_TYPE');
INSERT INTO `r_trans_attribute` VALUES (1979, 5, 0, 'CHANNEL_LOG_TABLE_FIELD_NAME3', 0, 'LOGGING_OBJECT_TYPE');
INSERT INTO `r_trans_attribute` VALUES (1980, 5, 0, 'CHANNEL_LOG_TABLE_FIELD_ENABLED3', 0, 'Y');
INSERT INTO `r_trans_attribute` VALUES (1981, 5, 0, 'CHANNEL_LOG_TABLE_FIELD_ID4', 0, 'OBJECT_NAME');
INSERT INTO `r_trans_attribute` VALUES (1982, 5, 0, 'CHANNEL_LOG_TABLE_FIELD_NAME4', 0, 'OBJECT_NAME');
INSERT INTO `r_trans_attribute` VALUES (1983, 5, 0, 'CHANNEL_LOG_TABLE_FIELD_ENABLED4', 0, 'Y');
INSERT INTO `r_trans_attribute` VALUES (1984, 5, 0, 'CHANNEL_LOG_TABLE_FIELD_ID5', 0, 'OBJECT_COPY');
INSERT INTO `r_trans_attribute` VALUES (1985, 5, 0, 'CHANNEL_LOG_TABLE_FIELD_NAME5', 0, 'OBJECT_COPY');
INSERT INTO `r_trans_attribute` VALUES (1986, 5, 0, 'CHANNEL_LOG_TABLE_FIELD_ENABLED5', 0, 'Y');
INSERT INTO `r_trans_attribute` VALUES (1987, 5, 0, 'CHANNEL_LOG_TABLE_FIELD_ID6', 0, 'REPOSITORY_DIRECTORY');
INSERT INTO `r_trans_attribute` VALUES (1988, 5, 0, 'CHANNEL_LOG_TABLE_FIELD_NAME6', 0, 'REPOSITORY_DIRECTORY');
INSERT INTO `r_trans_attribute` VALUES (1989, 5, 0, 'CHANNEL_LOG_TABLE_FIELD_ENABLED6', 0, 'Y');
INSERT INTO `r_trans_attribute` VALUES (1990, 5, 0, 'CHANNEL_LOG_TABLE_FIELD_ID7', 0, 'FILENAME');
INSERT INTO `r_trans_attribute` VALUES (1991, 5, 0, 'CHANNEL_LOG_TABLE_FIELD_NAME7', 0, 'FILENAME');
INSERT INTO `r_trans_attribute` VALUES (1992, 5, 0, 'CHANNEL_LOG_TABLE_FIELD_ENABLED7', 0, 'Y');
INSERT INTO `r_trans_attribute` VALUES (1993, 5, 0, 'CHANNEL_LOG_TABLE_FIELD_ID8', 0, 'OBJECT_ID');
INSERT INTO `r_trans_attribute` VALUES (1994, 5, 0, 'CHANNEL_LOG_TABLE_FIELD_NAME8', 0, 'OBJECT_ID');
INSERT INTO `r_trans_attribute` VALUES (1995, 5, 0, 'CHANNEL_LOG_TABLE_FIELD_ENABLED8', 0, 'Y');
INSERT INTO `r_trans_attribute` VALUES (1996, 5, 0, 'CHANNEL_LOG_TABLE_FIELD_ID9', 0, 'OBJECT_REVISION');
INSERT INTO `r_trans_attribute` VALUES (1997, 5, 0, 'CHANNEL_LOG_TABLE_FIELD_NAME9', 0, 'OBJECT_REVISION');
INSERT INTO `r_trans_attribute` VALUES (1998, 5, 0, 'CHANNEL_LOG_TABLE_FIELD_ENABLED9', 0, 'Y');
INSERT INTO `r_trans_attribute` VALUES (1999, 5, 0, 'CHANNEL_LOG_TABLE_FIELD_ID10', 0, 'PARENT_CHANNEL_ID');
INSERT INTO `r_trans_attribute` VALUES (2000, 5, 0, 'CHANNEL_LOG_TABLE_FIELD_NAME10', 0, 'PARENT_CHANNEL_ID');
INSERT INTO `r_trans_attribute` VALUES (2001, 5, 0, 'CHANNEL_LOG_TABLE_FIELD_ENABLED10', 0, 'Y');
INSERT INTO `r_trans_attribute` VALUES (2002, 5, 0, 'CHANNEL_LOG_TABLE_FIELD_ID11', 0, 'ROOT_CHANNEL_ID');
INSERT INTO `r_trans_attribute` VALUES (2003, 5, 0, 'CHANNEL_LOG_TABLE_FIELD_NAME11', 0, 'ROOT_CHANNEL_ID');
INSERT INTO `r_trans_attribute` VALUES (2004, 5, 0, 'CHANNEL_LOG_TABLE_FIELD_ENABLED11', 0, 'Y');
INSERT INTO `r_trans_attribute` VALUES (2905, 8, 0, 'UNIQUE_CONNECTIONS', 0, 'N');
INSERT INTO `r_trans_attribute` VALUES (2906, 8, 0, 'FEEDBACK_SHOWN', 0, 'Y');
INSERT INTO `r_trans_attribute` VALUES (2907, 8, 0, 'FEEDBACK_SIZE', 50000, NULL);
INSERT INTO `r_trans_attribute` VALUES (2908, 8, 0, 'USING_THREAD_PRIORITIES', 0, 'Y');
INSERT INTO `r_trans_attribute` VALUES (2909, 8, 0, 'SHARED_FILE', 0, NULL);
INSERT INTO `r_trans_attribute` VALUES (2910, 8, 0, 'CAPTURE_STEP_PERFORMANCE', 0, 'N');
INSERT INTO `r_trans_attribute` VALUES (2911, 8, 0, 'STEP_PERFORMANCE_CAPTURING_DELAY', 1000, NULL);
INSERT INTO `r_trans_attribute` VALUES (2912, 8, 0, 'STEP_PERFORMANCE_CAPTURING_SIZE_LIMIT', 0, '100');
INSERT INTO `r_trans_attribute` VALUES (2913, 8, 0, 'STEP_PERFORMANCE_LOG_TABLE', 0, NULL);
INSERT INTO `r_trans_attribute` VALUES (2914, 8, 0, 'LOG_SIZE_LIMIT', 0, NULL);
INSERT INTO `r_trans_attribute` VALUES (2915, 8, 0, 'LOG_INTERVAL', 0, NULL);
INSERT INTO `r_trans_attribute` VALUES (2916, 8, 0, 'TRANSFORMATION_TYPE', 0, 'Normal');
INSERT INTO `r_trans_attribute` VALUES (2917, 8, 0, 'SLEEP_TIME_EMPTY', 50, NULL);
INSERT INTO `r_trans_attribute` VALUES (2918, 8, 0, 'SLEEP_TIME_FULL', 50, NULL);
INSERT INTO `r_trans_attribute` VALUES (2919, 8, 0, 'TRANS_LOG_TABLE_CONNECTION_NAME', 0, NULL);
INSERT INTO `r_trans_attribute` VALUES (2920, 8, 0, 'TRANS_LOG_TABLE_SCHEMA_NAME', 0, NULL);
INSERT INTO `r_trans_attribute` VALUES (2921, 8, 0, 'TRANS_LOG_TABLE_TABLE_NAME', 0, NULL);
INSERT INTO `r_trans_attribute` VALUES (2922, 8, 0, 'TRANS_LOG_TABLE_TIMEOUT_IN_DAYS', 0, NULL);
INSERT INTO `r_trans_attribute` VALUES (2923, 8, 0, 'TRANS_LOG_TABLE_FIELD_ID0', 0, 'ID_BATCH');
INSERT INTO `r_trans_attribute` VALUES (2924, 8, 0, 'TRANS_LOG_TABLE_FIELD_NAME0', 0, 'ID_BATCH');
INSERT INTO `r_trans_attribute` VALUES (2925, 8, 0, 'TRANS_LOG_TABLE_FIELD_ENABLED0', 0, 'Y');
INSERT INTO `r_trans_attribute` VALUES (2926, 8, 0, 'TRANS_LOG_TABLE_FIELD_ID1', 0, 'CHANNEL_ID');
INSERT INTO `r_trans_attribute` VALUES (2927, 8, 0, 'TRANS_LOG_TABLE_FIELD_NAME1', 0, 'CHANNEL_ID');
INSERT INTO `r_trans_attribute` VALUES (2928, 8, 0, 'TRANS_LOG_TABLE_FIELD_ENABLED1', 0, 'Y');
INSERT INTO `r_trans_attribute` VALUES (2929, 8, 0, 'TRANS_LOG_TABLE_FIELD_ID2', 0, 'TRANSNAME');
INSERT INTO `r_trans_attribute` VALUES (2930, 8, 0, 'TRANS_LOG_TABLE_FIELD_NAME2', 0, 'TRANSNAME');
INSERT INTO `r_trans_attribute` VALUES (2931, 8, 0, 'TRANS_LOG_TABLE_FIELD_ENABLED2', 0, 'Y');
INSERT INTO `r_trans_attribute` VALUES (2932, 8, 0, 'TRANS_LOG_TABLE_FIELD_ID3', 0, 'STATUS');
INSERT INTO `r_trans_attribute` VALUES (2933, 8, 0, 'TRANS_LOG_TABLE_FIELD_NAME3', 0, 'STATUS');
INSERT INTO `r_trans_attribute` VALUES (2934, 8, 0, 'TRANS_LOG_TABLE_FIELD_ENABLED3', 0, 'Y');
INSERT INTO `r_trans_attribute` VALUES (2935, 8, 0, 'TRANS_LOG_TABLE_FIELD_ID4', 0, 'LINES_READ');
INSERT INTO `r_trans_attribute` VALUES (2936, 8, 0, 'TRANS_LOG_TABLE_FIELD_NAME4', 0, 'LINES_READ');
INSERT INTO `r_trans_attribute` VALUES (2937, 8, 0, 'TRANS_LOG_TABLE_FIELD_ENABLED4', 0, 'Y');
INSERT INTO `r_trans_attribute` VALUES (2938, 8, 0, 'TRANS_LOG_TABLE_FIELD_SUBJECT4', 0, NULL);
INSERT INTO `r_trans_attribute` VALUES (2939, 8, 0, 'TRANS_LOG_TABLE_FIELD_ID5', 0, 'LINES_WRITTEN');
INSERT INTO `r_trans_attribute` VALUES (2940, 8, 0, 'TRANS_LOG_TABLE_FIELD_NAME5', 0, 'LINES_WRITTEN');
INSERT INTO `r_trans_attribute` VALUES (2941, 8, 0, 'TRANS_LOG_TABLE_FIELD_ENABLED5', 0, 'Y');
INSERT INTO `r_trans_attribute` VALUES (2942, 8, 0, 'TRANS_LOG_TABLE_FIELD_SUBJECT5', 0, NULL);
INSERT INTO `r_trans_attribute` VALUES (2943, 8, 0, 'TRANS_LOG_TABLE_FIELD_ID6', 0, 'LINES_UPDATED');
INSERT INTO `r_trans_attribute` VALUES (2944, 8, 0, 'TRANS_LOG_TABLE_FIELD_NAME6', 0, 'LINES_UPDATED');
INSERT INTO `r_trans_attribute` VALUES (2945, 8, 0, 'TRANS_LOG_TABLE_FIELD_ENABLED6', 0, 'Y');
INSERT INTO `r_trans_attribute` VALUES (2946, 8, 0, 'TRANS_LOG_TABLE_FIELD_SUBJECT6', 0, NULL);
INSERT INTO `r_trans_attribute` VALUES (2947, 8, 0, 'TRANS_LOG_TABLE_FIELD_ID7', 0, 'LINES_INPUT');
INSERT INTO `r_trans_attribute` VALUES (2948, 8, 0, 'TRANS_LOG_TABLE_FIELD_NAME7', 0, 'LINES_INPUT');
INSERT INTO `r_trans_attribute` VALUES (2949, 8, 0, 'TRANS_LOG_TABLE_FIELD_ENABLED7', 0, 'Y');
INSERT INTO `r_trans_attribute` VALUES (2950, 8, 0, 'TRANS_LOG_TABLE_FIELD_SUBJECT7', 0, NULL);
INSERT INTO `r_trans_attribute` VALUES (2951, 8, 0, 'TRANS_LOG_TABLE_FIELD_ID8', 0, 'LINES_OUTPUT');
INSERT INTO `r_trans_attribute` VALUES (2952, 8, 0, 'TRANS_LOG_TABLE_FIELD_NAME8', 0, 'LINES_OUTPUT');
INSERT INTO `r_trans_attribute` VALUES (2953, 8, 0, 'TRANS_LOG_TABLE_FIELD_ENABLED8', 0, 'Y');
INSERT INTO `r_trans_attribute` VALUES (2954, 8, 0, 'TRANS_LOG_TABLE_FIELD_SUBJECT8', 0, NULL);
INSERT INTO `r_trans_attribute` VALUES (2955, 8, 0, 'TRANS_LOG_TABLE_FIELD_ID9', 0, 'LINES_REJECTED');
INSERT INTO `r_trans_attribute` VALUES (2956, 8, 0, 'TRANS_LOG_TABLE_FIELD_NAME9', 0, 'LINES_REJECTED');
INSERT INTO `r_trans_attribute` VALUES (2957, 8, 0, 'TRANS_LOG_TABLE_FIELD_ENABLED9', 0, 'Y');
INSERT INTO `r_trans_attribute` VALUES (2958, 8, 0, 'TRANS_LOG_TABLE_FIELD_SUBJECT9', 0, NULL);
INSERT INTO `r_trans_attribute` VALUES (2959, 8, 0, 'TRANS_LOG_TABLE_FIELD_ID10', 0, 'ERRORS');
INSERT INTO `r_trans_attribute` VALUES (2960, 8, 0, 'TRANS_LOG_TABLE_FIELD_NAME10', 0, 'ERRORS');
INSERT INTO `r_trans_attribute` VALUES (2961, 8, 0, 'TRANS_LOG_TABLE_FIELD_ENABLED10', 0, 'Y');
INSERT INTO `r_trans_attribute` VALUES (2962, 8, 0, 'TRANS_LOG_TABLE_FIELD_ID11', 0, 'STARTDATE');
INSERT INTO `r_trans_attribute` VALUES (2963, 8, 0, 'TRANS_LOG_TABLE_FIELD_NAME11', 0, 'STARTDATE');
INSERT INTO `r_trans_attribute` VALUES (2964, 8, 0, 'TRANS_LOG_TABLE_FIELD_ENABLED11', 0, 'Y');
INSERT INTO `r_trans_attribute` VALUES (2965, 8, 0, 'TRANS_LOG_TABLE_FIELD_ID12', 0, 'ENDDATE');
INSERT INTO `r_trans_attribute` VALUES (2966, 8, 0, 'TRANS_LOG_TABLE_FIELD_NAME12', 0, 'ENDDATE');
INSERT INTO `r_trans_attribute` VALUES (2967, 8, 0, 'TRANS_LOG_TABLE_FIELD_ENABLED12', 0, 'Y');
INSERT INTO `r_trans_attribute` VALUES (2968, 8, 0, 'TRANS_LOG_TABLE_FIELD_ID13', 0, 'LOGDATE');
INSERT INTO `r_trans_attribute` VALUES (2969, 8, 0, 'TRANS_LOG_TABLE_FIELD_NAME13', 0, 'LOGDATE');
INSERT INTO `r_trans_attribute` VALUES (2970, 8, 0, 'TRANS_LOG_TABLE_FIELD_ENABLED13', 0, 'Y');
INSERT INTO `r_trans_attribute` VALUES (2971, 8, 0, 'TRANS_LOG_TABLE_FIELD_ID14', 0, 'DEPDATE');
INSERT INTO `r_trans_attribute` VALUES (2972, 8, 0, 'TRANS_LOG_TABLE_FIELD_NAME14', 0, 'DEPDATE');
INSERT INTO `r_trans_attribute` VALUES (2973, 8, 0, 'TRANS_LOG_TABLE_FIELD_ENABLED14', 0, 'Y');
INSERT INTO `r_trans_attribute` VALUES (2974, 8, 0, 'TRANS_LOG_TABLE_FIELD_ID15', 0, 'REPLAYDATE');
INSERT INTO `r_trans_attribute` VALUES (2975, 8, 0, 'TRANS_LOG_TABLE_FIELD_NAME15', 0, 'REPLAYDATE');
INSERT INTO `r_trans_attribute` VALUES (2976, 8, 0, 'TRANS_LOG_TABLE_FIELD_ENABLED15', 0, 'Y');
INSERT INTO `r_trans_attribute` VALUES (2977, 8, 0, 'TRANS_LOG_TABLE_FIELD_ID16', 0, 'LOG_FIELD');
INSERT INTO `r_trans_attribute` VALUES (2978, 8, 0, 'TRANS_LOG_TABLE_FIELD_NAME16', 0, 'LOG_FIELD');
INSERT INTO `r_trans_attribute` VALUES (2979, 8, 0, 'TRANS_LOG_TABLE_FIELD_ENABLED16', 0, 'Y');
INSERT INTO `r_trans_attribute` VALUES (2980, 8, 0, 'TRANS_LOG_TABLE_FIELD_ID17', 0, 'EXECUTING_SERVER');
INSERT INTO `r_trans_attribute` VALUES (2981, 8, 0, 'TRANS_LOG_TABLE_FIELD_NAME17', 0, 'EXECUTING_SERVER');
INSERT INTO `r_trans_attribute` VALUES (2982, 8, 0, 'TRANS_LOG_TABLE_FIELD_ENABLED17', 0, 'N');
INSERT INTO `r_trans_attribute` VALUES (2983, 8, 0, 'TRANS_LOG_TABLE_FIELD_ID18', 0, 'EXECUTING_USER');
INSERT INTO `r_trans_attribute` VALUES (2984, 8, 0, 'TRANS_LOG_TABLE_FIELD_NAME18', 0, 'EXECUTING_USER');
INSERT INTO `r_trans_attribute` VALUES (2985, 8, 0, 'TRANS_LOG_TABLE_FIELD_ENABLED18', 0, 'N');
INSERT INTO `r_trans_attribute` VALUES (2986, 8, 0, 'TRANS_LOG_TABLE_FIELD_ID19', 0, 'CLIENT');
INSERT INTO `r_trans_attribute` VALUES (2987, 8, 0, 'TRANS_LOG_TABLE_FIELD_NAME19', 0, 'CLIENT');
INSERT INTO `r_trans_attribute` VALUES (2988, 8, 0, 'TRANS_LOG_TABLE_FIELD_ENABLED19', 0, 'N');
INSERT INTO `r_trans_attribute` VALUES (2989, 8, 0, 'TRANSLOG_TABLE_INTERVAL', 0, NULL);
INSERT INTO `r_trans_attribute` VALUES (2990, 8, 0, 'TRANSLOG_TABLE_SIZE_LIMIT', 0, NULL);
INSERT INTO `r_trans_attribute` VALUES (2991, 8, 0, 'STEP_LOG_TABLE_CONNECTION_NAME', 0, NULL);
INSERT INTO `r_trans_attribute` VALUES (2992, 8, 0, 'STEP_LOG_TABLE_SCHEMA_NAME', 0, NULL);
INSERT INTO `r_trans_attribute` VALUES (2993, 8, 0, 'STEP_LOG_TABLE_TABLE_NAME', 0, NULL);
INSERT INTO `r_trans_attribute` VALUES (2994, 8, 0, 'STEP_LOG_TABLE_TIMEOUT_IN_DAYS', 0, NULL);
INSERT INTO `r_trans_attribute` VALUES (2995, 8, 0, 'STEP_LOG_TABLE_FIELD_ID0', 0, 'ID_BATCH');
INSERT INTO `r_trans_attribute` VALUES (2996, 8, 0, 'STEP_LOG_TABLE_FIELD_NAME0', 0, 'ID_BATCH');
INSERT INTO `r_trans_attribute` VALUES (2997, 8, 0, 'STEP_LOG_TABLE_FIELD_ENABLED0', 0, 'Y');
INSERT INTO `r_trans_attribute` VALUES (2998, 8, 0, 'STEP_LOG_TABLE_FIELD_ID1', 0, 'CHANNEL_ID');
INSERT INTO `r_trans_attribute` VALUES (2999, 8, 0, 'STEP_LOG_TABLE_FIELD_NAME1', 0, 'CHANNEL_ID');
INSERT INTO `r_trans_attribute` VALUES (3000, 8, 0, 'STEP_LOG_TABLE_FIELD_ENABLED1', 0, 'Y');
INSERT INTO `r_trans_attribute` VALUES (3001, 8, 0, 'STEP_LOG_TABLE_FIELD_ID2', 0, 'LOG_DATE');
INSERT INTO `r_trans_attribute` VALUES (3002, 8, 0, 'STEP_LOG_TABLE_FIELD_NAME2', 0, 'LOG_DATE');
INSERT INTO `r_trans_attribute` VALUES (3003, 8, 0, 'STEP_LOG_TABLE_FIELD_ENABLED2', 0, 'Y');
INSERT INTO `r_trans_attribute` VALUES (3004, 8, 0, 'STEP_LOG_TABLE_FIELD_ID3', 0, 'TRANSNAME');
INSERT INTO `r_trans_attribute` VALUES (3005, 8, 0, 'STEP_LOG_TABLE_FIELD_NAME3', 0, 'TRANSNAME');
INSERT INTO `r_trans_attribute` VALUES (3006, 8, 0, 'STEP_LOG_TABLE_FIELD_ENABLED3', 0, 'Y');
INSERT INTO `r_trans_attribute` VALUES (3007, 8, 0, 'STEP_LOG_TABLE_FIELD_ID4', 0, 'STEPNAME');
INSERT INTO `r_trans_attribute` VALUES (3008, 8, 0, 'STEP_LOG_TABLE_FIELD_NAME4', 0, 'STEPNAME');
INSERT INTO `r_trans_attribute` VALUES (3009, 8, 0, 'STEP_LOG_TABLE_FIELD_ENABLED4', 0, 'Y');
INSERT INTO `r_trans_attribute` VALUES (3010, 8, 0, 'STEP_LOG_TABLE_FIELD_ID5', 0, 'STEP_COPY');
INSERT INTO `r_trans_attribute` VALUES (3011, 8, 0, 'STEP_LOG_TABLE_FIELD_NAME5', 0, 'STEP_COPY');
INSERT INTO `r_trans_attribute` VALUES (3012, 8, 0, 'STEP_LOG_TABLE_FIELD_ENABLED5', 0, 'Y');
INSERT INTO `r_trans_attribute` VALUES (3013, 8, 0, 'STEP_LOG_TABLE_FIELD_ID6', 0, 'LINES_READ');
INSERT INTO `r_trans_attribute` VALUES (3014, 8, 0, 'STEP_LOG_TABLE_FIELD_NAME6', 0, 'LINES_READ');
INSERT INTO `r_trans_attribute` VALUES (3015, 8, 0, 'STEP_LOG_TABLE_FIELD_ENABLED6', 0, 'Y');
INSERT INTO `r_trans_attribute` VALUES (3016, 8, 0, 'STEP_LOG_TABLE_FIELD_ID7', 0, 'LINES_WRITTEN');
INSERT INTO `r_trans_attribute` VALUES (3017, 8, 0, 'STEP_LOG_TABLE_FIELD_NAME7', 0, 'LINES_WRITTEN');
INSERT INTO `r_trans_attribute` VALUES (3018, 8, 0, 'STEP_LOG_TABLE_FIELD_ENABLED7', 0, 'Y');
INSERT INTO `r_trans_attribute` VALUES (3019, 8, 0, 'STEP_LOG_TABLE_FIELD_ID8', 0, 'LINES_UPDATED');
INSERT INTO `r_trans_attribute` VALUES (3020, 8, 0, 'STEP_LOG_TABLE_FIELD_NAME8', 0, 'LINES_UPDATED');
INSERT INTO `r_trans_attribute` VALUES (3021, 8, 0, 'STEP_LOG_TABLE_FIELD_ENABLED8', 0, 'Y');
INSERT INTO `r_trans_attribute` VALUES (3022, 8, 0, 'STEP_LOG_TABLE_FIELD_ID9', 0, 'LINES_INPUT');
INSERT INTO `r_trans_attribute` VALUES (3023, 8, 0, 'STEP_LOG_TABLE_FIELD_NAME9', 0, 'LINES_INPUT');
INSERT INTO `r_trans_attribute` VALUES (3024, 8, 0, 'STEP_LOG_TABLE_FIELD_ENABLED9', 0, 'Y');
INSERT INTO `r_trans_attribute` VALUES (3025, 8, 0, 'STEP_LOG_TABLE_FIELD_ID10', 0, 'LINES_OUTPUT');
INSERT INTO `r_trans_attribute` VALUES (3026, 8, 0, 'STEP_LOG_TABLE_FIELD_NAME10', 0, 'LINES_OUTPUT');
INSERT INTO `r_trans_attribute` VALUES (3027, 8, 0, 'STEP_LOG_TABLE_FIELD_ENABLED10', 0, 'Y');
INSERT INTO `r_trans_attribute` VALUES (3028, 8, 0, 'STEP_LOG_TABLE_FIELD_ID11', 0, 'LINES_REJECTED');
INSERT INTO `r_trans_attribute` VALUES (3029, 8, 0, 'STEP_LOG_TABLE_FIELD_NAME11', 0, 'LINES_REJECTED');
INSERT INTO `r_trans_attribute` VALUES (3030, 8, 0, 'STEP_LOG_TABLE_FIELD_ENABLED11', 0, 'Y');
INSERT INTO `r_trans_attribute` VALUES (3031, 8, 0, 'STEP_LOG_TABLE_FIELD_ID12', 0, 'ERRORS');
INSERT INTO `r_trans_attribute` VALUES (3032, 8, 0, 'STEP_LOG_TABLE_FIELD_NAME12', 0, 'ERRORS');
INSERT INTO `r_trans_attribute` VALUES (3033, 8, 0, 'STEP_LOG_TABLE_FIELD_ENABLED12', 0, 'Y');
INSERT INTO `r_trans_attribute` VALUES (3034, 8, 0, 'STEP_LOG_TABLE_FIELD_ID13', 0, 'LOG_FIELD');
INSERT INTO `r_trans_attribute` VALUES (3035, 8, 0, 'STEP_LOG_TABLE_FIELD_NAME13', 0, 'LOG_FIELD');
INSERT INTO `r_trans_attribute` VALUES (3036, 8, 0, 'STEP_LOG_TABLE_FIELD_ENABLED13', 0, 'N');
INSERT INTO `r_trans_attribute` VALUES (3037, 8, 0, 'PERFORMANCE_LOG_TABLE_CONNECTION_NAME', 0, NULL);
INSERT INTO `r_trans_attribute` VALUES (3038, 8, 0, 'PERFORMANCE_LOG_TABLE_SCHEMA_NAME', 0, NULL);
INSERT INTO `r_trans_attribute` VALUES (3039, 8, 0, 'PERFORMANCE_LOG_TABLE_TABLE_NAME', 0, NULL);
INSERT INTO `r_trans_attribute` VALUES (3040, 8, 0, 'PERFORMANCE_LOG_TABLE_TIMEOUT_IN_DAYS', 0, NULL);
INSERT INTO `r_trans_attribute` VALUES (3041, 8, 0, 'PERFORMANCE_LOG_TABLE_FIELD_ID0', 0, 'ID_BATCH');
INSERT INTO `r_trans_attribute` VALUES (3042, 8, 0, 'PERFORMANCE_LOG_TABLE_FIELD_NAME0', 0, 'ID_BATCH');
INSERT INTO `r_trans_attribute` VALUES (3043, 8, 0, 'PERFORMANCE_LOG_TABLE_FIELD_ENABLED0', 0, 'Y');
INSERT INTO `r_trans_attribute` VALUES (3044, 8, 0, 'PERFORMANCE_LOG_TABLE_FIELD_ID1', 0, 'SEQ_NR');
INSERT INTO `r_trans_attribute` VALUES (3045, 8, 0, 'PERFORMANCE_LOG_TABLE_FIELD_NAME1', 0, 'SEQ_NR');
INSERT INTO `r_trans_attribute` VALUES (3046, 8, 0, 'PERFORMANCE_LOG_TABLE_FIELD_ENABLED1', 0, 'Y');
INSERT INTO `r_trans_attribute` VALUES (3047, 8, 0, 'PERFORMANCE_LOG_TABLE_FIELD_ID2', 0, 'LOGDATE');
INSERT INTO `r_trans_attribute` VALUES (3048, 8, 0, 'PERFORMANCE_LOG_TABLE_FIELD_NAME2', 0, 'LOGDATE');
INSERT INTO `r_trans_attribute` VALUES (3049, 8, 0, 'PERFORMANCE_LOG_TABLE_FIELD_ENABLED2', 0, 'Y');
INSERT INTO `r_trans_attribute` VALUES (3050, 8, 0, 'PERFORMANCE_LOG_TABLE_FIELD_ID3', 0, 'TRANSNAME');
INSERT INTO `r_trans_attribute` VALUES (3051, 8, 0, 'PERFORMANCE_LOG_TABLE_FIELD_NAME3', 0, 'TRANSNAME');
INSERT INTO `r_trans_attribute` VALUES (3052, 8, 0, 'PERFORMANCE_LOG_TABLE_FIELD_ENABLED3', 0, 'Y');
INSERT INTO `r_trans_attribute` VALUES (3053, 8, 0, 'PERFORMANCE_LOG_TABLE_FIELD_ID4', 0, 'STEPNAME');
INSERT INTO `r_trans_attribute` VALUES (3054, 8, 0, 'PERFORMANCE_LOG_TABLE_FIELD_NAME4', 0, 'STEPNAME');
INSERT INTO `r_trans_attribute` VALUES (3055, 8, 0, 'PERFORMANCE_LOG_TABLE_FIELD_ENABLED4', 0, 'Y');
INSERT INTO `r_trans_attribute` VALUES (3056, 8, 0, 'PERFORMANCE_LOG_TABLE_FIELD_ID5', 0, 'STEP_COPY');
INSERT INTO `r_trans_attribute` VALUES (3057, 8, 0, 'PERFORMANCE_LOG_TABLE_FIELD_NAME5', 0, 'STEP_COPY');
INSERT INTO `r_trans_attribute` VALUES (3058, 8, 0, 'PERFORMANCE_LOG_TABLE_FIELD_ENABLED5', 0, 'Y');
INSERT INTO `r_trans_attribute` VALUES (3059, 8, 0, 'PERFORMANCE_LOG_TABLE_FIELD_ID6', 0, 'LINES_READ');
INSERT INTO `r_trans_attribute` VALUES (3060, 8, 0, 'PERFORMANCE_LOG_TABLE_FIELD_NAME6', 0, 'LINES_READ');
INSERT INTO `r_trans_attribute` VALUES (3061, 8, 0, 'PERFORMANCE_LOG_TABLE_FIELD_ENABLED6', 0, 'Y');
INSERT INTO `r_trans_attribute` VALUES (3062, 8, 0, 'PERFORMANCE_LOG_TABLE_FIELD_ID7', 0, 'LINES_WRITTEN');
INSERT INTO `r_trans_attribute` VALUES (3063, 8, 0, 'PERFORMANCE_LOG_TABLE_FIELD_NAME7', 0, 'LINES_WRITTEN');
INSERT INTO `r_trans_attribute` VALUES (3064, 8, 0, 'PERFORMANCE_LOG_TABLE_FIELD_ENABLED7', 0, 'Y');
INSERT INTO `r_trans_attribute` VALUES (3065, 8, 0, 'PERFORMANCE_LOG_TABLE_FIELD_ID8', 0, 'LINES_UPDATED');
INSERT INTO `r_trans_attribute` VALUES (3066, 8, 0, 'PERFORMANCE_LOG_TABLE_FIELD_NAME8', 0, 'LINES_UPDATED');
INSERT INTO `r_trans_attribute` VALUES (3067, 8, 0, 'PERFORMANCE_LOG_TABLE_FIELD_ENABLED8', 0, 'Y');
INSERT INTO `r_trans_attribute` VALUES (3068, 8, 0, 'PERFORMANCE_LOG_TABLE_FIELD_ID9', 0, 'LINES_INPUT');
INSERT INTO `r_trans_attribute` VALUES (3069, 8, 0, 'PERFORMANCE_LOG_TABLE_FIELD_NAME9', 0, 'LINES_INPUT');
INSERT INTO `r_trans_attribute` VALUES (3070, 8, 0, 'PERFORMANCE_LOG_TABLE_FIELD_ENABLED9', 0, 'Y');
INSERT INTO `r_trans_attribute` VALUES (3071, 8, 0, 'PERFORMANCE_LOG_TABLE_FIELD_ID10', 0, 'LINES_OUTPUT');
INSERT INTO `r_trans_attribute` VALUES (3072, 8, 0, 'PERFORMANCE_LOG_TABLE_FIELD_NAME10', 0, 'LINES_OUTPUT');
INSERT INTO `r_trans_attribute` VALUES (3073, 8, 0, 'PERFORMANCE_LOG_TABLE_FIELD_ENABLED10', 0, 'Y');
INSERT INTO `r_trans_attribute` VALUES (3074, 8, 0, 'PERFORMANCE_LOG_TABLE_FIELD_ID11', 0, 'LINES_REJECTED');
INSERT INTO `r_trans_attribute` VALUES (3075, 8, 0, 'PERFORMANCE_LOG_TABLE_FIELD_NAME11', 0, 'LINES_REJECTED');
INSERT INTO `r_trans_attribute` VALUES (3076, 8, 0, 'PERFORMANCE_LOG_TABLE_FIELD_ENABLED11', 0, 'Y');
INSERT INTO `r_trans_attribute` VALUES (3077, 8, 0, 'PERFORMANCE_LOG_TABLE_FIELD_ID12', 0, 'ERRORS');
INSERT INTO `r_trans_attribute` VALUES (3078, 8, 0, 'PERFORMANCE_LOG_TABLE_FIELD_NAME12', 0, 'ERRORS');
INSERT INTO `r_trans_attribute` VALUES (3079, 8, 0, 'PERFORMANCE_LOG_TABLE_FIELD_ENABLED12', 0, 'Y');
INSERT INTO `r_trans_attribute` VALUES (3080, 8, 0, 'PERFORMANCE_LOG_TABLE_FIELD_ID13', 0, 'INPUT_BUFFER_ROWS');
INSERT INTO `r_trans_attribute` VALUES (3081, 8, 0, 'PERFORMANCE_LOG_TABLE_FIELD_NAME13', 0, 'INPUT_BUFFER_ROWS');
INSERT INTO `r_trans_attribute` VALUES (3082, 8, 0, 'PERFORMANCE_LOG_TABLE_FIELD_ENABLED13', 0, 'Y');
INSERT INTO `r_trans_attribute` VALUES (3083, 8, 0, 'PERFORMANCE_LOG_TABLE_FIELD_ID14', 0, 'OUTPUT_BUFFER_ROWS');
INSERT INTO `r_trans_attribute` VALUES (3084, 8, 0, 'PERFORMANCE_LOG_TABLE_FIELD_NAME14', 0, 'OUTPUT_BUFFER_ROWS');
INSERT INTO `r_trans_attribute` VALUES (3085, 8, 0, 'PERFORMANCE_LOG_TABLE_FIELD_ENABLED14', 0, 'Y');
INSERT INTO `r_trans_attribute` VALUES (3086, 8, 0, 'PERFORMANCELOG_TABLE_INTERVAL', 0, NULL);
INSERT INTO `r_trans_attribute` VALUES (3087, 8, 0, 'CHANNEL_LOG_TABLE_CONNECTION_NAME', 0, NULL);
INSERT INTO `r_trans_attribute` VALUES (3088, 8, 0, 'CHANNEL_LOG_TABLE_SCHEMA_NAME', 0, NULL);
INSERT INTO `r_trans_attribute` VALUES (3089, 8, 0, 'CHANNEL_LOG_TABLE_TABLE_NAME', 0, NULL);
INSERT INTO `r_trans_attribute` VALUES (3090, 8, 0, 'CHANNEL_LOG_TABLE_TIMEOUT_IN_DAYS', 0, NULL);
INSERT INTO `r_trans_attribute` VALUES (3091, 8, 0, 'CHANNEL_LOG_TABLE_FIELD_ID0', 0, 'ID_BATCH');
INSERT INTO `r_trans_attribute` VALUES (3092, 8, 0, 'CHANNEL_LOG_TABLE_FIELD_NAME0', 0, 'ID_BATCH');
INSERT INTO `r_trans_attribute` VALUES (3093, 8, 0, 'CHANNEL_LOG_TABLE_FIELD_ENABLED0', 0, 'Y');
INSERT INTO `r_trans_attribute` VALUES (3094, 8, 0, 'CHANNEL_LOG_TABLE_FIELD_ID1', 0, 'CHANNEL_ID');
INSERT INTO `r_trans_attribute` VALUES (3095, 8, 0, 'CHANNEL_LOG_TABLE_FIELD_NAME1', 0, 'CHANNEL_ID');
INSERT INTO `r_trans_attribute` VALUES (3096, 8, 0, 'CHANNEL_LOG_TABLE_FIELD_ENABLED1', 0, 'Y');
INSERT INTO `r_trans_attribute` VALUES (3097, 8, 0, 'CHANNEL_LOG_TABLE_FIELD_ID2', 0, 'LOG_DATE');
INSERT INTO `r_trans_attribute` VALUES (3098, 8, 0, 'CHANNEL_LOG_TABLE_FIELD_NAME2', 0, 'LOG_DATE');
INSERT INTO `r_trans_attribute` VALUES (3099, 8, 0, 'CHANNEL_LOG_TABLE_FIELD_ENABLED2', 0, 'Y');
INSERT INTO `r_trans_attribute` VALUES (3100, 8, 0, 'CHANNEL_LOG_TABLE_FIELD_ID3', 0, 'LOGGING_OBJECT_TYPE');
INSERT INTO `r_trans_attribute` VALUES (3101, 8, 0, 'CHANNEL_LOG_TABLE_FIELD_NAME3', 0, 'LOGGING_OBJECT_TYPE');
INSERT INTO `r_trans_attribute` VALUES (3102, 8, 0, 'CHANNEL_LOG_TABLE_FIELD_ENABLED3', 0, 'Y');
INSERT INTO `r_trans_attribute` VALUES (3103, 8, 0, 'CHANNEL_LOG_TABLE_FIELD_ID4', 0, 'OBJECT_NAME');
INSERT INTO `r_trans_attribute` VALUES (3104, 8, 0, 'CHANNEL_LOG_TABLE_FIELD_NAME4', 0, 'OBJECT_NAME');
INSERT INTO `r_trans_attribute` VALUES (3105, 8, 0, 'CHANNEL_LOG_TABLE_FIELD_ENABLED4', 0, 'Y');
INSERT INTO `r_trans_attribute` VALUES (3106, 8, 0, 'CHANNEL_LOG_TABLE_FIELD_ID5', 0, 'OBJECT_COPY');
INSERT INTO `r_trans_attribute` VALUES (3107, 8, 0, 'CHANNEL_LOG_TABLE_FIELD_NAME5', 0, 'OBJECT_COPY');
INSERT INTO `r_trans_attribute` VALUES (3108, 8, 0, 'CHANNEL_LOG_TABLE_FIELD_ENABLED5', 0, 'Y');
INSERT INTO `r_trans_attribute` VALUES (3109, 8, 0, 'CHANNEL_LOG_TABLE_FIELD_ID6', 0, 'REPOSITORY_DIRECTORY');
INSERT INTO `r_trans_attribute` VALUES (3110, 8, 0, 'CHANNEL_LOG_TABLE_FIELD_NAME6', 0, 'REPOSITORY_DIRECTORY');
INSERT INTO `r_trans_attribute` VALUES (3111, 8, 0, 'CHANNEL_LOG_TABLE_FIELD_ENABLED6', 0, 'Y');
INSERT INTO `r_trans_attribute` VALUES (3112, 8, 0, 'CHANNEL_LOG_TABLE_FIELD_ID7', 0, 'FILENAME');
INSERT INTO `r_trans_attribute` VALUES (3113, 8, 0, 'CHANNEL_LOG_TABLE_FIELD_NAME7', 0, 'FILENAME');
INSERT INTO `r_trans_attribute` VALUES (3114, 8, 0, 'CHANNEL_LOG_TABLE_FIELD_ENABLED7', 0, 'Y');
INSERT INTO `r_trans_attribute` VALUES (3115, 8, 0, 'CHANNEL_LOG_TABLE_FIELD_ID8', 0, 'OBJECT_ID');
INSERT INTO `r_trans_attribute` VALUES (3116, 8, 0, 'CHANNEL_LOG_TABLE_FIELD_NAME8', 0, 'OBJECT_ID');
INSERT INTO `r_trans_attribute` VALUES (3117, 8, 0, 'CHANNEL_LOG_TABLE_FIELD_ENABLED8', 0, 'Y');
INSERT INTO `r_trans_attribute` VALUES (3118, 8, 0, 'CHANNEL_LOG_TABLE_FIELD_ID9', 0, 'OBJECT_REVISION');
INSERT INTO `r_trans_attribute` VALUES (3119, 8, 0, 'CHANNEL_LOG_TABLE_FIELD_NAME9', 0, 'OBJECT_REVISION');
INSERT INTO `r_trans_attribute` VALUES (3120, 8, 0, 'CHANNEL_LOG_TABLE_FIELD_ENABLED9', 0, 'Y');
INSERT INTO `r_trans_attribute` VALUES (3121, 8, 0, 'CHANNEL_LOG_TABLE_FIELD_ID10', 0, 'PARENT_CHANNEL_ID');
INSERT INTO `r_trans_attribute` VALUES (3122, 8, 0, 'CHANNEL_LOG_TABLE_FIELD_NAME10', 0, 'PARENT_CHANNEL_ID');
INSERT INTO `r_trans_attribute` VALUES (3123, 8, 0, 'CHANNEL_LOG_TABLE_FIELD_ENABLED10', 0, 'Y');
INSERT INTO `r_trans_attribute` VALUES (3124, 8, 0, 'CHANNEL_LOG_TABLE_FIELD_ID11', 0, 'ROOT_CHANNEL_ID');
INSERT INTO `r_trans_attribute` VALUES (3125, 8, 0, 'CHANNEL_LOG_TABLE_FIELD_NAME11', 0, 'ROOT_CHANNEL_ID');
INSERT INTO `r_trans_attribute` VALUES (3126, 8, 0, 'CHANNEL_LOG_TABLE_FIELD_ENABLED11', 0, 'Y');
INSERT INTO `r_trans_attribute` VALUES (3574, 7, 0, 'UNIQUE_CONNECTIONS', 0, 'N');
INSERT INTO `r_trans_attribute` VALUES (3575, 7, 0, 'FEEDBACK_SHOWN', 0, 'Y');
INSERT INTO `r_trans_attribute` VALUES (3576, 7, 0, 'FEEDBACK_SIZE', 50000, NULL);
INSERT INTO `r_trans_attribute` VALUES (3577, 7, 0, 'USING_THREAD_PRIORITIES', 0, 'Y');
INSERT INTO `r_trans_attribute` VALUES (3578, 7, 0, 'SHARED_FILE', 0, NULL);
INSERT INTO `r_trans_attribute` VALUES (3579, 7, 0, 'CAPTURE_STEP_PERFORMANCE', 0, 'N');
INSERT INTO `r_trans_attribute` VALUES (3580, 7, 0, 'STEP_PERFORMANCE_CAPTURING_DELAY', 1000, NULL);
INSERT INTO `r_trans_attribute` VALUES (3581, 7, 0, 'STEP_PERFORMANCE_CAPTURING_SIZE_LIMIT', 0, '100');
INSERT INTO `r_trans_attribute` VALUES (3582, 7, 0, 'STEP_PERFORMANCE_LOG_TABLE', 0, NULL);
INSERT INTO `r_trans_attribute` VALUES (3583, 7, 0, 'LOG_SIZE_LIMIT', 0, NULL);
INSERT INTO `r_trans_attribute` VALUES (3584, 7, 0, 'LOG_INTERVAL', 0, NULL);
INSERT INTO `r_trans_attribute` VALUES (3585, 7, 0, 'TRANSFORMATION_TYPE', 0, 'Normal');
INSERT INTO `r_trans_attribute` VALUES (3586, 7, 0, 'SLEEP_TIME_EMPTY', 50, NULL);
INSERT INTO `r_trans_attribute` VALUES (3587, 7, 0, 'SLEEP_TIME_FULL', 50, NULL);
INSERT INTO `r_trans_attribute` VALUES (3588, 7, 0, 'TRANS_LOG_TABLE_CONNECTION_NAME', 0, NULL);
INSERT INTO `r_trans_attribute` VALUES (3589, 7, 0, 'TRANS_LOG_TABLE_SCHEMA_NAME', 0, NULL);
INSERT INTO `r_trans_attribute` VALUES (3590, 7, 0, 'TRANS_LOG_TABLE_TABLE_NAME', 0, NULL);
INSERT INTO `r_trans_attribute` VALUES (3591, 7, 0, 'TRANS_LOG_TABLE_TIMEOUT_IN_DAYS', 0, NULL);
INSERT INTO `r_trans_attribute` VALUES (3592, 7, 0, 'TRANS_LOG_TABLE_FIELD_ID0', 0, 'ID_BATCH');
INSERT INTO `r_trans_attribute` VALUES (3593, 7, 0, 'TRANS_LOG_TABLE_FIELD_NAME0', 0, 'ID_BATCH');
INSERT INTO `r_trans_attribute` VALUES (3594, 7, 0, 'TRANS_LOG_TABLE_FIELD_ENABLED0', 0, 'Y');
INSERT INTO `r_trans_attribute` VALUES (3595, 7, 0, 'TRANS_LOG_TABLE_FIELD_ID1', 0, 'CHANNEL_ID');
INSERT INTO `r_trans_attribute` VALUES (3596, 7, 0, 'TRANS_LOG_TABLE_FIELD_NAME1', 0, 'CHANNEL_ID');
INSERT INTO `r_trans_attribute` VALUES (3597, 7, 0, 'TRANS_LOG_TABLE_FIELD_ENABLED1', 0, 'Y');
INSERT INTO `r_trans_attribute` VALUES (3598, 7, 0, 'TRANS_LOG_TABLE_FIELD_ID2', 0, 'TRANSNAME');
INSERT INTO `r_trans_attribute` VALUES (3599, 7, 0, 'TRANS_LOG_TABLE_FIELD_NAME2', 0, 'TRANSNAME');
INSERT INTO `r_trans_attribute` VALUES (3600, 7, 0, 'TRANS_LOG_TABLE_FIELD_ENABLED2', 0, 'Y');
INSERT INTO `r_trans_attribute` VALUES (3601, 7, 0, 'TRANS_LOG_TABLE_FIELD_ID3', 0, 'STATUS');
INSERT INTO `r_trans_attribute` VALUES (3602, 7, 0, 'TRANS_LOG_TABLE_FIELD_NAME3', 0, 'STATUS');
INSERT INTO `r_trans_attribute` VALUES (3603, 7, 0, 'TRANS_LOG_TABLE_FIELD_ENABLED3', 0, 'Y');
INSERT INTO `r_trans_attribute` VALUES (3604, 7, 0, 'TRANS_LOG_TABLE_FIELD_ID4', 0, 'LINES_READ');
INSERT INTO `r_trans_attribute` VALUES (3605, 7, 0, 'TRANS_LOG_TABLE_FIELD_NAME4', 0, 'LINES_READ');
INSERT INTO `r_trans_attribute` VALUES (3606, 7, 0, 'TRANS_LOG_TABLE_FIELD_ENABLED4', 0, 'Y');
INSERT INTO `r_trans_attribute` VALUES (3607, 7, 0, 'TRANS_LOG_TABLE_FIELD_SUBJECT4', 0, NULL);
INSERT INTO `r_trans_attribute` VALUES (3608, 7, 0, 'TRANS_LOG_TABLE_FIELD_ID5', 0, 'LINES_WRITTEN');
INSERT INTO `r_trans_attribute` VALUES (3609, 7, 0, 'TRANS_LOG_TABLE_FIELD_NAME5', 0, 'LINES_WRITTEN');
INSERT INTO `r_trans_attribute` VALUES (3610, 7, 0, 'TRANS_LOG_TABLE_FIELD_ENABLED5', 0, 'Y');
INSERT INTO `r_trans_attribute` VALUES (3611, 7, 0, 'TRANS_LOG_TABLE_FIELD_SUBJECT5', 0, NULL);
INSERT INTO `r_trans_attribute` VALUES (3612, 7, 0, 'TRANS_LOG_TABLE_FIELD_ID6', 0, 'LINES_UPDATED');
INSERT INTO `r_trans_attribute` VALUES (3613, 7, 0, 'TRANS_LOG_TABLE_FIELD_NAME6', 0, 'LINES_UPDATED');
INSERT INTO `r_trans_attribute` VALUES (3614, 7, 0, 'TRANS_LOG_TABLE_FIELD_ENABLED6', 0, 'Y');
INSERT INTO `r_trans_attribute` VALUES (3615, 7, 0, 'TRANS_LOG_TABLE_FIELD_SUBJECT6', 0, NULL);
INSERT INTO `r_trans_attribute` VALUES (3616, 7, 0, 'TRANS_LOG_TABLE_FIELD_ID7', 0, 'LINES_INPUT');
INSERT INTO `r_trans_attribute` VALUES (3617, 7, 0, 'TRANS_LOG_TABLE_FIELD_NAME7', 0, 'LINES_INPUT');
INSERT INTO `r_trans_attribute` VALUES (3618, 7, 0, 'TRANS_LOG_TABLE_FIELD_ENABLED7', 0, 'Y');
INSERT INTO `r_trans_attribute` VALUES (3619, 7, 0, 'TRANS_LOG_TABLE_FIELD_SUBJECT7', 0, NULL);
INSERT INTO `r_trans_attribute` VALUES (3620, 7, 0, 'TRANS_LOG_TABLE_FIELD_ID8', 0, 'LINES_OUTPUT');
INSERT INTO `r_trans_attribute` VALUES (3621, 7, 0, 'TRANS_LOG_TABLE_FIELD_NAME8', 0, 'LINES_OUTPUT');
INSERT INTO `r_trans_attribute` VALUES (3622, 7, 0, 'TRANS_LOG_TABLE_FIELD_ENABLED8', 0, 'Y');
INSERT INTO `r_trans_attribute` VALUES (3623, 7, 0, 'TRANS_LOG_TABLE_FIELD_SUBJECT8', 0, NULL);
INSERT INTO `r_trans_attribute` VALUES (3624, 7, 0, 'TRANS_LOG_TABLE_FIELD_ID9', 0, 'LINES_REJECTED');
INSERT INTO `r_trans_attribute` VALUES (3625, 7, 0, 'TRANS_LOG_TABLE_FIELD_NAME9', 0, 'LINES_REJECTED');
INSERT INTO `r_trans_attribute` VALUES (3626, 7, 0, 'TRANS_LOG_TABLE_FIELD_ENABLED9', 0, 'Y');
INSERT INTO `r_trans_attribute` VALUES (3627, 7, 0, 'TRANS_LOG_TABLE_FIELD_SUBJECT9', 0, NULL);
INSERT INTO `r_trans_attribute` VALUES (3628, 7, 0, 'TRANS_LOG_TABLE_FIELD_ID10', 0, 'ERRORS');
INSERT INTO `r_trans_attribute` VALUES (3629, 7, 0, 'TRANS_LOG_TABLE_FIELD_NAME10', 0, 'ERRORS');
INSERT INTO `r_trans_attribute` VALUES (3630, 7, 0, 'TRANS_LOG_TABLE_FIELD_ENABLED10', 0, 'Y');
INSERT INTO `r_trans_attribute` VALUES (3631, 7, 0, 'TRANS_LOG_TABLE_FIELD_ID11', 0, 'STARTDATE');
INSERT INTO `r_trans_attribute` VALUES (3632, 7, 0, 'TRANS_LOG_TABLE_FIELD_NAME11', 0, 'STARTDATE');
INSERT INTO `r_trans_attribute` VALUES (3633, 7, 0, 'TRANS_LOG_TABLE_FIELD_ENABLED11', 0, 'Y');
INSERT INTO `r_trans_attribute` VALUES (3634, 7, 0, 'TRANS_LOG_TABLE_FIELD_ID12', 0, 'ENDDATE');
INSERT INTO `r_trans_attribute` VALUES (3635, 7, 0, 'TRANS_LOG_TABLE_FIELD_NAME12', 0, 'ENDDATE');
INSERT INTO `r_trans_attribute` VALUES (3636, 7, 0, 'TRANS_LOG_TABLE_FIELD_ENABLED12', 0, 'Y');
INSERT INTO `r_trans_attribute` VALUES (3637, 7, 0, 'TRANS_LOG_TABLE_FIELD_ID13', 0, 'LOGDATE');
INSERT INTO `r_trans_attribute` VALUES (3638, 7, 0, 'TRANS_LOG_TABLE_FIELD_NAME13', 0, 'LOGDATE');
INSERT INTO `r_trans_attribute` VALUES (3639, 7, 0, 'TRANS_LOG_TABLE_FIELD_ENABLED13', 0, 'Y');
INSERT INTO `r_trans_attribute` VALUES (3640, 7, 0, 'TRANS_LOG_TABLE_FIELD_ID14', 0, 'DEPDATE');
INSERT INTO `r_trans_attribute` VALUES (3641, 7, 0, 'TRANS_LOG_TABLE_FIELD_NAME14', 0, 'DEPDATE');
INSERT INTO `r_trans_attribute` VALUES (3642, 7, 0, 'TRANS_LOG_TABLE_FIELD_ENABLED14', 0, 'Y');
INSERT INTO `r_trans_attribute` VALUES (3643, 7, 0, 'TRANS_LOG_TABLE_FIELD_ID15', 0, 'REPLAYDATE');
INSERT INTO `r_trans_attribute` VALUES (3644, 7, 0, 'TRANS_LOG_TABLE_FIELD_NAME15', 0, 'REPLAYDATE');
INSERT INTO `r_trans_attribute` VALUES (3645, 7, 0, 'TRANS_LOG_TABLE_FIELD_ENABLED15', 0, 'Y');
INSERT INTO `r_trans_attribute` VALUES (3646, 7, 0, 'TRANS_LOG_TABLE_FIELD_ID16', 0, 'LOG_FIELD');
INSERT INTO `r_trans_attribute` VALUES (3647, 7, 0, 'TRANS_LOG_TABLE_FIELD_NAME16', 0, 'LOG_FIELD');
INSERT INTO `r_trans_attribute` VALUES (3648, 7, 0, 'TRANS_LOG_TABLE_FIELD_ENABLED16', 0, 'Y');
INSERT INTO `r_trans_attribute` VALUES (3649, 7, 0, 'TRANS_LOG_TABLE_FIELD_ID17', 0, 'EXECUTING_SERVER');
INSERT INTO `r_trans_attribute` VALUES (3650, 7, 0, 'TRANS_LOG_TABLE_FIELD_NAME17', 0, 'EXECUTING_SERVER');
INSERT INTO `r_trans_attribute` VALUES (3651, 7, 0, 'TRANS_LOG_TABLE_FIELD_ENABLED17', 0, 'N');
INSERT INTO `r_trans_attribute` VALUES (3652, 7, 0, 'TRANS_LOG_TABLE_FIELD_ID18', 0, 'EXECUTING_USER');
INSERT INTO `r_trans_attribute` VALUES (3653, 7, 0, 'TRANS_LOG_TABLE_FIELD_NAME18', 0, 'EXECUTING_USER');
INSERT INTO `r_trans_attribute` VALUES (3654, 7, 0, 'TRANS_LOG_TABLE_FIELD_ENABLED18', 0, 'N');
INSERT INTO `r_trans_attribute` VALUES (3655, 7, 0, 'TRANS_LOG_TABLE_FIELD_ID19', 0, 'CLIENT');
INSERT INTO `r_trans_attribute` VALUES (3656, 7, 0, 'TRANS_LOG_TABLE_FIELD_NAME19', 0, 'CLIENT');
INSERT INTO `r_trans_attribute` VALUES (3657, 7, 0, 'TRANS_LOG_TABLE_FIELD_ENABLED19', 0, 'N');
INSERT INTO `r_trans_attribute` VALUES (3658, 7, 0, 'TRANSLOG_TABLE_INTERVAL', 0, NULL);
INSERT INTO `r_trans_attribute` VALUES (3659, 7, 0, 'TRANSLOG_TABLE_SIZE_LIMIT', 0, NULL);
INSERT INTO `r_trans_attribute` VALUES (3660, 7, 0, 'STEP_LOG_TABLE_CONNECTION_NAME', 0, NULL);
INSERT INTO `r_trans_attribute` VALUES (3661, 7, 0, 'STEP_LOG_TABLE_SCHEMA_NAME', 0, NULL);
INSERT INTO `r_trans_attribute` VALUES (3662, 7, 0, 'STEP_LOG_TABLE_TABLE_NAME', 0, NULL);
INSERT INTO `r_trans_attribute` VALUES (3663, 7, 0, 'STEP_LOG_TABLE_TIMEOUT_IN_DAYS', 0, NULL);
INSERT INTO `r_trans_attribute` VALUES (3664, 7, 0, 'STEP_LOG_TABLE_FIELD_ID0', 0, 'ID_BATCH');
INSERT INTO `r_trans_attribute` VALUES (3665, 7, 0, 'STEP_LOG_TABLE_FIELD_NAME0', 0, 'ID_BATCH');
INSERT INTO `r_trans_attribute` VALUES (3666, 7, 0, 'STEP_LOG_TABLE_FIELD_ENABLED0', 0, 'Y');
INSERT INTO `r_trans_attribute` VALUES (3667, 7, 0, 'STEP_LOG_TABLE_FIELD_ID1', 0, 'CHANNEL_ID');
INSERT INTO `r_trans_attribute` VALUES (3668, 7, 0, 'STEP_LOG_TABLE_FIELD_NAME1', 0, 'CHANNEL_ID');
INSERT INTO `r_trans_attribute` VALUES (3669, 7, 0, 'STEP_LOG_TABLE_FIELD_ENABLED1', 0, 'Y');
INSERT INTO `r_trans_attribute` VALUES (3670, 7, 0, 'STEP_LOG_TABLE_FIELD_ID2', 0, 'LOG_DATE');
INSERT INTO `r_trans_attribute` VALUES (3671, 7, 0, 'STEP_LOG_TABLE_FIELD_NAME2', 0, 'LOG_DATE');
INSERT INTO `r_trans_attribute` VALUES (3672, 7, 0, 'STEP_LOG_TABLE_FIELD_ENABLED2', 0, 'Y');
INSERT INTO `r_trans_attribute` VALUES (3673, 7, 0, 'STEP_LOG_TABLE_FIELD_ID3', 0, 'TRANSNAME');
INSERT INTO `r_trans_attribute` VALUES (3674, 7, 0, 'STEP_LOG_TABLE_FIELD_NAME3', 0, 'TRANSNAME');
INSERT INTO `r_trans_attribute` VALUES (3675, 7, 0, 'STEP_LOG_TABLE_FIELD_ENABLED3', 0, 'Y');
INSERT INTO `r_trans_attribute` VALUES (3676, 7, 0, 'STEP_LOG_TABLE_FIELD_ID4', 0, 'STEPNAME');
INSERT INTO `r_trans_attribute` VALUES (3677, 7, 0, 'STEP_LOG_TABLE_FIELD_NAME4', 0, 'STEPNAME');
INSERT INTO `r_trans_attribute` VALUES (3678, 7, 0, 'STEP_LOG_TABLE_FIELD_ENABLED4', 0, 'Y');
INSERT INTO `r_trans_attribute` VALUES (3679, 7, 0, 'STEP_LOG_TABLE_FIELD_ID5', 0, 'STEP_COPY');
INSERT INTO `r_trans_attribute` VALUES (3680, 7, 0, 'STEP_LOG_TABLE_FIELD_NAME5', 0, 'STEP_COPY');
INSERT INTO `r_trans_attribute` VALUES (3681, 7, 0, 'STEP_LOG_TABLE_FIELD_ENABLED5', 0, 'Y');
INSERT INTO `r_trans_attribute` VALUES (3682, 7, 0, 'STEP_LOG_TABLE_FIELD_ID6', 0, 'LINES_READ');
INSERT INTO `r_trans_attribute` VALUES (3683, 7, 0, 'STEP_LOG_TABLE_FIELD_NAME6', 0, 'LINES_READ');
INSERT INTO `r_trans_attribute` VALUES (3684, 7, 0, 'STEP_LOG_TABLE_FIELD_ENABLED6', 0, 'Y');
INSERT INTO `r_trans_attribute` VALUES (3685, 7, 0, 'STEP_LOG_TABLE_FIELD_ID7', 0, 'LINES_WRITTEN');
INSERT INTO `r_trans_attribute` VALUES (3686, 7, 0, 'STEP_LOG_TABLE_FIELD_NAME7', 0, 'LINES_WRITTEN');
INSERT INTO `r_trans_attribute` VALUES (3687, 7, 0, 'STEP_LOG_TABLE_FIELD_ENABLED7', 0, 'Y');
INSERT INTO `r_trans_attribute` VALUES (3688, 7, 0, 'STEP_LOG_TABLE_FIELD_ID8', 0, 'LINES_UPDATED');
INSERT INTO `r_trans_attribute` VALUES (3689, 7, 0, 'STEP_LOG_TABLE_FIELD_NAME8', 0, 'LINES_UPDATED');
INSERT INTO `r_trans_attribute` VALUES (3690, 7, 0, 'STEP_LOG_TABLE_FIELD_ENABLED8', 0, 'Y');
INSERT INTO `r_trans_attribute` VALUES (3691, 7, 0, 'STEP_LOG_TABLE_FIELD_ID9', 0, 'LINES_INPUT');
INSERT INTO `r_trans_attribute` VALUES (3692, 7, 0, 'STEP_LOG_TABLE_FIELD_NAME9', 0, 'LINES_INPUT');
INSERT INTO `r_trans_attribute` VALUES (3693, 7, 0, 'STEP_LOG_TABLE_FIELD_ENABLED9', 0, 'Y');
INSERT INTO `r_trans_attribute` VALUES (3694, 7, 0, 'STEP_LOG_TABLE_FIELD_ID10', 0, 'LINES_OUTPUT');
INSERT INTO `r_trans_attribute` VALUES (3695, 7, 0, 'STEP_LOG_TABLE_FIELD_NAME10', 0, 'LINES_OUTPUT');
INSERT INTO `r_trans_attribute` VALUES (3696, 7, 0, 'STEP_LOG_TABLE_FIELD_ENABLED10', 0, 'Y');
INSERT INTO `r_trans_attribute` VALUES (3697, 7, 0, 'STEP_LOG_TABLE_FIELD_ID11', 0, 'LINES_REJECTED');
INSERT INTO `r_trans_attribute` VALUES (3698, 7, 0, 'STEP_LOG_TABLE_FIELD_NAME11', 0, 'LINES_REJECTED');
INSERT INTO `r_trans_attribute` VALUES (3699, 7, 0, 'STEP_LOG_TABLE_FIELD_ENABLED11', 0, 'Y');
INSERT INTO `r_trans_attribute` VALUES (3700, 7, 0, 'STEP_LOG_TABLE_FIELD_ID12', 0, 'ERRORS');
INSERT INTO `r_trans_attribute` VALUES (3701, 7, 0, 'STEP_LOG_TABLE_FIELD_NAME12', 0, 'ERRORS');
INSERT INTO `r_trans_attribute` VALUES (3702, 7, 0, 'STEP_LOG_TABLE_FIELD_ENABLED12', 0, 'Y');
INSERT INTO `r_trans_attribute` VALUES (3703, 7, 0, 'STEP_LOG_TABLE_FIELD_ID13', 0, 'LOG_FIELD');
INSERT INTO `r_trans_attribute` VALUES (3704, 7, 0, 'STEP_LOG_TABLE_FIELD_NAME13', 0, 'LOG_FIELD');
INSERT INTO `r_trans_attribute` VALUES (3705, 7, 0, 'STEP_LOG_TABLE_FIELD_ENABLED13', 0, 'N');
INSERT INTO `r_trans_attribute` VALUES (3706, 7, 0, 'PERFORMANCE_LOG_TABLE_CONNECTION_NAME', 0, NULL);
INSERT INTO `r_trans_attribute` VALUES (3707, 7, 0, 'PERFORMANCE_LOG_TABLE_SCHEMA_NAME', 0, NULL);
INSERT INTO `r_trans_attribute` VALUES (3708, 7, 0, 'PERFORMANCE_LOG_TABLE_TABLE_NAME', 0, NULL);
INSERT INTO `r_trans_attribute` VALUES (3709, 7, 0, 'PERFORMANCE_LOG_TABLE_TIMEOUT_IN_DAYS', 0, NULL);
INSERT INTO `r_trans_attribute` VALUES (3710, 7, 0, 'PERFORMANCE_LOG_TABLE_FIELD_ID0', 0, 'ID_BATCH');
INSERT INTO `r_trans_attribute` VALUES (3711, 7, 0, 'PERFORMANCE_LOG_TABLE_FIELD_NAME0', 0, 'ID_BATCH');
INSERT INTO `r_trans_attribute` VALUES (3712, 7, 0, 'PERFORMANCE_LOG_TABLE_FIELD_ENABLED0', 0, 'Y');
INSERT INTO `r_trans_attribute` VALUES (3713, 7, 0, 'PERFORMANCE_LOG_TABLE_FIELD_ID1', 0, 'SEQ_NR');
INSERT INTO `r_trans_attribute` VALUES (3714, 7, 0, 'PERFORMANCE_LOG_TABLE_FIELD_NAME1', 0, 'SEQ_NR');
INSERT INTO `r_trans_attribute` VALUES (3715, 7, 0, 'PERFORMANCE_LOG_TABLE_FIELD_ENABLED1', 0, 'Y');
INSERT INTO `r_trans_attribute` VALUES (3716, 7, 0, 'PERFORMANCE_LOG_TABLE_FIELD_ID2', 0, 'LOGDATE');
INSERT INTO `r_trans_attribute` VALUES (3717, 7, 0, 'PERFORMANCE_LOG_TABLE_FIELD_NAME2', 0, 'LOGDATE');
INSERT INTO `r_trans_attribute` VALUES (3718, 7, 0, 'PERFORMANCE_LOG_TABLE_FIELD_ENABLED2', 0, 'Y');
INSERT INTO `r_trans_attribute` VALUES (3719, 7, 0, 'PERFORMANCE_LOG_TABLE_FIELD_ID3', 0, 'TRANSNAME');
INSERT INTO `r_trans_attribute` VALUES (3720, 7, 0, 'PERFORMANCE_LOG_TABLE_FIELD_NAME3', 0, 'TRANSNAME');
INSERT INTO `r_trans_attribute` VALUES (3721, 7, 0, 'PERFORMANCE_LOG_TABLE_FIELD_ENABLED3', 0, 'Y');
INSERT INTO `r_trans_attribute` VALUES (3722, 7, 0, 'PERFORMANCE_LOG_TABLE_FIELD_ID4', 0, 'STEPNAME');
INSERT INTO `r_trans_attribute` VALUES (3723, 7, 0, 'PERFORMANCE_LOG_TABLE_FIELD_NAME4', 0, 'STEPNAME');
INSERT INTO `r_trans_attribute` VALUES (3724, 7, 0, 'PERFORMANCE_LOG_TABLE_FIELD_ENABLED4', 0, 'Y');
INSERT INTO `r_trans_attribute` VALUES (3725, 7, 0, 'PERFORMANCE_LOG_TABLE_FIELD_ID5', 0, 'STEP_COPY');
INSERT INTO `r_trans_attribute` VALUES (3726, 7, 0, 'PERFORMANCE_LOG_TABLE_FIELD_NAME5', 0, 'STEP_COPY');
INSERT INTO `r_trans_attribute` VALUES (3727, 7, 0, 'PERFORMANCE_LOG_TABLE_FIELD_ENABLED5', 0, 'Y');
INSERT INTO `r_trans_attribute` VALUES (3728, 7, 0, 'PERFORMANCE_LOG_TABLE_FIELD_ID6', 0, 'LINES_READ');
INSERT INTO `r_trans_attribute` VALUES (3729, 7, 0, 'PERFORMANCE_LOG_TABLE_FIELD_NAME6', 0, 'LINES_READ');
INSERT INTO `r_trans_attribute` VALUES (3730, 7, 0, 'PERFORMANCE_LOG_TABLE_FIELD_ENABLED6', 0, 'Y');
INSERT INTO `r_trans_attribute` VALUES (3731, 7, 0, 'PERFORMANCE_LOG_TABLE_FIELD_ID7', 0, 'LINES_WRITTEN');
INSERT INTO `r_trans_attribute` VALUES (3732, 7, 0, 'PERFORMANCE_LOG_TABLE_FIELD_NAME7', 0, 'LINES_WRITTEN');
INSERT INTO `r_trans_attribute` VALUES (3733, 7, 0, 'PERFORMANCE_LOG_TABLE_FIELD_ENABLED7', 0, 'Y');
INSERT INTO `r_trans_attribute` VALUES (3734, 7, 0, 'PERFORMANCE_LOG_TABLE_FIELD_ID8', 0, 'LINES_UPDATED');
INSERT INTO `r_trans_attribute` VALUES (3735, 7, 0, 'PERFORMANCE_LOG_TABLE_FIELD_NAME8', 0, 'LINES_UPDATED');
INSERT INTO `r_trans_attribute` VALUES (3736, 7, 0, 'PERFORMANCE_LOG_TABLE_FIELD_ENABLED8', 0, 'Y');
INSERT INTO `r_trans_attribute` VALUES (3737, 7, 0, 'PERFORMANCE_LOG_TABLE_FIELD_ID9', 0, 'LINES_INPUT');
INSERT INTO `r_trans_attribute` VALUES (3738, 7, 0, 'PERFORMANCE_LOG_TABLE_FIELD_NAME9', 0, 'LINES_INPUT');
INSERT INTO `r_trans_attribute` VALUES (3739, 7, 0, 'PERFORMANCE_LOG_TABLE_FIELD_ENABLED9', 0, 'Y');
INSERT INTO `r_trans_attribute` VALUES (3740, 7, 0, 'PERFORMANCE_LOG_TABLE_FIELD_ID10', 0, 'LINES_OUTPUT');
INSERT INTO `r_trans_attribute` VALUES (3741, 7, 0, 'PERFORMANCE_LOG_TABLE_FIELD_NAME10', 0, 'LINES_OUTPUT');
INSERT INTO `r_trans_attribute` VALUES (3742, 7, 0, 'PERFORMANCE_LOG_TABLE_FIELD_ENABLED10', 0, 'Y');
INSERT INTO `r_trans_attribute` VALUES (3743, 7, 0, 'PERFORMANCE_LOG_TABLE_FIELD_ID11', 0, 'LINES_REJECTED');
INSERT INTO `r_trans_attribute` VALUES (3744, 7, 0, 'PERFORMANCE_LOG_TABLE_FIELD_NAME11', 0, 'LINES_REJECTED');
INSERT INTO `r_trans_attribute` VALUES (3745, 7, 0, 'PERFORMANCE_LOG_TABLE_FIELD_ENABLED11', 0, 'Y');
INSERT INTO `r_trans_attribute` VALUES (3746, 7, 0, 'PERFORMANCE_LOG_TABLE_FIELD_ID12', 0, 'ERRORS');
INSERT INTO `r_trans_attribute` VALUES (3747, 7, 0, 'PERFORMANCE_LOG_TABLE_FIELD_NAME12', 0, 'ERRORS');
INSERT INTO `r_trans_attribute` VALUES (3748, 7, 0, 'PERFORMANCE_LOG_TABLE_FIELD_ENABLED12', 0, 'Y');
INSERT INTO `r_trans_attribute` VALUES (3749, 7, 0, 'PERFORMANCE_LOG_TABLE_FIELD_ID13', 0, 'INPUT_BUFFER_ROWS');
INSERT INTO `r_trans_attribute` VALUES (3750, 7, 0, 'PERFORMANCE_LOG_TABLE_FIELD_NAME13', 0, 'INPUT_BUFFER_ROWS');
INSERT INTO `r_trans_attribute` VALUES (3751, 7, 0, 'PERFORMANCE_LOG_TABLE_FIELD_ENABLED13', 0, 'Y');
INSERT INTO `r_trans_attribute` VALUES (3752, 7, 0, 'PERFORMANCE_LOG_TABLE_FIELD_ID14', 0, 'OUTPUT_BUFFER_ROWS');
INSERT INTO `r_trans_attribute` VALUES (3753, 7, 0, 'PERFORMANCE_LOG_TABLE_FIELD_NAME14', 0, 'OUTPUT_BUFFER_ROWS');
INSERT INTO `r_trans_attribute` VALUES (3754, 7, 0, 'PERFORMANCE_LOG_TABLE_FIELD_ENABLED14', 0, 'Y');
INSERT INTO `r_trans_attribute` VALUES (3755, 7, 0, 'PERFORMANCELOG_TABLE_INTERVAL', 0, NULL);
INSERT INTO `r_trans_attribute` VALUES (3756, 7, 0, 'CHANNEL_LOG_TABLE_CONNECTION_NAME', 0, NULL);
INSERT INTO `r_trans_attribute` VALUES (3757, 7, 0, 'CHANNEL_LOG_TABLE_SCHEMA_NAME', 0, NULL);
INSERT INTO `r_trans_attribute` VALUES (3758, 7, 0, 'CHANNEL_LOG_TABLE_TABLE_NAME', 0, NULL);
INSERT INTO `r_trans_attribute` VALUES (3759, 7, 0, 'CHANNEL_LOG_TABLE_TIMEOUT_IN_DAYS', 0, NULL);
INSERT INTO `r_trans_attribute` VALUES (3760, 7, 0, 'CHANNEL_LOG_TABLE_FIELD_ID0', 0, 'ID_BATCH');
INSERT INTO `r_trans_attribute` VALUES (3761, 7, 0, 'CHANNEL_LOG_TABLE_FIELD_NAME0', 0, 'ID_BATCH');
INSERT INTO `r_trans_attribute` VALUES (3762, 7, 0, 'CHANNEL_LOG_TABLE_FIELD_ENABLED0', 0, 'Y');
INSERT INTO `r_trans_attribute` VALUES (3763, 7, 0, 'CHANNEL_LOG_TABLE_FIELD_ID1', 0, 'CHANNEL_ID');
INSERT INTO `r_trans_attribute` VALUES (3764, 7, 0, 'CHANNEL_LOG_TABLE_FIELD_NAME1', 0, 'CHANNEL_ID');
INSERT INTO `r_trans_attribute` VALUES (3765, 7, 0, 'CHANNEL_LOG_TABLE_FIELD_ENABLED1', 0, 'Y');
INSERT INTO `r_trans_attribute` VALUES (3766, 7, 0, 'CHANNEL_LOG_TABLE_FIELD_ID2', 0, 'LOG_DATE');
INSERT INTO `r_trans_attribute` VALUES (3767, 7, 0, 'CHANNEL_LOG_TABLE_FIELD_NAME2', 0, 'LOG_DATE');
INSERT INTO `r_trans_attribute` VALUES (3768, 7, 0, 'CHANNEL_LOG_TABLE_FIELD_ENABLED2', 0, 'Y');
INSERT INTO `r_trans_attribute` VALUES (3769, 7, 0, 'CHANNEL_LOG_TABLE_FIELD_ID3', 0, 'LOGGING_OBJECT_TYPE');
INSERT INTO `r_trans_attribute` VALUES (3770, 7, 0, 'CHANNEL_LOG_TABLE_FIELD_NAME3', 0, 'LOGGING_OBJECT_TYPE');
INSERT INTO `r_trans_attribute` VALUES (3771, 7, 0, 'CHANNEL_LOG_TABLE_FIELD_ENABLED3', 0, 'Y');
INSERT INTO `r_trans_attribute` VALUES (3772, 7, 0, 'CHANNEL_LOG_TABLE_FIELD_ID4', 0, 'OBJECT_NAME');
INSERT INTO `r_trans_attribute` VALUES (3773, 7, 0, 'CHANNEL_LOG_TABLE_FIELD_NAME4', 0, 'OBJECT_NAME');
INSERT INTO `r_trans_attribute` VALUES (3774, 7, 0, 'CHANNEL_LOG_TABLE_FIELD_ENABLED4', 0, 'Y');
INSERT INTO `r_trans_attribute` VALUES (3775, 7, 0, 'CHANNEL_LOG_TABLE_FIELD_ID5', 0, 'OBJECT_COPY');
INSERT INTO `r_trans_attribute` VALUES (3776, 7, 0, 'CHANNEL_LOG_TABLE_FIELD_NAME5', 0, 'OBJECT_COPY');
INSERT INTO `r_trans_attribute` VALUES (3777, 7, 0, 'CHANNEL_LOG_TABLE_FIELD_ENABLED5', 0, 'Y');
INSERT INTO `r_trans_attribute` VALUES (3778, 7, 0, 'CHANNEL_LOG_TABLE_FIELD_ID6', 0, 'REPOSITORY_DIRECTORY');
INSERT INTO `r_trans_attribute` VALUES (3779, 7, 0, 'CHANNEL_LOG_TABLE_FIELD_NAME6', 0, 'REPOSITORY_DIRECTORY');
INSERT INTO `r_trans_attribute` VALUES (3780, 7, 0, 'CHANNEL_LOG_TABLE_FIELD_ENABLED6', 0, 'Y');
INSERT INTO `r_trans_attribute` VALUES (3781, 7, 0, 'CHANNEL_LOG_TABLE_FIELD_ID7', 0, 'FILENAME');
INSERT INTO `r_trans_attribute` VALUES (3782, 7, 0, 'CHANNEL_LOG_TABLE_FIELD_NAME7', 0, 'FILENAME');
INSERT INTO `r_trans_attribute` VALUES (3783, 7, 0, 'CHANNEL_LOG_TABLE_FIELD_ENABLED7', 0, 'Y');
INSERT INTO `r_trans_attribute` VALUES (3784, 7, 0, 'CHANNEL_LOG_TABLE_FIELD_ID8', 0, 'OBJECT_ID');
INSERT INTO `r_trans_attribute` VALUES (3785, 7, 0, 'CHANNEL_LOG_TABLE_FIELD_NAME8', 0, 'OBJECT_ID');
INSERT INTO `r_trans_attribute` VALUES (3786, 7, 0, 'CHANNEL_LOG_TABLE_FIELD_ENABLED8', 0, 'Y');
INSERT INTO `r_trans_attribute` VALUES (3787, 7, 0, 'CHANNEL_LOG_TABLE_FIELD_ID9', 0, 'OBJECT_REVISION');
INSERT INTO `r_trans_attribute` VALUES (3788, 7, 0, 'CHANNEL_LOG_TABLE_FIELD_NAME9', 0, 'OBJECT_REVISION');
INSERT INTO `r_trans_attribute` VALUES (3789, 7, 0, 'CHANNEL_LOG_TABLE_FIELD_ENABLED9', 0, 'Y');
INSERT INTO `r_trans_attribute` VALUES (3790, 7, 0, 'CHANNEL_LOG_TABLE_FIELD_ID10', 0, 'PARENT_CHANNEL_ID');
INSERT INTO `r_trans_attribute` VALUES (3791, 7, 0, 'CHANNEL_LOG_TABLE_FIELD_NAME10', 0, 'PARENT_CHANNEL_ID');
INSERT INTO `r_trans_attribute` VALUES (3792, 7, 0, 'CHANNEL_LOG_TABLE_FIELD_ENABLED10', 0, 'Y');
INSERT INTO `r_trans_attribute` VALUES (3793, 7, 0, 'CHANNEL_LOG_TABLE_FIELD_ID11', 0, 'ROOT_CHANNEL_ID');
INSERT INTO `r_trans_attribute` VALUES (3794, 7, 0, 'CHANNEL_LOG_TABLE_FIELD_NAME11', 0, 'ROOT_CHANNEL_ID');
INSERT INTO `r_trans_attribute` VALUES (3795, 7, 0, 'CHANNEL_LOG_TABLE_FIELD_ENABLED11', 0, 'Y');
INSERT INTO `r_trans_attribute` VALUES (3796, 7, 0, 'PARAM_KEY', 0, 'TABLENAME');
INSERT INTO `r_trans_attribute` VALUES (3797, 7, 0, 'PARAM_DEFAULT', 0, NULL);
INSERT INTO `r_trans_attribute` VALUES (3798, 7, 0, 'PARAM_DESC', 0, NULL);
INSERT INTO `r_trans_attribute` VALUES (3799, 2, 0, 'UNIQUE_CONNECTIONS', 0, 'N');
INSERT INTO `r_trans_attribute` VALUES (3800, 2, 0, 'FEEDBACK_SHOWN', 0, 'Y');
INSERT INTO `r_trans_attribute` VALUES (3801, 2, 0, 'FEEDBACK_SIZE', 50000, NULL);
INSERT INTO `r_trans_attribute` VALUES (3802, 2, 0, 'USING_THREAD_PRIORITIES', 0, 'Y');
INSERT INTO `r_trans_attribute` VALUES (3803, 2, 0, 'SHARED_FILE', 0, NULL);
INSERT INTO `r_trans_attribute` VALUES (3804, 2, 0, 'CAPTURE_STEP_PERFORMANCE', 0, 'N');
INSERT INTO `r_trans_attribute` VALUES (3805, 2, 0, 'STEP_PERFORMANCE_CAPTURING_DELAY', 1000, NULL);
INSERT INTO `r_trans_attribute` VALUES (3806, 2, 0, 'STEP_PERFORMANCE_CAPTURING_SIZE_LIMIT', 0, '100');
INSERT INTO `r_trans_attribute` VALUES (3807, 2, 0, 'STEP_PERFORMANCE_LOG_TABLE', 0, NULL);
INSERT INTO `r_trans_attribute` VALUES (3808, 2, 0, 'LOG_SIZE_LIMIT', 0, NULL);
INSERT INTO `r_trans_attribute` VALUES (3809, 2, 0, 'LOG_INTERVAL', 0, NULL);
INSERT INTO `r_trans_attribute` VALUES (3810, 2, 0, 'TRANSFORMATION_TYPE', 0, 'Normal');
INSERT INTO `r_trans_attribute` VALUES (3811, 2, 0, 'SLEEP_TIME_EMPTY', 50, NULL);
INSERT INTO `r_trans_attribute` VALUES (3812, 2, 0, 'SLEEP_TIME_FULL', 50, NULL);
INSERT INTO `r_trans_attribute` VALUES (3813, 2, 0, 'TRANS_LOG_TABLE_CONNECTION_NAME', 0, NULL);
INSERT INTO `r_trans_attribute` VALUES (3814, 2, 0, 'TRANS_LOG_TABLE_SCHEMA_NAME', 0, NULL);
INSERT INTO `r_trans_attribute` VALUES (3815, 2, 0, 'TRANS_LOG_TABLE_TABLE_NAME', 0, NULL);
INSERT INTO `r_trans_attribute` VALUES (3816, 2, 0, 'TRANS_LOG_TABLE_TIMEOUT_IN_DAYS', 0, NULL);
INSERT INTO `r_trans_attribute` VALUES (3817, 2, 0, 'TRANS_LOG_TABLE_FIELD_ID0', 0, 'ID_BATCH');
INSERT INTO `r_trans_attribute` VALUES (3818, 2, 0, 'TRANS_LOG_TABLE_FIELD_NAME0', 0, 'ID_BATCH');
INSERT INTO `r_trans_attribute` VALUES (3819, 2, 0, 'TRANS_LOG_TABLE_FIELD_ENABLED0', 0, 'Y');
INSERT INTO `r_trans_attribute` VALUES (3820, 2, 0, 'TRANS_LOG_TABLE_FIELD_ID1', 0, 'CHANNEL_ID');
INSERT INTO `r_trans_attribute` VALUES (3821, 2, 0, 'TRANS_LOG_TABLE_FIELD_NAME1', 0, 'CHANNEL_ID');
INSERT INTO `r_trans_attribute` VALUES (3822, 2, 0, 'TRANS_LOG_TABLE_FIELD_ENABLED1', 0, 'Y');
INSERT INTO `r_trans_attribute` VALUES (3823, 2, 0, 'TRANS_LOG_TABLE_FIELD_ID2', 0, 'TRANSNAME');
INSERT INTO `r_trans_attribute` VALUES (3824, 2, 0, 'TRANS_LOG_TABLE_FIELD_NAME2', 0, 'TRANSNAME');
INSERT INTO `r_trans_attribute` VALUES (3825, 2, 0, 'TRANS_LOG_TABLE_FIELD_ENABLED2', 0, 'Y');
INSERT INTO `r_trans_attribute` VALUES (3826, 2, 0, 'TRANS_LOG_TABLE_FIELD_ID3', 0, 'STATUS');
INSERT INTO `r_trans_attribute` VALUES (3827, 2, 0, 'TRANS_LOG_TABLE_FIELD_NAME3', 0, 'STATUS');
INSERT INTO `r_trans_attribute` VALUES (3828, 2, 0, 'TRANS_LOG_TABLE_FIELD_ENABLED3', 0, 'Y');
INSERT INTO `r_trans_attribute` VALUES (3829, 2, 0, 'TRANS_LOG_TABLE_FIELD_ID4', 0, 'LINES_READ');
INSERT INTO `r_trans_attribute` VALUES (3830, 2, 0, 'TRANS_LOG_TABLE_FIELD_NAME4', 0, 'LINES_READ');
INSERT INTO `r_trans_attribute` VALUES (3831, 2, 0, 'TRANS_LOG_TABLE_FIELD_ENABLED4', 0, 'Y');
INSERT INTO `r_trans_attribute` VALUES (3832, 2, 0, 'TRANS_LOG_TABLE_FIELD_SUBJECT4', 0, NULL);
INSERT INTO `r_trans_attribute` VALUES (3833, 2, 0, 'TRANS_LOG_TABLE_FIELD_ID5', 0, 'LINES_WRITTEN');
INSERT INTO `r_trans_attribute` VALUES (3834, 2, 0, 'TRANS_LOG_TABLE_FIELD_NAME5', 0, 'LINES_WRITTEN');
INSERT INTO `r_trans_attribute` VALUES (3835, 2, 0, 'TRANS_LOG_TABLE_FIELD_ENABLED5', 0, 'Y');
INSERT INTO `r_trans_attribute` VALUES (3836, 2, 0, 'TRANS_LOG_TABLE_FIELD_SUBJECT5', 0, NULL);
INSERT INTO `r_trans_attribute` VALUES (3837, 2, 0, 'TRANS_LOG_TABLE_FIELD_ID6', 0, 'LINES_UPDATED');
INSERT INTO `r_trans_attribute` VALUES (3838, 2, 0, 'TRANS_LOG_TABLE_FIELD_NAME6', 0, 'LINES_UPDATED');
INSERT INTO `r_trans_attribute` VALUES (3839, 2, 0, 'TRANS_LOG_TABLE_FIELD_ENABLED6', 0, 'Y');
INSERT INTO `r_trans_attribute` VALUES (3840, 2, 0, 'TRANS_LOG_TABLE_FIELD_SUBJECT6', 0, NULL);
INSERT INTO `r_trans_attribute` VALUES (3841, 2, 0, 'TRANS_LOG_TABLE_FIELD_ID7', 0, 'LINES_INPUT');
INSERT INTO `r_trans_attribute` VALUES (3842, 2, 0, 'TRANS_LOG_TABLE_FIELD_NAME7', 0, 'LINES_INPUT');
INSERT INTO `r_trans_attribute` VALUES (3843, 2, 0, 'TRANS_LOG_TABLE_FIELD_ENABLED7', 0, 'Y');
INSERT INTO `r_trans_attribute` VALUES (3844, 2, 0, 'TRANS_LOG_TABLE_FIELD_SUBJECT7', 0, NULL);
INSERT INTO `r_trans_attribute` VALUES (3845, 2, 0, 'TRANS_LOG_TABLE_FIELD_ID8', 0, 'LINES_OUTPUT');
INSERT INTO `r_trans_attribute` VALUES (3846, 2, 0, 'TRANS_LOG_TABLE_FIELD_NAME8', 0, 'LINES_OUTPUT');
INSERT INTO `r_trans_attribute` VALUES (3847, 2, 0, 'TRANS_LOG_TABLE_FIELD_ENABLED8', 0, 'Y');
INSERT INTO `r_trans_attribute` VALUES (3848, 2, 0, 'TRANS_LOG_TABLE_FIELD_SUBJECT8', 0, NULL);
INSERT INTO `r_trans_attribute` VALUES (3849, 2, 0, 'TRANS_LOG_TABLE_FIELD_ID9', 0, 'LINES_REJECTED');
INSERT INTO `r_trans_attribute` VALUES (3850, 2, 0, 'TRANS_LOG_TABLE_FIELD_NAME9', 0, 'LINES_REJECTED');
INSERT INTO `r_trans_attribute` VALUES (3851, 2, 0, 'TRANS_LOG_TABLE_FIELD_ENABLED9', 0, 'Y');
INSERT INTO `r_trans_attribute` VALUES (3852, 2, 0, 'TRANS_LOG_TABLE_FIELD_SUBJECT9', 0, NULL);
INSERT INTO `r_trans_attribute` VALUES (3853, 2, 0, 'TRANS_LOG_TABLE_FIELD_ID10', 0, 'ERRORS');
INSERT INTO `r_trans_attribute` VALUES (3854, 2, 0, 'TRANS_LOG_TABLE_FIELD_NAME10', 0, 'ERRORS');
INSERT INTO `r_trans_attribute` VALUES (3855, 2, 0, 'TRANS_LOG_TABLE_FIELD_ENABLED10', 0, 'Y');
INSERT INTO `r_trans_attribute` VALUES (3856, 2, 0, 'TRANS_LOG_TABLE_FIELD_ID11', 0, 'STARTDATE');
INSERT INTO `r_trans_attribute` VALUES (3857, 2, 0, 'TRANS_LOG_TABLE_FIELD_NAME11', 0, 'STARTDATE');
INSERT INTO `r_trans_attribute` VALUES (3858, 2, 0, 'TRANS_LOG_TABLE_FIELD_ENABLED11', 0, 'Y');
INSERT INTO `r_trans_attribute` VALUES (3859, 2, 0, 'TRANS_LOG_TABLE_FIELD_ID12', 0, 'ENDDATE');
INSERT INTO `r_trans_attribute` VALUES (3860, 2, 0, 'TRANS_LOG_TABLE_FIELD_NAME12', 0, 'ENDDATE');
INSERT INTO `r_trans_attribute` VALUES (3861, 2, 0, 'TRANS_LOG_TABLE_FIELD_ENABLED12', 0, 'Y');
INSERT INTO `r_trans_attribute` VALUES (3862, 2, 0, 'TRANS_LOG_TABLE_FIELD_ID13', 0, 'LOGDATE');
INSERT INTO `r_trans_attribute` VALUES (3863, 2, 0, 'TRANS_LOG_TABLE_FIELD_NAME13', 0, 'LOGDATE');
INSERT INTO `r_trans_attribute` VALUES (3864, 2, 0, 'TRANS_LOG_TABLE_FIELD_ENABLED13', 0, 'Y');
INSERT INTO `r_trans_attribute` VALUES (3865, 2, 0, 'TRANS_LOG_TABLE_FIELD_ID14', 0, 'DEPDATE');
INSERT INTO `r_trans_attribute` VALUES (3866, 2, 0, 'TRANS_LOG_TABLE_FIELD_NAME14', 0, 'DEPDATE');
INSERT INTO `r_trans_attribute` VALUES (3867, 2, 0, 'TRANS_LOG_TABLE_FIELD_ENABLED14', 0, 'Y');
INSERT INTO `r_trans_attribute` VALUES (3868, 2, 0, 'TRANS_LOG_TABLE_FIELD_ID15', 0, 'REPLAYDATE');
INSERT INTO `r_trans_attribute` VALUES (3869, 2, 0, 'TRANS_LOG_TABLE_FIELD_NAME15', 0, 'REPLAYDATE');
INSERT INTO `r_trans_attribute` VALUES (3870, 2, 0, 'TRANS_LOG_TABLE_FIELD_ENABLED15', 0, 'Y');
INSERT INTO `r_trans_attribute` VALUES (3871, 2, 0, 'TRANS_LOG_TABLE_FIELD_ID16', 0, 'LOG_FIELD');
INSERT INTO `r_trans_attribute` VALUES (3872, 2, 0, 'TRANS_LOG_TABLE_FIELD_NAME16', 0, 'LOG_FIELD');
INSERT INTO `r_trans_attribute` VALUES (3873, 2, 0, 'TRANS_LOG_TABLE_FIELD_ENABLED16', 0, 'Y');
INSERT INTO `r_trans_attribute` VALUES (3874, 2, 0, 'TRANS_LOG_TABLE_FIELD_ID17', 0, 'EXECUTING_SERVER');
INSERT INTO `r_trans_attribute` VALUES (3875, 2, 0, 'TRANS_LOG_TABLE_FIELD_NAME17', 0, 'EXECUTING_SERVER');
INSERT INTO `r_trans_attribute` VALUES (3876, 2, 0, 'TRANS_LOG_TABLE_FIELD_ENABLED17', 0, 'N');
INSERT INTO `r_trans_attribute` VALUES (3877, 2, 0, 'TRANS_LOG_TABLE_FIELD_ID18', 0, 'EXECUTING_USER');
INSERT INTO `r_trans_attribute` VALUES (3878, 2, 0, 'TRANS_LOG_TABLE_FIELD_NAME18', 0, 'EXECUTING_USER');
INSERT INTO `r_trans_attribute` VALUES (3879, 2, 0, 'TRANS_LOG_TABLE_FIELD_ENABLED18', 0, 'N');
INSERT INTO `r_trans_attribute` VALUES (3880, 2, 0, 'TRANS_LOG_TABLE_FIELD_ID19', 0, 'CLIENT');
INSERT INTO `r_trans_attribute` VALUES (3881, 2, 0, 'TRANS_LOG_TABLE_FIELD_NAME19', 0, 'CLIENT');
INSERT INTO `r_trans_attribute` VALUES (3882, 2, 0, 'TRANS_LOG_TABLE_FIELD_ENABLED19', 0, 'N');
INSERT INTO `r_trans_attribute` VALUES (3883, 2, 0, 'TRANSLOG_TABLE_INTERVAL', 0, NULL);
INSERT INTO `r_trans_attribute` VALUES (3884, 2, 0, 'TRANSLOG_TABLE_SIZE_LIMIT', 0, NULL);
INSERT INTO `r_trans_attribute` VALUES (3885, 2, 0, 'STEP_LOG_TABLE_CONNECTION_NAME', 0, NULL);
INSERT INTO `r_trans_attribute` VALUES (3886, 2, 0, 'STEP_LOG_TABLE_SCHEMA_NAME', 0, NULL);
INSERT INTO `r_trans_attribute` VALUES (3887, 2, 0, 'STEP_LOG_TABLE_TABLE_NAME', 0, NULL);
INSERT INTO `r_trans_attribute` VALUES (3888, 2, 0, 'STEP_LOG_TABLE_TIMEOUT_IN_DAYS', 0, NULL);
INSERT INTO `r_trans_attribute` VALUES (3889, 2, 0, 'STEP_LOG_TABLE_FIELD_ID0', 0, 'ID_BATCH');
INSERT INTO `r_trans_attribute` VALUES (3890, 2, 0, 'STEP_LOG_TABLE_FIELD_NAME0', 0, 'ID_BATCH');
INSERT INTO `r_trans_attribute` VALUES (3891, 2, 0, 'STEP_LOG_TABLE_FIELD_ENABLED0', 0, 'Y');
INSERT INTO `r_trans_attribute` VALUES (3892, 2, 0, 'STEP_LOG_TABLE_FIELD_ID1', 0, 'CHANNEL_ID');
INSERT INTO `r_trans_attribute` VALUES (3893, 2, 0, 'STEP_LOG_TABLE_FIELD_NAME1', 0, 'CHANNEL_ID');
INSERT INTO `r_trans_attribute` VALUES (3894, 2, 0, 'STEP_LOG_TABLE_FIELD_ENABLED1', 0, 'Y');
INSERT INTO `r_trans_attribute` VALUES (3895, 2, 0, 'STEP_LOG_TABLE_FIELD_ID2', 0, 'LOG_DATE');
INSERT INTO `r_trans_attribute` VALUES (3896, 2, 0, 'STEP_LOG_TABLE_FIELD_NAME2', 0, 'LOG_DATE');
INSERT INTO `r_trans_attribute` VALUES (3897, 2, 0, 'STEP_LOG_TABLE_FIELD_ENABLED2', 0, 'Y');
INSERT INTO `r_trans_attribute` VALUES (3898, 2, 0, 'STEP_LOG_TABLE_FIELD_ID3', 0, 'TRANSNAME');
INSERT INTO `r_trans_attribute` VALUES (3899, 2, 0, 'STEP_LOG_TABLE_FIELD_NAME3', 0, 'TRANSNAME');
INSERT INTO `r_trans_attribute` VALUES (3900, 2, 0, 'STEP_LOG_TABLE_FIELD_ENABLED3', 0, 'Y');
INSERT INTO `r_trans_attribute` VALUES (3901, 2, 0, 'STEP_LOG_TABLE_FIELD_ID4', 0, 'STEPNAME');
INSERT INTO `r_trans_attribute` VALUES (3902, 2, 0, 'STEP_LOG_TABLE_FIELD_NAME4', 0, 'STEPNAME');
INSERT INTO `r_trans_attribute` VALUES (3903, 2, 0, 'STEP_LOG_TABLE_FIELD_ENABLED4', 0, 'Y');
INSERT INTO `r_trans_attribute` VALUES (3904, 2, 0, 'STEP_LOG_TABLE_FIELD_ID5', 0, 'STEP_COPY');
INSERT INTO `r_trans_attribute` VALUES (3905, 2, 0, 'STEP_LOG_TABLE_FIELD_NAME5', 0, 'STEP_COPY');
INSERT INTO `r_trans_attribute` VALUES (3906, 2, 0, 'STEP_LOG_TABLE_FIELD_ENABLED5', 0, 'Y');
INSERT INTO `r_trans_attribute` VALUES (3907, 2, 0, 'STEP_LOG_TABLE_FIELD_ID6', 0, 'LINES_READ');
INSERT INTO `r_trans_attribute` VALUES (3908, 2, 0, 'STEP_LOG_TABLE_FIELD_NAME6', 0, 'LINES_READ');
INSERT INTO `r_trans_attribute` VALUES (3909, 2, 0, 'STEP_LOG_TABLE_FIELD_ENABLED6', 0, 'Y');
INSERT INTO `r_trans_attribute` VALUES (3910, 2, 0, 'STEP_LOG_TABLE_FIELD_ID7', 0, 'LINES_WRITTEN');
INSERT INTO `r_trans_attribute` VALUES (3911, 2, 0, 'STEP_LOG_TABLE_FIELD_NAME7', 0, 'LINES_WRITTEN');
INSERT INTO `r_trans_attribute` VALUES (3912, 2, 0, 'STEP_LOG_TABLE_FIELD_ENABLED7', 0, 'Y');
INSERT INTO `r_trans_attribute` VALUES (3913, 2, 0, 'STEP_LOG_TABLE_FIELD_ID8', 0, 'LINES_UPDATED');
INSERT INTO `r_trans_attribute` VALUES (3914, 2, 0, 'STEP_LOG_TABLE_FIELD_NAME8', 0, 'LINES_UPDATED');
INSERT INTO `r_trans_attribute` VALUES (3915, 2, 0, 'STEP_LOG_TABLE_FIELD_ENABLED8', 0, 'Y');
INSERT INTO `r_trans_attribute` VALUES (3916, 2, 0, 'STEP_LOG_TABLE_FIELD_ID9', 0, 'LINES_INPUT');
INSERT INTO `r_trans_attribute` VALUES (3917, 2, 0, 'STEP_LOG_TABLE_FIELD_NAME9', 0, 'LINES_INPUT');
INSERT INTO `r_trans_attribute` VALUES (3918, 2, 0, 'STEP_LOG_TABLE_FIELD_ENABLED9', 0, 'Y');
INSERT INTO `r_trans_attribute` VALUES (3919, 2, 0, 'STEP_LOG_TABLE_FIELD_ID10', 0, 'LINES_OUTPUT');
INSERT INTO `r_trans_attribute` VALUES (3920, 2, 0, 'STEP_LOG_TABLE_FIELD_NAME10', 0, 'LINES_OUTPUT');
INSERT INTO `r_trans_attribute` VALUES (3921, 2, 0, 'STEP_LOG_TABLE_FIELD_ENABLED10', 0, 'Y');
INSERT INTO `r_trans_attribute` VALUES (3922, 2, 0, 'STEP_LOG_TABLE_FIELD_ID11', 0, 'LINES_REJECTED');
INSERT INTO `r_trans_attribute` VALUES (3923, 2, 0, 'STEP_LOG_TABLE_FIELD_NAME11', 0, 'LINES_REJECTED');
INSERT INTO `r_trans_attribute` VALUES (3924, 2, 0, 'STEP_LOG_TABLE_FIELD_ENABLED11', 0, 'Y');
INSERT INTO `r_trans_attribute` VALUES (3925, 2, 0, 'STEP_LOG_TABLE_FIELD_ID12', 0, 'ERRORS');
INSERT INTO `r_trans_attribute` VALUES (3926, 2, 0, 'STEP_LOG_TABLE_FIELD_NAME12', 0, 'ERRORS');
INSERT INTO `r_trans_attribute` VALUES (3927, 2, 0, 'STEP_LOG_TABLE_FIELD_ENABLED12', 0, 'Y');
INSERT INTO `r_trans_attribute` VALUES (3928, 2, 0, 'STEP_LOG_TABLE_FIELD_ID13', 0, 'LOG_FIELD');
INSERT INTO `r_trans_attribute` VALUES (3929, 2, 0, 'STEP_LOG_TABLE_FIELD_NAME13', 0, 'LOG_FIELD');
INSERT INTO `r_trans_attribute` VALUES (3930, 2, 0, 'STEP_LOG_TABLE_FIELD_ENABLED13', 0, 'N');
INSERT INTO `r_trans_attribute` VALUES (3931, 2, 0, 'PERFORMANCE_LOG_TABLE_CONNECTION_NAME', 0, NULL);
INSERT INTO `r_trans_attribute` VALUES (3932, 2, 0, 'PERFORMANCE_LOG_TABLE_SCHEMA_NAME', 0, NULL);
INSERT INTO `r_trans_attribute` VALUES (3933, 2, 0, 'PERFORMANCE_LOG_TABLE_TABLE_NAME', 0, NULL);
INSERT INTO `r_trans_attribute` VALUES (3934, 2, 0, 'PERFORMANCE_LOG_TABLE_TIMEOUT_IN_DAYS', 0, NULL);
INSERT INTO `r_trans_attribute` VALUES (3935, 2, 0, 'PERFORMANCE_LOG_TABLE_FIELD_ID0', 0, 'ID_BATCH');
INSERT INTO `r_trans_attribute` VALUES (3936, 2, 0, 'PERFORMANCE_LOG_TABLE_FIELD_NAME0', 0, 'ID_BATCH');
INSERT INTO `r_trans_attribute` VALUES (3937, 2, 0, 'PERFORMANCE_LOG_TABLE_FIELD_ENABLED0', 0, 'Y');
INSERT INTO `r_trans_attribute` VALUES (3938, 2, 0, 'PERFORMANCE_LOG_TABLE_FIELD_ID1', 0, 'SEQ_NR');
INSERT INTO `r_trans_attribute` VALUES (3939, 2, 0, 'PERFORMANCE_LOG_TABLE_FIELD_NAME1', 0, 'SEQ_NR');
INSERT INTO `r_trans_attribute` VALUES (3940, 2, 0, 'PERFORMANCE_LOG_TABLE_FIELD_ENABLED1', 0, 'Y');
INSERT INTO `r_trans_attribute` VALUES (3941, 2, 0, 'PERFORMANCE_LOG_TABLE_FIELD_ID2', 0, 'LOGDATE');
INSERT INTO `r_trans_attribute` VALUES (3942, 2, 0, 'PERFORMANCE_LOG_TABLE_FIELD_NAME2', 0, 'LOGDATE');
INSERT INTO `r_trans_attribute` VALUES (3943, 2, 0, 'PERFORMANCE_LOG_TABLE_FIELD_ENABLED2', 0, 'Y');
INSERT INTO `r_trans_attribute` VALUES (3944, 2, 0, 'PERFORMANCE_LOG_TABLE_FIELD_ID3', 0, 'TRANSNAME');
INSERT INTO `r_trans_attribute` VALUES (3945, 2, 0, 'PERFORMANCE_LOG_TABLE_FIELD_NAME3', 0, 'TRANSNAME');
INSERT INTO `r_trans_attribute` VALUES (3946, 2, 0, 'PERFORMANCE_LOG_TABLE_FIELD_ENABLED3', 0, 'Y');
INSERT INTO `r_trans_attribute` VALUES (3947, 2, 0, 'PERFORMANCE_LOG_TABLE_FIELD_ID4', 0, 'STEPNAME');
INSERT INTO `r_trans_attribute` VALUES (3948, 2, 0, 'PERFORMANCE_LOG_TABLE_FIELD_NAME4', 0, 'STEPNAME');
INSERT INTO `r_trans_attribute` VALUES (3949, 2, 0, 'PERFORMANCE_LOG_TABLE_FIELD_ENABLED4', 0, 'Y');
INSERT INTO `r_trans_attribute` VALUES (3950, 2, 0, 'PERFORMANCE_LOG_TABLE_FIELD_ID5', 0, 'STEP_COPY');
INSERT INTO `r_trans_attribute` VALUES (3951, 2, 0, 'PERFORMANCE_LOG_TABLE_FIELD_NAME5', 0, 'STEP_COPY');
INSERT INTO `r_trans_attribute` VALUES (3952, 2, 0, 'PERFORMANCE_LOG_TABLE_FIELD_ENABLED5', 0, 'Y');
INSERT INTO `r_trans_attribute` VALUES (3953, 2, 0, 'PERFORMANCE_LOG_TABLE_FIELD_ID6', 0, 'LINES_READ');
INSERT INTO `r_trans_attribute` VALUES (3954, 2, 0, 'PERFORMANCE_LOG_TABLE_FIELD_NAME6', 0, 'LINES_READ');
INSERT INTO `r_trans_attribute` VALUES (3955, 2, 0, 'PERFORMANCE_LOG_TABLE_FIELD_ENABLED6', 0, 'Y');
INSERT INTO `r_trans_attribute` VALUES (3956, 2, 0, 'PERFORMANCE_LOG_TABLE_FIELD_ID7', 0, 'LINES_WRITTEN');
INSERT INTO `r_trans_attribute` VALUES (3957, 2, 0, 'PERFORMANCE_LOG_TABLE_FIELD_NAME7', 0, 'LINES_WRITTEN');
INSERT INTO `r_trans_attribute` VALUES (3958, 2, 0, 'PERFORMANCE_LOG_TABLE_FIELD_ENABLED7', 0, 'Y');
INSERT INTO `r_trans_attribute` VALUES (3959, 2, 0, 'PERFORMANCE_LOG_TABLE_FIELD_ID8', 0, 'LINES_UPDATED');
INSERT INTO `r_trans_attribute` VALUES (3960, 2, 0, 'PERFORMANCE_LOG_TABLE_FIELD_NAME8', 0, 'LINES_UPDATED');
INSERT INTO `r_trans_attribute` VALUES (3961, 2, 0, 'PERFORMANCE_LOG_TABLE_FIELD_ENABLED8', 0, 'Y');
INSERT INTO `r_trans_attribute` VALUES (3962, 2, 0, 'PERFORMANCE_LOG_TABLE_FIELD_ID9', 0, 'LINES_INPUT');
INSERT INTO `r_trans_attribute` VALUES (3963, 2, 0, 'PERFORMANCE_LOG_TABLE_FIELD_NAME9', 0, 'LINES_INPUT');
INSERT INTO `r_trans_attribute` VALUES (3964, 2, 0, 'PERFORMANCE_LOG_TABLE_FIELD_ENABLED9', 0, 'Y');
INSERT INTO `r_trans_attribute` VALUES (3965, 2, 0, 'PERFORMANCE_LOG_TABLE_FIELD_ID10', 0, 'LINES_OUTPUT');
INSERT INTO `r_trans_attribute` VALUES (3966, 2, 0, 'PERFORMANCE_LOG_TABLE_FIELD_NAME10', 0, 'LINES_OUTPUT');
INSERT INTO `r_trans_attribute` VALUES (3967, 2, 0, 'PERFORMANCE_LOG_TABLE_FIELD_ENABLED10', 0, 'Y');
INSERT INTO `r_trans_attribute` VALUES (3968, 2, 0, 'PERFORMANCE_LOG_TABLE_FIELD_ID11', 0, 'LINES_REJECTED');
INSERT INTO `r_trans_attribute` VALUES (3969, 2, 0, 'PERFORMANCE_LOG_TABLE_FIELD_NAME11', 0, 'LINES_REJECTED');
INSERT INTO `r_trans_attribute` VALUES (3970, 2, 0, 'PERFORMANCE_LOG_TABLE_FIELD_ENABLED11', 0, 'Y');
INSERT INTO `r_trans_attribute` VALUES (3971, 2, 0, 'PERFORMANCE_LOG_TABLE_FIELD_ID12', 0, 'ERRORS');
INSERT INTO `r_trans_attribute` VALUES (3972, 2, 0, 'PERFORMANCE_LOG_TABLE_FIELD_NAME12', 0, 'ERRORS');
INSERT INTO `r_trans_attribute` VALUES (3973, 2, 0, 'PERFORMANCE_LOG_TABLE_FIELD_ENABLED12', 0, 'Y');
INSERT INTO `r_trans_attribute` VALUES (3974, 2, 0, 'PERFORMANCE_LOG_TABLE_FIELD_ID13', 0, 'INPUT_BUFFER_ROWS');
INSERT INTO `r_trans_attribute` VALUES (3975, 2, 0, 'PERFORMANCE_LOG_TABLE_FIELD_NAME13', 0, 'INPUT_BUFFER_ROWS');
INSERT INTO `r_trans_attribute` VALUES (3976, 2, 0, 'PERFORMANCE_LOG_TABLE_FIELD_ENABLED13', 0, 'Y');
INSERT INTO `r_trans_attribute` VALUES (3977, 2, 0, 'PERFORMANCE_LOG_TABLE_FIELD_ID14', 0, 'OUTPUT_BUFFER_ROWS');
INSERT INTO `r_trans_attribute` VALUES (3978, 2, 0, 'PERFORMANCE_LOG_TABLE_FIELD_NAME14', 0, 'OUTPUT_BUFFER_ROWS');
INSERT INTO `r_trans_attribute` VALUES (3979, 2, 0, 'PERFORMANCE_LOG_TABLE_FIELD_ENABLED14', 0, 'Y');
INSERT INTO `r_trans_attribute` VALUES (3980, 2, 0, 'PERFORMANCELOG_TABLE_INTERVAL', 0, NULL);
INSERT INTO `r_trans_attribute` VALUES (3981, 2, 0, 'CHANNEL_LOG_TABLE_CONNECTION_NAME', 0, NULL);
INSERT INTO `r_trans_attribute` VALUES (3982, 2, 0, 'CHANNEL_LOG_TABLE_SCHEMA_NAME', 0, NULL);
INSERT INTO `r_trans_attribute` VALUES (3983, 2, 0, 'CHANNEL_LOG_TABLE_TABLE_NAME', 0, NULL);
INSERT INTO `r_trans_attribute` VALUES (3984, 2, 0, 'CHANNEL_LOG_TABLE_TIMEOUT_IN_DAYS', 0, NULL);
INSERT INTO `r_trans_attribute` VALUES (3985, 2, 0, 'CHANNEL_LOG_TABLE_FIELD_ID0', 0, 'ID_BATCH');
INSERT INTO `r_trans_attribute` VALUES (3986, 2, 0, 'CHANNEL_LOG_TABLE_FIELD_NAME0', 0, 'ID_BATCH');
INSERT INTO `r_trans_attribute` VALUES (3987, 2, 0, 'CHANNEL_LOG_TABLE_FIELD_ENABLED0', 0, 'Y');
INSERT INTO `r_trans_attribute` VALUES (3988, 2, 0, 'CHANNEL_LOG_TABLE_FIELD_ID1', 0, 'CHANNEL_ID');
INSERT INTO `r_trans_attribute` VALUES (3989, 2, 0, 'CHANNEL_LOG_TABLE_FIELD_NAME1', 0, 'CHANNEL_ID');
INSERT INTO `r_trans_attribute` VALUES (3990, 2, 0, 'CHANNEL_LOG_TABLE_FIELD_ENABLED1', 0, 'Y');
INSERT INTO `r_trans_attribute` VALUES (3991, 2, 0, 'CHANNEL_LOG_TABLE_FIELD_ID2', 0, 'LOG_DATE');
INSERT INTO `r_trans_attribute` VALUES (3992, 2, 0, 'CHANNEL_LOG_TABLE_FIELD_NAME2', 0, 'LOG_DATE');
INSERT INTO `r_trans_attribute` VALUES (3993, 2, 0, 'CHANNEL_LOG_TABLE_FIELD_ENABLED2', 0, 'Y');
INSERT INTO `r_trans_attribute` VALUES (3994, 2, 0, 'CHANNEL_LOG_TABLE_FIELD_ID3', 0, 'LOGGING_OBJECT_TYPE');
INSERT INTO `r_trans_attribute` VALUES (3995, 2, 0, 'CHANNEL_LOG_TABLE_FIELD_NAME3', 0, 'LOGGING_OBJECT_TYPE');
INSERT INTO `r_trans_attribute` VALUES (3996, 2, 0, 'CHANNEL_LOG_TABLE_FIELD_ENABLED3', 0, 'Y');
INSERT INTO `r_trans_attribute` VALUES (3997, 2, 0, 'CHANNEL_LOG_TABLE_FIELD_ID4', 0, 'OBJECT_NAME');
INSERT INTO `r_trans_attribute` VALUES (3998, 2, 0, 'CHANNEL_LOG_TABLE_FIELD_NAME4', 0, 'OBJECT_NAME');
INSERT INTO `r_trans_attribute` VALUES (3999, 2, 0, 'CHANNEL_LOG_TABLE_FIELD_ENABLED4', 0, 'Y');
INSERT INTO `r_trans_attribute` VALUES (4000, 2, 0, 'CHANNEL_LOG_TABLE_FIELD_ID5', 0, 'OBJECT_COPY');
INSERT INTO `r_trans_attribute` VALUES (4001, 2, 0, 'CHANNEL_LOG_TABLE_FIELD_NAME5', 0, 'OBJECT_COPY');
INSERT INTO `r_trans_attribute` VALUES (4002, 2, 0, 'CHANNEL_LOG_TABLE_FIELD_ENABLED5', 0, 'Y');
INSERT INTO `r_trans_attribute` VALUES (4003, 2, 0, 'CHANNEL_LOG_TABLE_FIELD_ID6', 0, 'REPOSITORY_DIRECTORY');
INSERT INTO `r_trans_attribute` VALUES (4004, 2, 0, 'CHANNEL_LOG_TABLE_FIELD_NAME6', 0, 'REPOSITORY_DIRECTORY');
INSERT INTO `r_trans_attribute` VALUES (4005, 2, 0, 'CHANNEL_LOG_TABLE_FIELD_ENABLED6', 0, 'Y');
INSERT INTO `r_trans_attribute` VALUES (4006, 2, 0, 'CHANNEL_LOG_TABLE_FIELD_ID7', 0, 'FILENAME');
INSERT INTO `r_trans_attribute` VALUES (4007, 2, 0, 'CHANNEL_LOG_TABLE_FIELD_NAME7', 0, 'FILENAME');
INSERT INTO `r_trans_attribute` VALUES (4008, 2, 0, 'CHANNEL_LOG_TABLE_FIELD_ENABLED7', 0, 'Y');
INSERT INTO `r_trans_attribute` VALUES (4009, 2, 0, 'CHANNEL_LOG_TABLE_FIELD_ID8', 0, 'OBJECT_ID');
INSERT INTO `r_trans_attribute` VALUES (4010, 2, 0, 'CHANNEL_LOG_TABLE_FIELD_NAME8', 0, 'OBJECT_ID');
INSERT INTO `r_trans_attribute` VALUES (4011, 2, 0, 'CHANNEL_LOG_TABLE_FIELD_ENABLED8', 0, 'Y');
INSERT INTO `r_trans_attribute` VALUES (4012, 2, 0, 'CHANNEL_LOG_TABLE_FIELD_ID9', 0, 'OBJECT_REVISION');
INSERT INTO `r_trans_attribute` VALUES (4013, 2, 0, 'CHANNEL_LOG_TABLE_FIELD_NAME9', 0, 'OBJECT_REVISION');
INSERT INTO `r_trans_attribute` VALUES (4014, 2, 0, 'CHANNEL_LOG_TABLE_FIELD_ENABLED9', 0, 'Y');
INSERT INTO `r_trans_attribute` VALUES (4015, 2, 0, 'CHANNEL_LOG_TABLE_FIELD_ID10', 0, 'PARENT_CHANNEL_ID');
INSERT INTO `r_trans_attribute` VALUES (4016, 2, 0, 'CHANNEL_LOG_TABLE_FIELD_NAME10', 0, 'PARENT_CHANNEL_ID');
INSERT INTO `r_trans_attribute` VALUES (4017, 2, 0, 'CHANNEL_LOG_TABLE_FIELD_ENABLED10', 0, 'Y');
INSERT INTO `r_trans_attribute` VALUES (4018, 2, 0, 'CHANNEL_LOG_TABLE_FIELD_ID11', 0, 'ROOT_CHANNEL_ID');
INSERT INTO `r_trans_attribute` VALUES (4019, 2, 0, 'CHANNEL_LOG_TABLE_FIELD_NAME11', 0, 'ROOT_CHANNEL_ID');
INSERT INTO `r_trans_attribute` VALUES (4020, 2, 0, 'CHANNEL_LOG_TABLE_FIELD_ENABLED11', 0, 'Y');
INSERT INTO `r_trans_attribute` VALUES (4021, 2, 0, 'PARAM_KEY', 0, 'TABLENAME');
INSERT INTO `r_trans_attribute` VALUES (4022, 2, 0, 'PARAM_DEFAULT', 0, NULL);
INSERT INTO `r_trans_attribute` VALUES (4023, 2, 0, 'PARAM_DESC', 0, NULL);
INSERT INTO `r_trans_attribute` VALUES (4024, 9, 0, 'UNIQUE_CONNECTIONS', 0, 'N');
INSERT INTO `r_trans_attribute` VALUES (4025, 9, 0, 'FEEDBACK_SHOWN', 0, 'Y');
INSERT INTO `r_trans_attribute` VALUES (4026, 9, 0, 'FEEDBACK_SIZE', 50000, NULL);
INSERT INTO `r_trans_attribute` VALUES (4027, 9, 0, 'USING_THREAD_PRIORITIES', 0, 'Y');
INSERT INTO `r_trans_attribute` VALUES (4028, 9, 0, 'SHARED_FILE', 0, NULL);
INSERT INTO `r_trans_attribute` VALUES (4029, 9, 0, 'CAPTURE_STEP_PERFORMANCE', 0, 'N');
INSERT INTO `r_trans_attribute` VALUES (4030, 9, 0, 'STEP_PERFORMANCE_CAPTURING_DELAY', 1000, NULL);
INSERT INTO `r_trans_attribute` VALUES (4031, 9, 0, 'STEP_PERFORMANCE_CAPTURING_SIZE_LIMIT', 0, '100');
INSERT INTO `r_trans_attribute` VALUES (4032, 9, 0, 'STEP_PERFORMANCE_LOG_TABLE', 0, NULL);
INSERT INTO `r_trans_attribute` VALUES (4033, 9, 0, 'LOG_SIZE_LIMIT', 0, NULL);
INSERT INTO `r_trans_attribute` VALUES (4034, 9, 0, 'LOG_INTERVAL', 0, NULL);
INSERT INTO `r_trans_attribute` VALUES (4035, 9, 0, 'TRANSFORMATION_TYPE', 0, 'Normal');
INSERT INTO `r_trans_attribute` VALUES (4036, 9, 0, 'SLEEP_TIME_EMPTY', 50, NULL);
INSERT INTO `r_trans_attribute` VALUES (4037, 9, 0, 'SLEEP_TIME_FULL', 50, NULL);
INSERT INTO `r_trans_attribute` VALUES (4038, 9, 0, 'TRANS_LOG_TABLE_CONNECTION_NAME', 0, NULL);
INSERT INTO `r_trans_attribute` VALUES (4039, 9, 0, 'TRANS_LOG_TABLE_SCHEMA_NAME', 0, NULL);
INSERT INTO `r_trans_attribute` VALUES (4040, 9, 0, 'TRANS_LOG_TABLE_TABLE_NAME', 0, NULL);
INSERT INTO `r_trans_attribute` VALUES (4041, 9, 0, 'TRANS_LOG_TABLE_TIMEOUT_IN_DAYS', 0, NULL);
INSERT INTO `r_trans_attribute` VALUES (4042, 9, 0, 'TRANS_LOG_TABLE_FIELD_ID0', 0, 'ID_BATCH');
INSERT INTO `r_trans_attribute` VALUES (4043, 9, 0, 'TRANS_LOG_TABLE_FIELD_NAME0', 0, 'ID_BATCH');
INSERT INTO `r_trans_attribute` VALUES (4044, 9, 0, 'TRANS_LOG_TABLE_FIELD_ENABLED0', 0, 'Y');
INSERT INTO `r_trans_attribute` VALUES (4045, 9, 0, 'TRANS_LOG_TABLE_FIELD_ID1', 0, 'CHANNEL_ID');
INSERT INTO `r_trans_attribute` VALUES (4046, 9, 0, 'TRANS_LOG_TABLE_FIELD_NAME1', 0, 'CHANNEL_ID');
INSERT INTO `r_trans_attribute` VALUES (4047, 9, 0, 'TRANS_LOG_TABLE_FIELD_ENABLED1', 0, 'Y');
INSERT INTO `r_trans_attribute` VALUES (4048, 9, 0, 'TRANS_LOG_TABLE_FIELD_ID2', 0, 'TRANSNAME');
INSERT INTO `r_trans_attribute` VALUES (4049, 9, 0, 'TRANS_LOG_TABLE_FIELD_NAME2', 0, 'TRANSNAME');
INSERT INTO `r_trans_attribute` VALUES (4050, 9, 0, 'TRANS_LOG_TABLE_FIELD_ENABLED2', 0, 'Y');
INSERT INTO `r_trans_attribute` VALUES (4051, 9, 0, 'TRANS_LOG_TABLE_FIELD_ID3', 0, 'STATUS');
INSERT INTO `r_trans_attribute` VALUES (4052, 9, 0, 'TRANS_LOG_TABLE_FIELD_NAME3', 0, 'STATUS');
INSERT INTO `r_trans_attribute` VALUES (4053, 9, 0, 'TRANS_LOG_TABLE_FIELD_ENABLED3', 0, 'Y');
INSERT INTO `r_trans_attribute` VALUES (4054, 9, 0, 'TRANS_LOG_TABLE_FIELD_ID4', 0, 'LINES_READ');
INSERT INTO `r_trans_attribute` VALUES (4055, 9, 0, 'TRANS_LOG_TABLE_FIELD_NAME4', 0, 'LINES_READ');
INSERT INTO `r_trans_attribute` VALUES (4056, 9, 0, 'TRANS_LOG_TABLE_FIELD_ENABLED4', 0, 'Y');
INSERT INTO `r_trans_attribute` VALUES (4057, 9, 0, 'TRANS_LOG_TABLE_FIELD_SUBJECT4', 0, NULL);
INSERT INTO `r_trans_attribute` VALUES (4058, 9, 0, 'TRANS_LOG_TABLE_FIELD_ID5', 0, 'LINES_WRITTEN');
INSERT INTO `r_trans_attribute` VALUES (4059, 9, 0, 'TRANS_LOG_TABLE_FIELD_NAME5', 0, 'LINES_WRITTEN');
INSERT INTO `r_trans_attribute` VALUES (4060, 9, 0, 'TRANS_LOG_TABLE_FIELD_ENABLED5', 0, 'Y');
INSERT INTO `r_trans_attribute` VALUES (4061, 9, 0, 'TRANS_LOG_TABLE_FIELD_SUBJECT5', 0, NULL);
INSERT INTO `r_trans_attribute` VALUES (4062, 9, 0, 'TRANS_LOG_TABLE_FIELD_ID6', 0, 'LINES_UPDATED');
INSERT INTO `r_trans_attribute` VALUES (4063, 9, 0, 'TRANS_LOG_TABLE_FIELD_NAME6', 0, 'LINES_UPDATED');
INSERT INTO `r_trans_attribute` VALUES (4064, 9, 0, 'TRANS_LOG_TABLE_FIELD_ENABLED6', 0, 'Y');
INSERT INTO `r_trans_attribute` VALUES (4065, 9, 0, 'TRANS_LOG_TABLE_FIELD_SUBJECT6', 0, NULL);
INSERT INTO `r_trans_attribute` VALUES (4066, 9, 0, 'TRANS_LOG_TABLE_FIELD_ID7', 0, 'LINES_INPUT');
INSERT INTO `r_trans_attribute` VALUES (4067, 9, 0, 'TRANS_LOG_TABLE_FIELD_NAME7', 0, 'LINES_INPUT');
INSERT INTO `r_trans_attribute` VALUES (4068, 9, 0, 'TRANS_LOG_TABLE_FIELD_ENABLED7', 0, 'Y');
INSERT INTO `r_trans_attribute` VALUES (4069, 9, 0, 'TRANS_LOG_TABLE_FIELD_SUBJECT7', 0, NULL);
INSERT INTO `r_trans_attribute` VALUES (4070, 9, 0, 'TRANS_LOG_TABLE_FIELD_ID8', 0, 'LINES_OUTPUT');
INSERT INTO `r_trans_attribute` VALUES (4071, 9, 0, 'TRANS_LOG_TABLE_FIELD_NAME8', 0, 'LINES_OUTPUT');
INSERT INTO `r_trans_attribute` VALUES (4072, 9, 0, 'TRANS_LOG_TABLE_FIELD_ENABLED8', 0, 'Y');
INSERT INTO `r_trans_attribute` VALUES (4073, 9, 0, 'TRANS_LOG_TABLE_FIELD_SUBJECT8', 0, NULL);
INSERT INTO `r_trans_attribute` VALUES (4074, 9, 0, 'TRANS_LOG_TABLE_FIELD_ID9', 0, 'LINES_REJECTED');
INSERT INTO `r_trans_attribute` VALUES (4075, 9, 0, 'TRANS_LOG_TABLE_FIELD_NAME9', 0, 'LINES_REJECTED');
INSERT INTO `r_trans_attribute` VALUES (4076, 9, 0, 'TRANS_LOG_TABLE_FIELD_ENABLED9', 0, 'Y');
INSERT INTO `r_trans_attribute` VALUES (4077, 9, 0, 'TRANS_LOG_TABLE_FIELD_SUBJECT9', 0, NULL);
INSERT INTO `r_trans_attribute` VALUES (4078, 9, 0, 'TRANS_LOG_TABLE_FIELD_ID10', 0, 'ERRORS');
INSERT INTO `r_trans_attribute` VALUES (4079, 9, 0, 'TRANS_LOG_TABLE_FIELD_NAME10', 0, 'ERRORS');
INSERT INTO `r_trans_attribute` VALUES (4080, 9, 0, 'TRANS_LOG_TABLE_FIELD_ENABLED10', 0, 'Y');
INSERT INTO `r_trans_attribute` VALUES (4081, 9, 0, 'TRANS_LOG_TABLE_FIELD_ID11', 0, 'STARTDATE');
INSERT INTO `r_trans_attribute` VALUES (4082, 9, 0, 'TRANS_LOG_TABLE_FIELD_NAME11', 0, 'STARTDATE');
INSERT INTO `r_trans_attribute` VALUES (4083, 9, 0, 'TRANS_LOG_TABLE_FIELD_ENABLED11', 0, 'Y');
INSERT INTO `r_trans_attribute` VALUES (4084, 9, 0, 'TRANS_LOG_TABLE_FIELD_ID12', 0, 'ENDDATE');
INSERT INTO `r_trans_attribute` VALUES (4085, 9, 0, 'TRANS_LOG_TABLE_FIELD_NAME12', 0, 'ENDDATE');
INSERT INTO `r_trans_attribute` VALUES (4086, 9, 0, 'TRANS_LOG_TABLE_FIELD_ENABLED12', 0, 'Y');
INSERT INTO `r_trans_attribute` VALUES (4087, 9, 0, 'TRANS_LOG_TABLE_FIELD_ID13', 0, 'LOGDATE');
INSERT INTO `r_trans_attribute` VALUES (4088, 9, 0, 'TRANS_LOG_TABLE_FIELD_NAME13', 0, 'LOGDATE');
INSERT INTO `r_trans_attribute` VALUES (4089, 9, 0, 'TRANS_LOG_TABLE_FIELD_ENABLED13', 0, 'Y');
INSERT INTO `r_trans_attribute` VALUES (4090, 9, 0, 'TRANS_LOG_TABLE_FIELD_ID14', 0, 'DEPDATE');
INSERT INTO `r_trans_attribute` VALUES (4091, 9, 0, 'TRANS_LOG_TABLE_FIELD_NAME14', 0, 'DEPDATE');
INSERT INTO `r_trans_attribute` VALUES (4092, 9, 0, 'TRANS_LOG_TABLE_FIELD_ENABLED14', 0, 'Y');
INSERT INTO `r_trans_attribute` VALUES (4093, 9, 0, 'TRANS_LOG_TABLE_FIELD_ID15', 0, 'REPLAYDATE');
INSERT INTO `r_trans_attribute` VALUES (4094, 9, 0, 'TRANS_LOG_TABLE_FIELD_NAME15', 0, 'REPLAYDATE');
INSERT INTO `r_trans_attribute` VALUES (4095, 9, 0, 'TRANS_LOG_TABLE_FIELD_ENABLED15', 0, 'Y');
INSERT INTO `r_trans_attribute` VALUES (4096, 9, 0, 'TRANS_LOG_TABLE_FIELD_ID16', 0, 'LOG_FIELD');
INSERT INTO `r_trans_attribute` VALUES (4097, 9, 0, 'TRANS_LOG_TABLE_FIELD_NAME16', 0, 'LOG_FIELD');
INSERT INTO `r_trans_attribute` VALUES (4098, 9, 0, 'TRANS_LOG_TABLE_FIELD_ENABLED16', 0, 'Y');
INSERT INTO `r_trans_attribute` VALUES (4099, 9, 0, 'TRANS_LOG_TABLE_FIELD_ID17', 0, 'EXECUTING_SERVER');
INSERT INTO `r_trans_attribute` VALUES (4100, 9, 0, 'TRANS_LOG_TABLE_FIELD_NAME17', 0, 'EXECUTING_SERVER');
INSERT INTO `r_trans_attribute` VALUES (4101, 9, 0, 'TRANS_LOG_TABLE_FIELD_ENABLED17', 0, 'N');
INSERT INTO `r_trans_attribute` VALUES (4102, 9, 0, 'TRANS_LOG_TABLE_FIELD_ID18', 0, 'EXECUTING_USER');
INSERT INTO `r_trans_attribute` VALUES (4103, 9, 0, 'TRANS_LOG_TABLE_FIELD_NAME18', 0, 'EXECUTING_USER');
INSERT INTO `r_trans_attribute` VALUES (4104, 9, 0, 'TRANS_LOG_TABLE_FIELD_ENABLED18', 0, 'N');
INSERT INTO `r_trans_attribute` VALUES (4105, 9, 0, 'TRANS_LOG_TABLE_FIELD_ID19', 0, 'CLIENT');
INSERT INTO `r_trans_attribute` VALUES (4106, 9, 0, 'TRANS_LOG_TABLE_FIELD_NAME19', 0, 'CLIENT');
INSERT INTO `r_trans_attribute` VALUES (4107, 9, 0, 'TRANS_LOG_TABLE_FIELD_ENABLED19', 0, 'N');
INSERT INTO `r_trans_attribute` VALUES (4108, 9, 0, 'TRANSLOG_TABLE_INTERVAL', 0, NULL);
INSERT INTO `r_trans_attribute` VALUES (4109, 9, 0, 'TRANSLOG_TABLE_SIZE_LIMIT', 0, NULL);
INSERT INTO `r_trans_attribute` VALUES (4110, 9, 0, 'STEP_LOG_TABLE_CONNECTION_NAME', 0, NULL);
INSERT INTO `r_trans_attribute` VALUES (4111, 9, 0, 'STEP_LOG_TABLE_SCHEMA_NAME', 0, NULL);
INSERT INTO `r_trans_attribute` VALUES (4112, 9, 0, 'STEP_LOG_TABLE_TABLE_NAME', 0, NULL);
INSERT INTO `r_trans_attribute` VALUES (4113, 9, 0, 'STEP_LOG_TABLE_TIMEOUT_IN_DAYS', 0, NULL);
INSERT INTO `r_trans_attribute` VALUES (4114, 9, 0, 'STEP_LOG_TABLE_FIELD_ID0', 0, 'ID_BATCH');
INSERT INTO `r_trans_attribute` VALUES (4115, 9, 0, 'STEP_LOG_TABLE_FIELD_NAME0', 0, 'ID_BATCH');
INSERT INTO `r_trans_attribute` VALUES (4116, 9, 0, 'STEP_LOG_TABLE_FIELD_ENABLED0', 0, 'Y');
INSERT INTO `r_trans_attribute` VALUES (4117, 9, 0, 'STEP_LOG_TABLE_FIELD_ID1', 0, 'CHANNEL_ID');
INSERT INTO `r_trans_attribute` VALUES (4118, 9, 0, 'STEP_LOG_TABLE_FIELD_NAME1', 0, 'CHANNEL_ID');
INSERT INTO `r_trans_attribute` VALUES (4119, 9, 0, 'STEP_LOG_TABLE_FIELD_ENABLED1', 0, 'Y');
INSERT INTO `r_trans_attribute` VALUES (4120, 9, 0, 'STEP_LOG_TABLE_FIELD_ID2', 0, 'LOG_DATE');
INSERT INTO `r_trans_attribute` VALUES (4121, 9, 0, 'STEP_LOG_TABLE_FIELD_NAME2', 0, 'LOG_DATE');
INSERT INTO `r_trans_attribute` VALUES (4122, 9, 0, 'STEP_LOG_TABLE_FIELD_ENABLED2', 0, 'Y');
INSERT INTO `r_trans_attribute` VALUES (4123, 9, 0, 'STEP_LOG_TABLE_FIELD_ID3', 0, 'TRANSNAME');
INSERT INTO `r_trans_attribute` VALUES (4124, 9, 0, 'STEP_LOG_TABLE_FIELD_NAME3', 0, 'TRANSNAME');
INSERT INTO `r_trans_attribute` VALUES (4125, 9, 0, 'STEP_LOG_TABLE_FIELD_ENABLED3', 0, 'Y');
INSERT INTO `r_trans_attribute` VALUES (4126, 9, 0, 'STEP_LOG_TABLE_FIELD_ID4', 0, 'STEPNAME');
INSERT INTO `r_trans_attribute` VALUES (4127, 9, 0, 'STEP_LOG_TABLE_FIELD_NAME4', 0, 'STEPNAME');
INSERT INTO `r_trans_attribute` VALUES (4128, 9, 0, 'STEP_LOG_TABLE_FIELD_ENABLED4', 0, 'Y');
INSERT INTO `r_trans_attribute` VALUES (4129, 9, 0, 'STEP_LOG_TABLE_FIELD_ID5', 0, 'STEP_COPY');
INSERT INTO `r_trans_attribute` VALUES (4130, 9, 0, 'STEP_LOG_TABLE_FIELD_NAME5', 0, 'STEP_COPY');
INSERT INTO `r_trans_attribute` VALUES (4131, 9, 0, 'STEP_LOG_TABLE_FIELD_ENABLED5', 0, 'Y');
INSERT INTO `r_trans_attribute` VALUES (4132, 9, 0, 'STEP_LOG_TABLE_FIELD_ID6', 0, 'LINES_READ');
INSERT INTO `r_trans_attribute` VALUES (4133, 9, 0, 'STEP_LOG_TABLE_FIELD_NAME6', 0, 'LINES_READ');
INSERT INTO `r_trans_attribute` VALUES (4134, 9, 0, 'STEP_LOG_TABLE_FIELD_ENABLED6', 0, 'Y');
INSERT INTO `r_trans_attribute` VALUES (4135, 9, 0, 'STEP_LOG_TABLE_FIELD_ID7', 0, 'LINES_WRITTEN');
INSERT INTO `r_trans_attribute` VALUES (4136, 9, 0, 'STEP_LOG_TABLE_FIELD_NAME7', 0, 'LINES_WRITTEN');
INSERT INTO `r_trans_attribute` VALUES (4137, 9, 0, 'STEP_LOG_TABLE_FIELD_ENABLED7', 0, 'Y');
INSERT INTO `r_trans_attribute` VALUES (4138, 9, 0, 'STEP_LOG_TABLE_FIELD_ID8', 0, 'LINES_UPDATED');
INSERT INTO `r_trans_attribute` VALUES (4139, 9, 0, 'STEP_LOG_TABLE_FIELD_NAME8', 0, 'LINES_UPDATED');
INSERT INTO `r_trans_attribute` VALUES (4140, 9, 0, 'STEP_LOG_TABLE_FIELD_ENABLED8', 0, 'Y');
INSERT INTO `r_trans_attribute` VALUES (4141, 9, 0, 'STEP_LOG_TABLE_FIELD_ID9', 0, 'LINES_INPUT');
INSERT INTO `r_trans_attribute` VALUES (4142, 9, 0, 'STEP_LOG_TABLE_FIELD_NAME9', 0, 'LINES_INPUT');
INSERT INTO `r_trans_attribute` VALUES (4143, 9, 0, 'STEP_LOG_TABLE_FIELD_ENABLED9', 0, 'Y');
INSERT INTO `r_trans_attribute` VALUES (4144, 9, 0, 'STEP_LOG_TABLE_FIELD_ID10', 0, 'LINES_OUTPUT');
INSERT INTO `r_trans_attribute` VALUES (4145, 9, 0, 'STEP_LOG_TABLE_FIELD_NAME10', 0, 'LINES_OUTPUT');
INSERT INTO `r_trans_attribute` VALUES (4146, 9, 0, 'STEP_LOG_TABLE_FIELD_ENABLED10', 0, 'Y');
INSERT INTO `r_trans_attribute` VALUES (4147, 9, 0, 'STEP_LOG_TABLE_FIELD_ID11', 0, 'LINES_REJECTED');
INSERT INTO `r_trans_attribute` VALUES (4148, 9, 0, 'STEP_LOG_TABLE_FIELD_NAME11', 0, 'LINES_REJECTED');
INSERT INTO `r_trans_attribute` VALUES (4149, 9, 0, 'STEP_LOG_TABLE_FIELD_ENABLED11', 0, 'Y');
INSERT INTO `r_trans_attribute` VALUES (4150, 9, 0, 'STEP_LOG_TABLE_FIELD_ID12', 0, 'ERRORS');
INSERT INTO `r_trans_attribute` VALUES (4151, 9, 0, 'STEP_LOG_TABLE_FIELD_NAME12', 0, 'ERRORS');
INSERT INTO `r_trans_attribute` VALUES (4152, 9, 0, 'STEP_LOG_TABLE_FIELD_ENABLED12', 0, 'Y');
INSERT INTO `r_trans_attribute` VALUES (4153, 9, 0, 'STEP_LOG_TABLE_FIELD_ID13', 0, 'LOG_FIELD');
INSERT INTO `r_trans_attribute` VALUES (4154, 9, 0, 'STEP_LOG_TABLE_FIELD_NAME13', 0, 'LOG_FIELD');
INSERT INTO `r_trans_attribute` VALUES (4155, 9, 0, 'STEP_LOG_TABLE_FIELD_ENABLED13', 0, 'N');
INSERT INTO `r_trans_attribute` VALUES (4156, 9, 0, 'PERFORMANCE_LOG_TABLE_CONNECTION_NAME', 0, NULL);
INSERT INTO `r_trans_attribute` VALUES (4157, 9, 0, 'PERFORMANCE_LOG_TABLE_SCHEMA_NAME', 0, NULL);
INSERT INTO `r_trans_attribute` VALUES (4158, 9, 0, 'PERFORMANCE_LOG_TABLE_TABLE_NAME', 0, NULL);
INSERT INTO `r_trans_attribute` VALUES (4159, 9, 0, 'PERFORMANCE_LOG_TABLE_TIMEOUT_IN_DAYS', 0, NULL);
INSERT INTO `r_trans_attribute` VALUES (4160, 9, 0, 'PERFORMANCE_LOG_TABLE_FIELD_ID0', 0, 'ID_BATCH');
INSERT INTO `r_trans_attribute` VALUES (4161, 9, 0, 'PERFORMANCE_LOG_TABLE_FIELD_NAME0', 0, 'ID_BATCH');
INSERT INTO `r_trans_attribute` VALUES (4162, 9, 0, 'PERFORMANCE_LOG_TABLE_FIELD_ENABLED0', 0, 'Y');
INSERT INTO `r_trans_attribute` VALUES (4163, 9, 0, 'PERFORMANCE_LOG_TABLE_FIELD_ID1', 0, 'SEQ_NR');
INSERT INTO `r_trans_attribute` VALUES (4164, 9, 0, 'PERFORMANCE_LOG_TABLE_FIELD_NAME1', 0, 'SEQ_NR');
INSERT INTO `r_trans_attribute` VALUES (4165, 9, 0, 'PERFORMANCE_LOG_TABLE_FIELD_ENABLED1', 0, 'Y');
INSERT INTO `r_trans_attribute` VALUES (4166, 9, 0, 'PERFORMANCE_LOG_TABLE_FIELD_ID2', 0, 'LOGDATE');
INSERT INTO `r_trans_attribute` VALUES (4167, 9, 0, 'PERFORMANCE_LOG_TABLE_FIELD_NAME2', 0, 'LOGDATE');
INSERT INTO `r_trans_attribute` VALUES (4168, 9, 0, 'PERFORMANCE_LOG_TABLE_FIELD_ENABLED2', 0, 'Y');
INSERT INTO `r_trans_attribute` VALUES (4169, 9, 0, 'PERFORMANCE_LOG_TABLE_FIELD_ID3', 0, 'TRANSNAME');
INSERT INTO `r_trans_attribute` VALUES (4170, 9, 0, 'PERFORMANCE_LOG_TABLE_FIELD_NAME3', 0, 'TRANSNAME');
INSERT INTO `r_trans_attribute` VALUES (4171, 9, 0, 'PERFORMANCE_LOG_TABLE_FIELD_ENABLED3', 0, 'Y');
INSERT INTO `r_trans_attribute` VALUES (4172, 9, 0, 'PERFORMANCE_LOG_TABLE_FIELD_ID4', 0, 'STEPNAME');
INSERT INTO `r_trans_attribute` VALUES (4173, 9, 0, 'PERFORMANCE_LOG_TABLE_FIELD_NAME4', 0, 'STEPNAME');
INSERT INTO `r_trans_attribute` VALUES (4174, 9, 0, 'PERFORMANCE_LOG_TABLE_FIELD_ENABLED4', 0, 'Y');
INSERT INTO `r_trans_attribute` VALUES (4175, 9, 0, 'PERFORMANCE_LOG_TABLE_FIELD_ID5', 0, 'STEP_COPY');
INSERT INTO `r_trans_attribute` VALUES (4176, 9, 0, 'PERFORMANCE_LOG_TABLE_FIELD_NAME5', 0, 'STEP_COPY');
INSERT INTO `r_trans_attribute` VALUES (4177, 9, 0, 'PERFORMANCE_LOG_TABLE_FIELD_ENABLED5', 0, 'Y');
INSERT INTO `r_trans_attribute` VALUES (4178, 9, 0, 'PERFORMANCE_LOG_TABLE_FIELD_ID6', 0, 'LINES_READ');
INSERT INTO `r_trans_attribute` VALUES (4179, 9, 0, 'PERFORMANCE_LOG_TABLE_FIELD_NAME6', 0, 'LINES_READ');
INSERT INTO `r_trans_attribute` VALUES (4180, 9, 0, 'PERFORMANCE_LOG_TABLE_FIELD_ENABLED6', 0, 'Y');
INSERT INTO `r_trans_attribute` VALUES (4181, 9, 0, 'PERFORMANCE_LOG_TABLE_FIELD_ID7', 0, 'LINES_WRITTEN');
INSERT INTO `r_trans_attribute` VALUES (4182, 9, 0, 'PERFORMANCE_LOG_TABLE_FIELD_NAME7', 0, 'LINES_WRITTEN');
INSERT INTO `r_trans_attribute` VALUES (4183, 9, 0, 'PERFORMANCE_LOG_TABLE_FIELD_ENABLED7', 0, 'Y');
INSERT INTO `r_trans_attribute` VALUES (4184, 9, 0, 'PERFORMANCE_LOG_TABLE_FIELD_ID8', 0, 'LINES_UPDATED');
INSERT INTO `r_trans_attribute` VALUES (4185, 9, 0, 'PERFORMANCE_LOG_TABLE_FIELD_NAME8', 0, 'LINES_UPDATED');
INSERT INTO `r_trans_attribute` VALUES (4186, 9, 0, 'PERFORMANCE_LOG_TABLE_FIELD_ENABLED8', 0, 'Y');
INSERT INTO `r_trans_attribute` VALUES (4187, 9, 0, 'PERFORMANCE_LOG_TABLE_FIELD_ID9', 0, 'LINES_INPUT');
INSERT INTO `r_trans_attribute` VALUES (4188, 9, 0, 'PERFORMANCE_LOG_TABLE_FIELD_NAME9', 0, 'LINES_INPUT');
INSERT INTO `r_trans_attribute` VALUES (4189, 9, 0, 'PERFORMANCE_LOG_TABLE_FIELD_ENABLED9', 0, 'Y');
INSERT INTO `r_trans_attribute` VALUES (4190, 9, 0, 'PERFORMANCE_LOG_TABLE_FIELD_ID10', 0, 'LINES_OUTPUT');
INSERT INTO `r_trans_attribute` VALUES (4191, 9, 0, 'PERFORMANCE_LOG_TABLE_FIELD_NAME10', 0, 'LINES_OUTPUT');
INSERT INTO `r_trans_attribute` VALUES (4192, 9, 0, 'PERFORMANCE_LOG_TABLE_FIELD_ENABLED10', 0, 'Y');
INSERT INTO `r_trans_attribute` VALUES (4193, 9, 0, 'PERFORMANCE_LOG_TABLE_FIELD_ID11', 0, 'LINES_REJECTED');
INSERT INTO `r_trans_attribute` VALUES (4194, 9, 0, 'PERFORMANCE_LOG_TABLE_FIELD_NAME11', 0, 'LINES_REJECTED');
INSERT INTO `r_trans_attribute` VALUES (4195, 9, 0, 'PERFORMANCE_LOG_TABLE_FIELD_ENABLED11', 0, 'Y');
INSERT INTO `r_trans_attribute` VALUES (4196, 9, 0, 'PERFORMANCE_LOG_TABLE_FIELD_ID12', 0, 'ERRORS');
INSERT INTO `r_trans_attribute` VALUES (4197, 9, 0, 'PERFORMANCE_LOG_TABLE_FIELD_NAME12', 0, 'ERRORS');
INSERT INTO `r_trans_attribute` VALUES (4198, 9, 0, 'PERFORMANCE_LOG_TABLE_FIELD_ENABLED12', 0, 'Y');
INSERT INTO `r_trans_attribute` VALUES (4199, 9, 0, 'PERFORMANCE_LOG_TABLE_FIELD_ID13', 0, 'INPUT_BUFFER_ROWS');
INSERT INTO `r_trans_attribute` VALUES (4200, 9, 0, 'PERFORMANCE_LOG_TABLE_FIELD_NAME13', 0, 'INPUT_BUFFER_ROWS');
INSERT INTO `r_trans_attribute` VALUES (4201, 9, 0, 'PERFORMANCE_LOG_TABLE_FIELD_ENABLED13', 0, 'Y');
INSERT INTO `r_trans_attribute` VALUES (4202, 9, 0, 'PERFORMANCE_LOG_TABLE_FIELD_ID14', 0, 'OUTPUT_BUFFER_ROWS');
INSERT INTO `r_trans_attribute` VALUES (4203, 9, 0, 'PERFORMANCE_LOG_TABLE_FIELD_NAME14', 0, 'OUTPUT_BUFFER_ROWS');
INSERT INTO `r_trans_attribute` VALUES (4204, 9, 0, 'PERFORMANCE_LOG_TABLE_FIELD_ENABLED14', 0, 'Y');
INSERT INTO `r_trans_attribute` VALUES (4205, 9, 0, 'PERFORMANCELOG_TABLE_INTERVAL', 0, NULL);
INSERT INTO `r_trans_attribute` VALUES (4206, 9, 0, 'CHANNEL_LOG_TABLE_CONNECTION_NAME', 0, NULL);
INSERT INTO `r_trans_attribute` VALUES (4207, 9, 0, 'CHANNEL_LOG_TABLE_SCHEMA_NAME', 0, NULL);
INSERT INTO `r_trans_attribute` VALUES (4208, 9, 0, 'CHANNEL_LOG_TABLE_TABLE_NAME', 0, NULL);
INSERT INTO `r_trans_attribute` VALUES (4209, 9, 0, 'CHANNEL_LOG_TABLE_TIMEOUT_IN_DAYS', 0, NULL);
INSERT INTO `r_trans_attribute` VALUES (4210, 9, 0, 'CHANNEL_LOG_TABLE_FIELD_ID0', 0, 'ID_BATCH');
INSERT INTO `r_trans_attribute` VALUES (4211, 9, 0, 'CHANNEL_LOG_TABLE_FIELD_NAME0', 0, 'ID_BATCH');
INSERT INTO `r_trans_attribute` VALUES (4212, 9, 0, 'CHANNEL_LOG_TABLE_FIELD_ENABLED0', 0, 'Y');
INSERT INTO `r_trans_attribute` VALUES (4213, 9, 0, 'CHANNEL_LOG_TABLE_FIELD_ID1', 0, 'CHANNEL_ID');
INSERT INTO `r_trans_attribute` VALUES (4214, 9, 0, 'CHANNEL_LOG_TABLE_FIELD_NAME1', 0, 'CHANNEL_ID');
INSERT INTO `r_trans_attribute` VALUES (4215, 9, 0, 'CHANNEL_LOG_TABLE_FIELD_ENABLED1', 0, 'Y');
INSERT INTO `r_trans_attribute` VALUES (4216, 9, 0, 'CHANNEL_LOG_TABLE_FIELD_ID2', 0, 'LOG_DATE');
INSERT INTO `r_trans_attribute` VALUES (4217, 9, 0, 'CHANNEL_LOG_TABLE_FIELD_NAME2', 0, 'LOG_DATE');
INSERT INTO `r_trans_attribute` VALUES (4218, 9, 0, 'CHANNEL_LOG_TABLE_FIELD_ENABLED2', 0, 'Y');
INSERT INTO `r_trans_attribute` VALUES (4219, 9, 0, 'CHANNEL_LOG_TABLE_FIELD_ID3', 0, 'LOGGING_OBJECT_TYPE');
INSERT INTO `r_trans_attribute` VALUES (4220, 9, 0, 'CHANNEL_LOG_TABLE_FIELD_NAME3', 0, 'LOGGING_OBJECT_TYPE');
INSERT INTO `r_trans_attribute` VALUES (4221, 9, 0, 'CHANNEL_LOG_TABLE_FIELD_ENABLED3', 0, 'Y');
INSERT INTO `r_trans_attribute` VALUES (4222, 9, 0, 'CHANNEL_LOG_TABLE_FIELD_ID4', 0, 'OBJECT_NAME');
INSERT INTO `r_trans_attribute` VALUES (4223, 9, 0, 'CHANNEL_LOG_TABLE_FIELD_NAME4', 0, 'OBJECT_NAME');
INSERT INTO `r_trans_attribute` VALUES (4224, 9, 0, 'CHANNEL_LOG_TABLE_FIELD_ENABLED4', 0, 'Y');
INSERT INTO `r_trans_attribute` VALUES (4225, 9, 0, 'CHANNEL_LOG_TABLE_FIELD_ID5', 0, 'OBJECT_COPY');
INSERT INTO `r_trans_attribute` VALUES (4226, 9, 0, 'CHANNEL_LOG_TABLE_FIELD_NAME5', 0, 'OBJECT_COPY');
INSERT INTO `r_trans_attribute` VALUES (4227, 9, 0, 'CHANNEL_LOG_TABLE_FIELD_ENABLED5', 0, 'Y');
INSERT INTO `r_trans_attribute` VALUES (4228, 9, 0, 'CHANNEL_LOG_TABLE_FIELD_ID6', 0, 'REPOSITORY_DIRECTORY');
INSERT INTO `r_trans_attribute` VALUES (4229, 9, 0, 'CHANNEL_LOG_TABLE_FIELD_NAME6', 0, 'REPOSITORY_DIRECTORY');
INSERT INTO `r_trans_attribute` VALUES (4230, 9, 0, 'CHANNEL_LOG_TABLE_FIELD_ENABLED6', 0, 'Y');
INSERT INTO `r_trans_attribute` VALUES (4231, 9, 0, 'CHANNEL_LOG_TABLE_FIELD_ID7', 0, 'FILENAME');
INSERT INTO `r_trans_attribute` VALUES (4232, 9, 0, 'CHANNEL_LOG_TABLE_FIELD_NAME7', 0, 'FILENAME');
INSERT INTO `r_trans_attribute` VALUES (4233, 9, 0, 'CHANNEL_LOG_TABLE_FIELD_ENABLED7', 0, 'Y');
INSERT INTO `r_trans_attribute` VALUES (4234, 9, 0, 'CHANNEL_LOG_TABLE_FIELD_ID8', 0, 'OBJECT_ID');
INSERT INTO `r_trans_attribute` VALUES (4235, 9, 0, 'CHANNEL_LOG_TABLE_FIELD_NAME8', 0, 'OBJECT_ID');
INSERT INTO `r_trans_attribute` VALUES (4236, 9, 0, 'CHANNEL_LOG_TABLE_FIELD_ENABLED8', 0, 'Y');
INSERT INTO `r_trans_attribute` VALUES (4237, 9, 0, 'CHANNEL_LOG_TABLE_FIELD_ID9', 0, 'OBJECT_REVISION');
INSERT INTO `r_trans_attribute` VALUES (4238, 9, 0, 'CHANNEL_LOG_TABLE_FIELD_NAME9', 0, 'OBJECT_REVISION');
INSERT INTO `r_trans_attribute` VALUES (4239, 9, 0, 'CHANNEL_LOG_TABLE_FIELD_ENABLED9', 0, 'Y');
INSERT INTO `r_trans_attribute` VALUES (4240, 9, 0, 'CHANNEL_LOG_TABLE_FIELD_ID10', 0, 'PARENT_CHANNEL_ID');
INSERT INTO `r_trans_attribute` VALUES (4241, 9, 0, 'CHANNEL_LOG_TABLE_FIELD_NAME10', 0, 'PARENT_CHANNEL_ID');
INSERT INTO `r_trans_attribute` VALUES (4242, 9, 0, 'CHANNEL_LOG_TABLE_FIELD_ENABLED10', 0, 'Y');
INSERT INTO `r_trans_attribute` VALUES (4243, 9, 0, 'CHANNEL_LOG_TABLE_FIELD_ID11', 0, 'ROOT_CHANNEL_ID');
INSERT INTO `r_trans_attribute` VALUES (4244, 9, 0, 'CHANNEL_LOG_TABLE_FIELD_NAME11', 0, 'ROOT_CHANNEL_ID');
INSERT INTO `r_trans_attribute` VALUES (4245, 9, 0, 'CHANNEL_LOG_TABLE_FIELD_ENABLED11', 0, 'Y');
INSERT INTO `r_trans_attribute` VALUES (4246, 10, 0, 'UNIQUE_CONNECTIONS', 0, 'N');
INSERT INTO `r_trans_attribute` VALUES (4247, 10, 0, 'FEEDBACK_SHOWN', 0, 'Y');
INSERT INTO `r_trans_attribute` VALUES (4248, 10, 0, 'FEEDBACK_SIZE', 50000, NULL);
INSERT INTO `r_trans_attribute` VALUES (4249, 10, 0, 'USING_THREAD_PRIORITIES', 0, 'Y');
INSERT INTO `r_trans_attribute` VALUES (4250, 10, 0, 'SHARED_FILE', 0, NULL);
INSERT INTO `r_trans_attribute` VALUES (4251, 10, 0, 'CAPTURE_STEP_PERFORMANCE', 0, 'N');
INSERT INTO `r_trans_attribute` VALUES (4252, 10, 0, 'STEP_PERFORMANCE_CAPTURING_DELAY', 1000, NULL);
INSERT INTO `r_trans_attribute` VALUES (4253, 10, 0, 'STEP_PERFORMANCE_CAPTURING_SIZE_LIMIT', 0, '100');
INSERT INTO `r_trans_attribute` VALUES (4254, 10, 0, 'STEP_PERFORMANCE_LOG_TABLE', 0, NULL);
INSERT INTO `r_trans_attribute` VALUES (4255, 10, 0, 'LOG_SIZE_LIMIT', 0, NULL);
INSERT INTO `r_trans_attribute` VALUES (4256, 10, 0, 'LOG_INTERVAL', 0, NULL);
INSERT INTO `r_trans_attribute` VALUES (4257, 10, 0, 'TRANSFORMATION_TYPE', 0, 'Normal');
INSERT INTO `r_trans_attribute` VALUES (4258, 10, 0, 'SLEEP_TIME_EMPTY', 50, NULL);
INSERT INTO `r_trans_attribute` VALUES (4259, 10, 0, 'SLEEP_TIME_FULL', 50, NULL);
INSERT INTO `r_trans_attribute` VALUES (4260, 10, 0, 'TRANS_LOG_TABLE_CONNECTION_NAME', 0, NULL);
INSERT INTO `r_trans_attribute` VALUES (4261, 10, 0, 'TRANS_LOG_TABLE_SCHEMA_NAME', 0, NULL);
INSERT INTO `r_trans_attribute` VALUES (4262, 10, 0, 'TRANS_LOG_TABLE_TABLE_NAME', 0, NULL);
INSERT INTO `r_trans_attribute` VALUES (4263, 10, 0, 'TRANS_LOG_TABLE_TIMEOUT_IN_DAYS', 0, NULL);
INSERT INTO `r_trans_attribute` VALUES (4264, 10, 0, 'TRANS_LOG_TABLE_FIELD_ID0', 0, 'ID_BATCH');
INSERT INTO `r_trans_attribute` VALUES (4265, 10, 0, 'TRANS_LOG_TABLE_FIELD_NAME0', 0, 'ID_BATCH');
INSERT INTO `r_trans_attribute` VALUES (4266, 10, 0, 'TRANS_LOG_TABLE_FIELD_ENABLED0', 0, 'Y');
INSERT INTO `r_trans_attribute` VALUES (4267, 10, 0, 'TRANS_LOG_TABLE_FIELD_ID1', 0, 'CHANNEL_ID');
INSERT INTO `r_trans_attribute` VALUES (4268, 10, 0, 'TRANS_LOG_TABLE_FIELD_NAME1', 0, 'CHANNEL_ID');
INSERT INTO `r_trans_attribute` VALUES (4269, 10, 0, 'TRANS_LOG_TABLE_FIELD_ENABLED1', 0, 'Y');
INSERT INTO `r_trans_attribute` VALUES (4270, 10, 0, 'TRANS_LOG_TABLE_FIELD_ID2', 0, 'TRANSNAME');
INSERT INTO `r_trans_attribute` VALUES (4271, 10, 0, 'TRANS_LOG_TABLE_FIELD_NAME2', 0, 'TRANSNAME');
INSERT INTO `r_trans_attribute` VALUES (4272, 10, 0, 'TRANS_LOG_TABLE_FIELD_ENABLED2', 0, 'Y');
INSERT INTO `r_trans_attribute` VALUES (4273, 10, 0, 'TRANS_LOG_TABLE_FIELD_ID3', 0, 'STATUS');
INSERT INTO `r_trans_attribute` VALUES (4274, 10, 0, 'TRANS_LOG_TABLE_FIELD_NAME3', 0, 'STATUS');
INSERT INTO `r_trans_attribute` VALUES (4275, 10, 0, 'TRANS_LOG_TABLE_FIELD_ENABLED3', 0, 'Y');
INSERT INTO `r_trans_attribute` VALUES (4276, 10, 0, 'TRANS_LOG_TABLE_FIELD_ID4', 0, 'LINES_READ');
INSERT INTO `r_trans_attribute` VALUES (4277, 10, 0, 'TRANS_LOG_TABLE_FIELD_NAME4', 0, 'LINES_READ');
INSERT INTO `r_trans_attribute` VALUES (4278, 10, 0, 'TRANS_LOG_TABLE_FIELD_ENABLED4', 0, 'Y');
INSERT INTO `r_trans_attribute` VALUES (4279, 10, 0, 'TRANS_LOG_TABLE_FIELD_SUBJECT4', 0, NULL);
INSERT INTO `r_trans_attribute` VALUES (4280, 10, 0, 'TRANS_LOG_TABLE_FIELD_ID5', 0, 'LINES_WRITTEN');
INSERT INTO `r_trans_attribute` VALUES (4281, 10, 0, 'TRANS_LOG_TABLE_FIELD_NAME5', 0, 'LINES_WRITTEN');
INSERT INTO `r_trans_attribute` VALUES (4282, 10, 0, 'TRANS_LOG_TABLE_FIELD_ENABLED5', 0, 'Y');
INSERT INTO `r_trans_attribute` VALUES (4283, 10, 0, 'TRANS_LOG_TABLE_FIELD_SUBJECT5', 0, NULL);
INSERT INTO `r_trans_attribute` VALUES (4284, 10, 0, 'TRANS_LOG_TABLE_FIELD_ID6', 0, 'LINES_UPDATED');
INSERT INTO `r_trans_attribute` VALUES (4285, 10, 0, 'TRANS_LOG_TABLE_FIELD_NAME6', 0, 'LINES_UPDATED');
INSERT INTO `r_trans_attribute` VALUES (4286, 10, 0, 'TRANS_LOG_TABLE_FIELD_ENABLED6', 0, 'Y');
INSERT INTO `r_trans_attribute` VALUES (4287, 10, 0, 'TRANS_LOG_TABLE_FIELD_SUBJECT6', 0, NULL);
INSERT INTO `r_trans_attribute` VALUES (4288, 10, 0, 'TRANS_LOG_TABLE_FIELD_ID7', 0, 'LINES_INPUT');
INSERT INTO `r_trans_attribute` VALUES (4289, 10, 0, 'TRANS_LOG_TABLE_FIELD_NAME7', 0, 'LINES_INPUT');
INSERT INTO `r_trans_attribute` VALUES (4290, 10, 0, 'TRANS_LOG_TABLE_FIELD_ENABLED7', 0, 'Y');
INSERT INTO `r_trans_attribute` VALUES (4291, 10, 0, 'TRANS_LOG_TABLE_FIELD_SUBJECT7', 0, NULL);
INSERT INTO `r_trans_attribute` VALUES (4292, 10, 0, 'TRANS_LOG_TABLE_FIELD_ID8', 0, 'LINES_OUTPUT');
INSERT INTO `r_trans_attribute` VALUES (4293, 10, 0, 'TRANS_LOG_TABLE_FIELD_NAME8', 0, 'LINES_OUTPUT');
INSERT INTO `r_trans_attribute` VALUES (4294, 10, 0, 'TRANS_LOG_TABLE_FIELD_ENABLED8', 0, 'Y');
INSERT INTO `r_trans_attribute` VALUES (4295, 10, 0, 'TRANS_LOG_TABLE_FIELD_SUBJECT8', 0, NULL);
INSERT INTO `r_trans_attribute` VALUES (4296, 10, 0, 'TRANS_LOG_TABLE_FIELD_ID9', 0, 'LINES_REJECTED');
INSERT INTO `r_trans_attribute` VALUES (4297, 10, 0, 'TRANS_LOG_TABLE_FIELD_NAME9', 0, 'LINES_REJECTED');
INSERT INTO `r_trans_attribute` VALUES (4298, 10, 0, 'TRANS_LOG_TABLE_FIELD_ENABLED9', 0, 'Y');
INSERT INTO `r_trans_attribute` VALUES (4299, 10, 0, 'TRANS_LOG_TABLE_FIELD_SUBJECT9', 0, NULL);
INSERT INTO `r_trans_attribute` VALUES (4300, 10, 0, 'TRANS_LOG_TABLE_FIELD_ID10', 0, 'ERRORS');
INSERT INTO `r_trans_attribute` VALUES (4301, 10, 0, 'TRANS_LOG_TABLE_FIELD_NAME10', 0, 'ERRORS');
INSERT INTO `r_trans_attribute` VALUES (4302, 10, 0, 'TRANS_LOG_TABLE_FIELD_ENABLED10', 0, 'Y');
INSERT INTO `r_trans_attribute` VALUES (4303, 10, 0, 'TRANS_LOG_TABLE_FIELD_ID11', 0, 'STARTDATE');
INSERT INTO `r_trans_attribute` VALUES (4304, 10, 0, 'TRANS_LOG_TABLE_FIELD_NAME11', 0, 'STARTDATE');
INSERT INTO `r_trans_attribute` VALUES (4305, 10, 0, 'TRANS_LOG_TABLE_FIELD_ENABLED11', 0, 'Y');
INSERT INTO `r_trans_attribute` VALUES (4306, 10, 0, 'TRANS_LOG_TABLE_FIELD_ID12', 0, 'ENDDATE');
INSERT INTO `r_trans_attribute` VALUES (4307, 10, 0, 'TRANS_LOG_TABLE_FIELD_NAME12', 0, 'ENDDATE');
INSERT INTO `r_trans_attribute` VALUES (4308, 10, 0, 'TRANS_LOG_TABLE_FIELD_ENABLED12', 0, 'Y');
INSERT INTO `r_trans_attribute` VALUES (4309, 10, 0, 'TRANS_LOG_TABLE_FIELD_ID13', 0, 'LOGDATE');
INSERT INTO `r_trans_attribute` VALUES (4310, 10, 0, 'TRANS_LOG_TABLE_FIELD_NAME13', 0, 'LOGDATE');
INSERT INTO `r_trans_attribute` VALUES (4311, 10, 0, 'TRANS_LOG_TABLE_FIELD_ENABLED13', 0, 'Y');
INSERT INTO `r_trans_attribute` VALUES (4312, 10, 0, 'TRANS_LOG_TABLE_FIELD_ID14', 0, 'DEPDATE');
INSERT INTO `r_trans_attribute` VALUES (4313, 10, 0, 'TRANS_LOG_TABLE_FIELD_NAME14', 0, 'DEPDATE');
INSERT INTO `r_trans_attribute` VALUES (4314, 10, 0, 'TRANS_LOG_TABLE_FIELD_ENABLED14', 0, 'Y');
INSERT INTO `r_trans_attribute` VALUES (4315, 10, 0, 'TRANS_LOG_TABLE_FIELD_ID15', 0, 'REPLAYDATE');
INSERT INTO `r_trans_attribute` VALUES (4316, 10, 0, 'TRANS_LOG_TABLE_FIELD_NAME15', 0, 'REPLAYDATE');
INSERT INTO `r_trans_attribute` VALUES (4317, 10, 0, 'TRANS_LOG_TABLE_FIELD_ENABLED15', 0, 'Y');
INSERT INTO `r_trans_attribute` VALUES (4318, 10, 0, 'TRANS_LOG_TABLE_FIELD_ID16', 0, 'LOG_FIELD');
INSERT INTO `r_trans_attribute` VALUES (4319, 10, 0, 'TRANS_LOG_TABLE_FIELD_NAME16', 0, 'LOG_FIELD');
INSERT INTO `r_trans_attribute` VALUES (4320, 10, 0, 'TRANS_LOG_TABLE_FIELD_ENABLED16', 0, 'Y');
INSERT INTO `r_trans_attribute` VALUES (4321, 10, 0, 'TRANS_LOG_TABLE_FIELD_ID17', 0, 'EXECUTING_SERVER');
INSERT INTO `r_trans_attribute` VALUES (4322, 10, 0, 'TRANS_LOG_TABLE_FIELD_NAME17', 0, 'EXECUTING_SERVER');
INSERT INTO `r_trans_attribute` VALUES (4323, 10, 0, 'TRANS_LOG_TABLE_FIELD_ENABLED17', 0, 'N');
INSERT INTO `r_trans_attribute` VALUES (4324, 10, 0, 'TRANS_LOG_TABLE_FIELD_ID18', 0, 'EXECUTING_USER');
INSERT INTO `r_trans_attribute` VALUES (4325, 10, 0, 'TRANS_LOG_TABLE_FIELD_NAME18', 0, 'EXECUTING_USER');
INSERT INTO `r_trans_attribute` VALUES (4326, 10, 0, 'TRANS_LOG_TABLE_FIELD_ENABLED18', 0, 'N');
INSERT INTO `r_trans_attribute` VALUES (4327, 10, 0, 'TRANS_LOG_TABLE_FIELD_ID19', 0, 'CLIENT');
INSERT INTO `r_trans_attribute` VALUES (4328, 10, 0, 'TRANS_LOG_TABLE_FIELD_NAME19', 0, 'CLIENT');
INSERT INTO `r_trans_attribute` VALUES (4329, 10, 0, 'TRANS_LOG_TABLE_FIELD_ENABLED19', 0, 'N');
INSERT INTO `r_trans_attribute` VALUES (4330, 10, 0, 'TRANSLOG_TABLE_INTERVAL', 0, NULL);
INSERT INTO `r_trans_attribute` VALUES (4331, 10, 0, 'TRANSLOG_TABLE_SIZE_LIMIT', 0, NULL);
INSERT INTO `r_trans_attribute` VALUES (4332, 10, 0, 'STEP_LOG_TABLE_CONNECTION_NAME', 0, NULL);
INSERT INTO `r_trans_attribute` VALUES (4333, 10, 0, 'STEP_LOG_TABLE_SCHEMA_NAME', 0, NULL);
INSERT INTO `r_trans_attribute` VALUES (4334, 10, 0, 'STEP_LOG_TABLE_TABLE_NAME', 0, NULL);
INSERT INTO `r_trans_attribute` VALUES (4335, 10, 0, 'STEP_LOG_TABLE_TIMEOUT_IN_DAYS', 0, NULL);
INSERT INTO `r_trans_attribute` VALUES (4336, 10, 0, 'STEP_LOG_TABLE_FIELD_ID0', 0, 'ID_BATCH');
INSERT INTO `r_trans_attribute` VALUES (4337, 10, 0, 'STEP_LOG_TABLE_FIELD_NAME0', 0, 'ID_BATCH');
INSERT INTO `r_trans_attribute` VALUES (4338, 10, 0, 'STEP_LOG_TABLE_FIELD_ENABLED0', 0, 'Y');
INSERT INTO `r_trans_attribute` VALUES (4339, 10, 0, 'STEP_LOG_TABLE_FIELD_ID1', 0, 'CHANNEL_ID');
INSERT INTO `r_trans_attribute` VALUES (4340, 10, 0, 'STEP_LOG_TABLE_FIELD_NAME1', 0, 'CHANNEL_ID');
INSERT INTO `r_trans_attribute` VALUES (4341, 10, 0, 'STEP_LOG_TABLE_FIELD_ENABLED1', 0, 'Y');
INSERT INTO `r_trans_attribute` VALUES (4342, 10, 0, 'STEP_LOG_TABLE_FIELD_ID2', 0, 'LOG_DATE');
INSERT INTO `r_trans_attribute` VALUES (4343, 10, 0, 'STEP_LOG_TABLE_FIELD_NAME2', 0, 'LOG_DATE');
INSERT INTO `r_trans_attribute` VALUES (4344, 10, 0, 'STEP_LOG_TABLE_FIELD_ENABLED2', 0, 'Y');
INSERT INTO `r_trans_attribute` VALUES (4345, 10, 0, 'STEP_LOG_TABLE_FIELD_ID3', 0, 'TRANSNAME');
INSERT INTO `r_trans_attribute` VALUES (4346, 10, 0, 'STEP_LOG_TABLE_FIELD_NAME3', 0, 'TRANSNAME');
INSERT INTO `r_trans_attribute` VALUES (4347, 10, 0, 'STEP_LOG_TABLE_FIELD_ENABLED3', 0, 'Y');
INSERT INTO `r_trans_attribute` VALUES (4348, 10, 0, 'STEP_LOG_TABLE_FIELD_ID4', 0, 'STEPNAME');
INSERT INTO `r_trans_attribute` VALUES (4349, 10, 0, 'STEP_LOG_TABLE_FIELD_NAME4', 0, 'STEPNAME');
INSERT INTO `r_trans_attribute` VALUES (4350, 10, 0, 'STEP_LOG_TABLE_FIELD_ENABLED4', 0, 'Y');
INSERT INTO `r_trans_attribute` VALUES (4351, 10, 0, 'STEP_LOG_TABLE_FIELD_ID5', 0, 'STEP_COPY');
INSERT INTO `r_trans_attribute` VALUES (4352, 10, 0, 'STEP_LOG_TABLE_FIELD_NAME5', 0, 'STEP_COPY');
INSERT INTO `r_trans_attribute` VALUES (4353, 10, 0, 'STEP_LOG_TABLE_FIELD_ENABLED5', 0, 'Y');
INSERT INTO `r_trans_attribute` VALUES (4354, 10, 0, 'STEP_LOG_TABLE_FIELD_ID6', 0, 'LINES_READ');
INSERT INTO `r_trans_attribute` VALUES (4355, 10, 0, 'STEP_LOG_TABLE_FIELD_NAME6', 0, 'LINES_READ');
INSERT INTO `r_trans_attribute` VALUES (4356, 10, 0, 'STEP_LOG_TABLE_FIELD_ENABLED6', 0, 'Y');
INSERT INTO `r_trans_attribute` VALUES (4357, 10, 0, 'STEP_LOG_TABLE_FIELD_ID7', 0, 'LINES_WRITTEN');
INSERT INTO `r_trans_attribute` VALUES (4358, 10, 0, 'STEP_LOG_TABLE_FIELD_NAME7', 0, 'LINES_WRITTEN');
INSERT INTO `r_trans_attribute` VALUES (4359, 10, 0, 'STEP_LOG_TABLE_FIELD_ENABLED7', 0, 'Y');
INSERT INTO `r_trans_attribute` VALUES (4360, 10, 0, 'STEP_LOG_TABLE_FIELD_ID8', 0, 'LINES_UPDATED');
INSERT INTO `r_trans_attribute` VALUES (4361, 10, 0, 'STEP_LOG_TABLE_FIELD_NAME8', 0, 'LINES_UPDATED');
INSERT INTO `r_trans_attribute` VALUES (4362, 10, 0, 'STEP_LOG_TABLE_FIELD_ENABLED8', 0, 'Y');
INSERT INTO `r_trans_attribute` VALUES (4363, 10, 0, 'STEP_LOG_TABLE_FIELD_ID9', 0, 'LINES_INPUT');
INSERT INTO `r_trans_attribute` VALUES (4364, 10, 0, 'STEP_LOG_TABLE_FIELD_NAME9', 0, 'LINES_INPUT');
INSERT INTO `r_trans_attribute` VALUES (4365, 10, 0, 'STEP_LOG_TABLE_FIELD_ENABLED9', 0, 'Y');
INSERT INTO `r_trans_attribute` VALUES (4366, 10, 0, 'STEP_LOG_TABLE_FIELD_ID10', 0, 'LINES_OUTPUT');
INSERT INTO `r_trans_attribute` VALUES (4367, 10, 0, 'STEP_LOG_TABLE_FIELD_NAME10', 0, 'LINES_OUTPUT');
INSERT INTO `r_trans_attribute` VALUES (4368, 10, 0, 'STEP_LOG_TABLE_FIELD_ENABLED10', 0, 'Y');
INSERT INTO `r_trans_attribute` VALUES (4369, 10, 0, 'STEP_LOG_TABLE_FIELD_ID11', 0, 'LINES_REJECTED');
INSERT INTO `r_trans_attribute` VALUES (4370, 10, 0, 'STEP_LOG_TABLE_FIELD_NAME11', 0, 'LINES_REJECTED');
INSERT INTO `r_trans_attribute` VALUES (4371, 10, 0, 'STEP_LOG_TABLE_FIELD_ENABLED11', 0, 'Y');
INSERT INTO `r_trans_attribute` VALUES (4372, 10, 0, 'STEP_LOG_TABLE_FIELD_ID12', 0, 'ERRORS');
INSERT INTO `r_trans_attribute` VALUES (4373, 10, 0, 'STEP_LOG_TABLE_FIELD_NAME12', 0, 'ERRORS');
INSERT INTO `r_trans_attribute` VALUES (4374, 10, 0, 'STEP_LOG_TABLE_FIELD_ENABLED12', 0, 'Y');
INSERT INTO `r_trans_attribute` VALUES (4375, 10, 0, 'STEP_LOG_TABLE_FIELD_ID13', 0, 'LOG_FIELD');
INSERT INTO `r_trans_attribute` VALUES (4376, 10, 0, 'STEP_LOG_TABLE_FIELD_NAME13', 0, 'LOG_FIELD');
INSERT INTO `r_trans_attribute` VALUES (4377, 10, 0, 'STEP_LOG_TABLE_FIELD_ENABLED13', 0, 'N');
INSERT INTO `r_trans_attribute` VALUES (4378, 10, 0, 'PERFORMANCE_LOG_TABLE_CONNECTION_NAME', 0, NULL);
INSERT INTO `r_trans_attribute` VALUES (4379, 10, 0, 'PERFORMANCE_LOG_TABLE_SCHEMA_NAME', 0, NULL);
INSERT INTO `r_trans_attribute` VALUES (4380, 10, 0, 'PERFORMANCE_LOG_TABLE_TABLE_NAME', 0, NULL);
INSERT INTO `r_trans_attribute` VALUES (4381, 10, 0, 'PERFORMANCE_LOG_TABLE_TIMEOUT_IN_DAYS', 0, NULL);
INSERT INTO `r_trans_attribute` VALUES (4382, 10, 0, 'PERFORMANCE_LOG_TABLE_FIELD_ID0', 0, 'ID_BATCH');
INSERT INTO `r_trans_attribute` VALUES (4383, 10, 0, 'PERFORMANCE_LOG_TABLE_FIELD_NAME0', 0, 'ID_BATCH');
INSERT INTO `r_trans_attribute` VALUES (4384, 10, 0, 'PERFORMANCE_LOG_TABLE_FIELD_ENABLED0', 0, 'Y');
INSERT INTO `r_trans_attribute` VALUES (4385, 10, 0, 'PERFORMANCE_LOG_TABLE_FIELD_ID1', 0, 'SEQ_NR');
INSERT INTO `r_trans_attribute` VALUES (4386, 10, 0, 'PERFORMANCE_LOG_TABLE_FIELD_NAME1', 0, 'SEQ_NR');
INSERT INTO `r_trans_attribute` VALUES (4387, 10, 0, 'PERFORMANCE_LOG_TABLE_FIELD_ENABLED1', 0, 'Y');
INSERT INTO `r_trans_attribute` VALUES (4388, 10, 0, 'PERFORMANCE_LOG_TABLE_FIELD_ID2', 0, 'LOGDATE');
INSERT INTO `r_trans_attribute` VALUES (4389, 10, 0, 'PERFORMANCE_LOG_TABLE_FIELD_NAME2', 0, 'LOGDATE');
INSERT INTO `r_trans_attribute` VALUES (4390, 10, 0, 'PERFORMANCE_LOG_TABLE_FIELD_ENABLED2', 0, 'Y');
INSERT INTO `r_trans_attribute` VALUES (4391, 10, 0, 'PERFORMANCE_LOG_TABLE_FIELD_ID3', 0, 'TRANSNAME');
INSERT INTO `r_trans_attribute` VALUES (4392, 10, 0, 'PERFORMANCE_LOG_TABLE_FIELD_NAME3', 0, 'TRANSNAME');
INSERT INTO `r_trans_attribute` VALUES (4393, 10, 0, 'PERFORMANCE_LOG_TABLE_FIELD_ENABLED3', 0, 'Y');
INSERT INTO `r_trans_attribute` VALUES (4394, 10, 0, 'PERFORMANCE_LOG_TABLE_FIELD_ID4', 0, 'STEPNAME');
INSERT INTO `r_trans_attribute` VALUES (4395, 10, 0, 'PERFORMANCE_LOG_TABLE_FIELD_NAME4', 0, 'STEPNAME');
INSERT INTO `r_trans_attribute` VALUES (4396, 10, 0, 'PERFORMANCE_LOG_TABLE_FIELD_ENABLED4', 0, 'Y');
INSERT INTO `r_trans_attribute` VALUES (4397, 10, 0, 'PERFORMANCE_LOG_TABLE_FIELD_ID5', 0, 'STEP_COPY');
INSERT INTO `r_trans_attribute` VALUES (4398, 10, 0, 'PERFORMANCE_LOG_TABLE_FIELD_NAME5', 0, 'STEP_COPY');
INSERT INTO `r_trans_attribute` VALUES (4399, 10, 0, 'PERFORMANCE_LOG_TABLE_FIELD_ENABLED5', 0, 'Y');
INSERT INTO `r_trans_attribute` VALUES (4400, 10, 0, 'PERFORMANCE_LOG_TABLE_FIELD_ID6', 0, 'LINES_READ');
INSERT INTO `r_trans_attribute` VALUES (4401, 10, 0, 'PERFORMANCE_LOG_TABLE_FIELD_NAME6', 0, 'LINES_READ');
INSERT INTO `r_trans_attribute` VALUES (4402, 10, 0, 'PERFORMANCE_LOG_TABLE_FIELD_ENABLED6', 0, 'Y');
INSERT INTO `r_trans_attribute` VALUES (4403, 10, 0, 'PERFORMANCE_LOG_TABLE_FIELD_ID7', 0, 'LINES_WRITTEN');
INSERT INTO `r_trans_attribute` VALUES (4404, 10, 0, 'PERFORMANCE_LOG_TABLE_FIELD_NAME7', 0, 'LINES_WRITTEN');
INSERT INTO `r_trans_attribute` VALUES (4405, 10, 0, 'PERFORMANCE_LOG_TABLE_FIELD_ENABLED7', 0, 'Y');
INSERT INTO `r_trans_attribute` VALUES (4406, 10, 0, 'PERFORMANCE_LOG_TABLE_FIELD_ID8', 0, 'LINES_UPDATED');
INSERT INTO `r_trans_attribute` VALUES (4407, 10, 0, 'PERFORMANCE_LOG_TABLE_FIELD_NAME8', 0, 'LINES_UPDATED');
INSERT INTO `r_trans_attribute` VALUES (4408, 10, 0, 'PERFORMANCE_LOG_TABLE_FIELD_ENABLED8', 0, 'Y');
INSERT INTO `r_trans_attribute` VALUES (4409, 10, 0, 'PERFORMANCE_LOG_TABLE_FIELD_ID9', 0, 'LINES_INPUT');
INSERT INTO `r_trans_attribute` VALUES (4410, 10, 0, 'PERFORMANCE_LOG_TABLE_FIELD_NAME9', 0, 'LINES_INPUT');
INSERT INTO `r_trans_attribute` VALUES (4411, 10, 0, 'PERFORMANCE_LOG_TABLE_FIELD_ENABLED9', 0, 'Y');
INSERT INTO `r_trans_attribute` VALUES (4412, 10, 0, 'PERFORMANCE_LOG_TABLE_FIELD_ID10', 0, 'LINES_OUTPUT');
INSERT INTO `r_trans_attribute` VALUES (4413, 10, 0, 'PERFORMANCE_LOG_TABLE_FIELD_NAME10', 0, 'LINES_OUTPUT');
INSERT INTO `r_trans_attribute` VALUES (4414, 10, 0, 'PERFORMANCE_LOG_TABLE_FIELD_ENABLED10', 0, 'Y');
INSERT INTO `r_trans_attribute` VALUES (4415, 10, 0, 'PERFORMANCE_LOG_TABLE_FIELD_ID11', 0, 'LINES_REJECTED');
INSERT INTO `r_trans_attribute` VALUES (4416, 10, 0, 'PERFORMANCE_LOG_TABLE_FIELD_NAME11', 0, 'LINES_REJECTED');
INSERT INTO `r_trans_attribute` VALUES (4417, 10, 0, 'PERFORMANCE_LOG_TABLE_FIELD_ENABLED11', 0, 'Y');
INSERT INTO `r_trans_attribute` VALUES (4418, 10, 0, 'PERFORMANCE_LOG_TABLE_FIELD_ID12', 0, 'ERRORS');
INSERT INTO `r_trans_attribute` VALUES (4419, 10, 0, 'PERFORMANCE_LOG_TABLE_FIELD_NAME12', 0, 'ERRORS');
INSERT INTO `r_trans_attribute` VALUES (4420, 10, 0, 'PERFORMANCE_LOG_TABLE_FIELD_ENABLED12', 0, 'Y');
INSERT INTO `r_trans_attribute` VALUES (4421, 10, 0, 'PERFORMANCE_LOG_TABLE_FIELD_ID13', 0, 'INPUT_BUFFER_ROWS');
INSERT INTO `r_trans_attribute` VALUES (4422, 10, 0, 'PERFORMANCE_LOG_TABLE_FIELD_NAME13', 0, 'INPUT_BUFFER_ROWS');
INSERT INTO `r_trans_attribute` VALUES (4423, 10, 0, 'PERFORMANCE_LOG_TABLE_FIELD_ENABLED13', 0, 'Y');
INSERT INTO `r_trans_attribute` VALUES (4424, 10, 0, 'PERFORMANCE_LOG_TABLE_FIELD_ID14', 0, 'OUTPUT_BUFFER_ROWS');
INSERT INTO `r_trans_attribute` VALUES (4425, 10, 0, 'PERFORMANCE_LOG_TABLE_FIELD_NAME14', 0, 'OUTPUT_BUFFER_ROWS');
INSERT INTO `r_trans_attribute` VALUES (4426, 10, 0, 'PERFORMANCE_LOG_TABLE_FIELD_ENABLED14', 0, 'Y');
INSERT INTO `r_trans_attribute` VALUES (4427, 10, 0, 'PERFORMANCELOG_TABLE_INTERVAL', 0, NULL);
INSERT INTO `r_trans_attribute` VALUES (4428, 10, 0, 'CHANNEL_LOG_TABLE_CONNECTION_NAME', 0, NULL);
INSERT INTO `r_trans_attribute` VALUES (4429, 10, 0, 'CHANNEL_LOG_TABLE_SCHEMA_NAME', 0, NULL);
INSERT INTO `r_trans_attribute` VALUES (4430, 10, 0, 'CHANNEL_LOG_TABLE_TABLE_NAME', 0, NULL);
INSERT INTO `r_trans_attribute` VALUES (4431, 10, 0, 'CHANNEL_LOG_TABLE_TIMEOUT_IN_DAYS', 0, NULL);
INSERT INTO `r_trans_attribute` VALUES (4432, 10, 0, 'CHANNEL_LOG_TABLE_FIELD_ID0', 0, 'ID_BATCH');
INSERT INTO `r_trans_attribute` VALUES (4433, 10, 0, 'CHANNEL_LOG_TABLE_FIELD_NAME0', 0, 'ID_BATCH');
INSERT INTO `r_trans_attribute` VALUES (4434, 10, 0, 'CHANNEL_LOG_TABLE_FIELD_ENABLED0', 0, 'Y');
INSERT INTO `r_trans_attribute` VALUES (4435, 10, 0, 'CHANNEL_LOG_TABLE_FIELD_ID1', 0, 'CHANNEL_ID');
INSERT INTO `r_trans_attribute` VALUES (4436, 10, 0, 'CHANNEL_LOG_TABLE_FIELD_NAME1', 0, 'CHANNEL_ID');
INSERT INTO `r_trans_attribute` VALUES (4437, 10, 0, 'CHANNEL_LOG_TABLE_FIELD_ENABLED1', 0, 'Y');
INSERT INTO `r_trans_attribute` VALUES (4438, 10, 0, 'CHANNEL_LOG_TABLE_FIELD_ID2', 0, 'LOG_DATE');
INSERT INTO `r_trans_attribute` VALUES (4439, 10, 0, 'CHANNEL_LOG_TABLE_FIELD_NAME2', 0, 'LOG_DATE');
INSERT INTO `r_trans_attribute` VALUES (4440, 10, 0, 'CHANNEL_LOG_TABLE_FIELD_ENABLED2', 0, 'Y');
INSERT INTO `r_trans_attribute` VALUES (4441, 10, 0, 'CHANNEL_LOG_TABLE_FIELD_ID3', 0, 'LOGGING_OBJECT_TYPE');
INSERT INTO `r_trans_attribute` VALUES (4442, 10, 0, 'CHANNEL_LOG_TABLE_FIELD_NAME3', 0, 'LOGGING_OBJECT_TYPE');
INSERT INTO `r_trans_attribute` VALUES (4443, 10, 0, 'CHANNEL_LOG_TABLE_FIELD_ENABLED3', 0, 'Y');
INSERT INTO `r_trans_attribute` VALUES (4444, 10, 0, 'CHANNEL_LOG_TABLE_FIELD_ID4', 0, 'OBJECT_NAME');
INSERT INTO `r_trans_attribute` VALUES (4445, 10, 0, 'CHANNEL_LOG_TABLE_FIELD_NAME4', 0, 'OBJECT_NAME');
INSERT INTO `r_trans_attribute` VALUES (4446, 10, 0, 'CHANNEL_LOG_TABLE_FIELD_ENABLED4', 0, 'Y');
INSERT INTO `r_trans_attribute` VALUES (4447, 10, 0, 'CHANNEL_LOG_TABLE_FIELD_ID5', 0, 'OBJECT_COPY');
INSERT INTO `r_trans_attribute` VALUES (4448, 10, 0, 'CHANNEL_LOG_TABLE_FIELD_NAME5', 0, 'OBJECT_COPY');
INSERT INTO `r_trans_attribute` VALUES (4449, 10, 0, 'CHANNEL_LOG_TABLE_FIELD_ENABLED5', 0, 'Y');
INSERT INTO `r_trans_attribute` VALUES (4450, 10, 0, 'CHANNEL_LOG_TABLE_FIELD_ID6', 0, 'REPOSITORY_DIRECTORY');
INSERT INTO `r_trans_attribute` VALUES (4451, 10, 0, 'CHANNEL_LOG_TABLE_FIELD_NAME6', 0, 'REPOSITORY_DIRECTORY');
INSERT INTO `r_trans_attribute` VALUES (4452, 10, 0, 'CHANNEL_LOG_TABLE_FIELD_ENABLED6', 0, 'Y');
INSERT INTO `r_trans_attribute` VALUES (4453, 10, 0, 'CHANNEL_LOG_TABLE_FIELD_ID7', 0, 'FILENAME');
INSERT INTO `r_trans_attribute` VALUES (4454, 10, 0, 'CHANNEL_LOG_TABLE_FIELD_NAME7', 0, 'FILENAME');
INSERT INTO `r_trans_attribute` VALUES (4455, 10, 0, 'CHANNEL_LOG_TABLE_FIELD_ENABLED7', 0, 'Y');
INSERT INTO `r_trans_attribute` VALUES (4456, 10, 0, 'CHANNEL_LOG_TABLE_FIELD_ID8', 0, 'OBJECT_ID');
INSERT INTO `r_trans_attribute` VALUES (4457, 10, 0, 'CHANNEL_LOG_TABLE_FIELD_NAME8', 0, 'OBJECT_ID');
INSERT INTO `r_trans_attribute` VALUES (4458, 10, 0, 'CHANNEL_LOG_TABLE_FIELD_ENABLED8', 0, 'Y');
INSERT INTO `r_trans_attribute` VALUES (4459, 10, 0, 'CHANNEL_LOG_TABLE_FIELD_ID9', 0, 'OBJECT_REVISION');
INSERT INTO `r_trans_attribute` VALUES (4460, 10, 0, 'CHANNEL_LOG_TABLE_FIELD_NAME9', 0, 'OBJECT_REVISION');
INSERT INTO `r_trans_attribute` VALUES (4461, 10, 0, 'CHANNEL_LOG_TABLE_FIELD_ENABLED9', 0, 'Y');
INSERT INTO `r_trans_attribute` VALUES (4462, 10, 0, 'CHANNEL_LOG_TABLE_FIELD_ID10', 0, 'PARENT_CHANNEL_ID');
INSERT INTO `r_trans_attribute` VALUES (4463, 10, 0, 'CHANNEL_LOG_TABLE_FIELD_NAME10', 0, 'PARENT_CHANNEL_ID');
INSERT INTO `r_trans_attribute` VALUES (4464, 10, 0, 'CHANNEL_LOG_TABLE_FIELD_ENABLED10', 0, 'Y');
INSERT INTO `r_trans_attribute` VALUES (4465, 10, 0, 'CHANNEL_LOG_TABLE_FIELD_ID11', 0, 'ROOT_CHANNEL_ID');
INSERT INTO `r_trans_attribute` VALUES (4466, 10, 0, 'CHANNEL_LOG_TABLE_FIELD_NAME11', 0, 'ROOT_CHANNEL_ID');
INSERT INTO `r_trans_attribute` VALUES (4467, 10, 0, 'CHANNEL_LOG_TABLE_FIELD_ENABLED11', 0, 'Y');
INSERT INTO `r_trans_attribute` VALUES (4468, 11, 0, 'UNIQUE_CONNECTIONS', 0, 'N');
INSERT INTO `r_trans_attribute` VALUES (4469, 11, 0, 'FEEDBACK_SHOWN', 0, 'Y');
INSERT INTO `r_trans_attribute` VALUES (4470, 11, 0, 'FEEDBACK_SIZE', 50000, NULL);
INSERT INTO `r_trans_attribute` VALUES (4471, 11, 0, 'USING_THREAD_PRIORITIES', 0, 'Y');
INSERT INTO `r_trans_attribute` VALUES (4472, 11, 0, 'SHARED_FILE', 0, NULL);
INSERT INTO `r_trans_attribute` VALUES (4473, 11, 0, 'CAPTURE_STEP_PERFORMANCE', 0, 'N');
INSERT INTO `r_trans_attribute` VALUES (4474, 11, 0, 'STEP_PERFORMANCE_CAPTURING_DELAY', 1000, NULL);
INSERT INTO `r_trans_attribute` VALUES (4475, 11, 0, 'STEP_PERFORMANCE_CAPTURING_SIZE_LIMIT', 0, '100');
INSERT INTO `r_trans_attribute` VALUES (4476, 11, 0, 'STEP_PERFORMANCE_LOG_TABLE', 0, NULL);
INSERT INTO `r_trans_attribute` VALUES (4477, 11, 0, 'LOG_SIZE_LIMIT', 0, NULL);
INSERT INTO `r_trans_attribute` VALUES (4478, 11, 0, 'LOG_INTERVAL', 0, NULL);
INSERT INTO `r_trans_attribute` VALUES (4479, 11, 0, 'TRANSFORMATION_TYPE', 0, 'Normal');
INSERT INTO `r_trans_attribute` VALUES (4480, 11, 0, 'SLEEP_TIME_EMPTY', 50, NULL);
INSERT INTO `r_trans_attribute` VALUES (4481, 11, 0, 'SLEEP_TIME_FULL', 50, NULL);
INSERT INTO `r_trans_attribute` VALUES (4482, 11, 0, 'TRANS_LOG_TABLE_CONNECTION_NAME', 0, NULL);
INSERT INTO `r_trans_attribute` VALUES (4483, 11, 0, 'TRANS_LOG_TABLE_SCHEMA_NAME', 0, NULL);
INSERT INTO `r_trans_attribute` VALUES (4484, 11, 0, 'TRANS_LOG_TABLE_TABLE_NAME', 0, NULL);
INSERT INTO `r_trans_attribute` VALUES (4485, 11, 0, 'TRANS_LOG_TABLE_TIMEOUT_IN_DAYS', 0, NULL);
INSERT INTO `r_trans_attribute` VALUES (4486, 11, 0, 'TRANS_LOG_TABLE_FIELD_ID0', 0, 'ID_BATCH');
INSERT INTO `r_trans_attribute` VALUES (4487, 11, 0, 'TRANS_LOG_TABLE_FIELD_NAME0', 0, 'ID_BATCH');
INSERT INTO `r_trans_attribute` VALUES (4488, 11, 0, 'TRANS_LOG_TABLE_FIELD_ENABLED0', 0, 'Y');
INSERT INTO `r_trans_attribute` VALUES (4489, 11, 0, 'TRANS_LOG_TABLE_FIELD_ID1', 0, 'CHANNEL_ID');
INSERT INTO `r_trans_attribute` VALUES (4490, 11, 0, 'TRANS_LOG_TABLE_FIELD_NAME1', 0, 'CHANNEL_ID');
INSERT INTO `r_trans_attribute` VALUES (4491, 11, 0, 'TRANS_LOG_TABLE_FIELD_ENABLED1', 0, 'Y');
INSERT INTO `r_trans_attribute` VALUES (4492, 11, 0, 'TRANS_LOG_TABLE_FIELD_ID2', 0, 'TRANSNAME');
INSERT INTO `r_trans_attribute` VALUES (4493, 11, 0, 'TRANS_LOG_TABLE_FIELD_NAME2', 0, 'TRANSNAME');
INSERT INTO `r_trans_attribute` VALUES (4494, 11, 0, 'TRANS_LOG_TABLE_FIELD_ENABLED2', 0, 'Y');
INSERT INTO `r_trans_attribute` VALUES (4495, 11, 0, 'TRANS_LOG_TABLE_FIELD_ID3', 0, 'STATUS');
INSERT INTO `r_trans_attribute` VALUES (4496, 11, 0, 'TRANS_LOG_TABLE_FIELD_NAME3', 0, 'STATUS');
INSERT INTO `r_trans_attribute` VALUES (4497, 11, 0, 'TRANS_LOG_TABLE_FIELD_ENABLED3', 0, 'Y');
INSERT INTO `r_trans_attribute` VALUES (4498, 11, 0, 'TRANS_LOG_TABLE_FIELD_ID4', 0, 'LINES_READ');
INSERT INTO `r_trans_attribute` VALUES (4499, 11, 0, 'TRANS_LOG_TABLE_FIELD_NAME4', 0, 'LINES_READ');
INSERT INTO `r_trans_attribute` VALUES (4500, 11, 0, 'TRANS_LOG_TABLE_FIELD_ENABLED4', 0, 'Y');
INSERT INTO `r_trans_attribute` VALUES (4501, 11, 0, 'TRANS_LOG_TABLE_FIELD_SUBJECT4', 0, NULL);
INSERT INTO `r_trans_attribute` VALUES (4502, 11, 0, 'TRANS_LOG_TABLE_FIELD_ID5', 0, 'LINES_WRITTEN');
INSERT INTO `r_trans_attribute` VALUES (4503, 11, 0, 'TRANS_LOG_TABLE_FIELD_NAME5', 0, 'LINES_WRITTEN');
INSERT INTO `r_trans_attribute` VALUES (4504, 11, 0, 'TRANS_LOG_TABLE_FIELD_ENABLED5', 0, 'Y');
INSERT INTO `r_trans_attribute` VALUES (4505, 11, 0, 'TRANS_LOG_TABLE_FIELD_SUBJECT5', 0, NULL);
INSERT INTO `r_trans_attribute` VALUES (4506, 11, 0, 'TRANS_LOG_TABLE_FIELD_ID6', 0, 'LINES_UPDATED');
INSERT INTO `r_trans_attribute` VALUES (4507, 11, 0, 'TRANS_LOG_TABLE_FIELD_NAME6', 0, 'LINES_UPDATED');
INSERT INTO `r_trans_attribute` VALUES (4508, 11, 0, 'TRANS_LOG_TABLE_FIELD_ENABLED6', 0, 'Y');
INSERT INTO `r_trans_attribute` VALUES (4509, 11, 0, 'TRANS_LOG_TABLE_FIELD_SUBJECT6', 0, NULL);
INSERT INTO `r_trans_attribute` VALUES (4510, 11, 0, 'TRANS_LOG_TABLE_FIELD_ID7', 0, 'LINES_INPUT');
INSERT INTO `r_trans_attribute` VALUES (4511, 11, 0, 'TRANS_LOG_TABLE_FIELD_NAME7', 0, 'LINES_INPUT');
INSERT INTO `r_trans_attribute` VALUES (4512, 11, 0, 'TRANS_LOG_TABLE_FIELD_ENABLED7', 0, 'Y');
INSERT INTO `r_trans_attribute` VALUES (4513, 11, 0, 'TRANS_LOG_TABLE_FIELD_SUBJECT7', 0, NULL);
INSERT INTO `r_trans_attribute` VALUES (4514, 11, 0, 'TRANS_LOG_TABLE_FIELD_ID8', 0, 'LINES_OUTPUT');
INSERT INTO `r_trans_attribute` VALUES (4515, 11, 0, 'TRANS_LOG_TABLE_FIELD_NAME8', 0, 'LINES_OUTPUT');
INSERT INTO `r_trans_attribute` VALUES (4516, 11, 0, 'TRANS_LOG_TABLE_FIELD_ENABLED8', 0, 'Y');
INSERT INTO `r_trans_attribute` VALUES (4517, 11, 0, 'TRANS_LOG_TABLE_FIELD_SUBJECT8', 0, NULL);
INSERT INTO `r_trans_attribute` VALUES (4518, 11, 0, 'TRANS_LOG_TABLE_FIELD_ID9', 0, 'LINES_REJECTED');
INSERT INTO `r_trans_attribute` VALUES (4519, 11, 0, 'TRANS_LOG_TABLE_FIELD_NAME9', 0, 'LINES_REJECTED');
INSERT INTO `r_trans_attribute` VALUES (4520, 11, 0, 'TRANS_LOG_TABLE_FIELD_ENABLED9', 0, 'Y');
INSERT INTO `r_trans_attribute` VALUES (4521, 11, 0, 'TRANS_LOG_TABLE_FIELD_SUBJECT9', 0, NULL);
INSERT INTO `r_trans_attribute` VALUES (4522, 11, 0, 'TRANS_LOG_TABLE_FIELD_ID10', 0, 'ERRORS');
INSERT INTO `r_trans_attribute` VALUES (4523, 11, 0, 'TRANS_LOG_TABLE_FIELD_NAME10', 0, 'ERRORS');
INSERT INTO `r_trans_attribute` VALUES (4524, 11, 0, 'TRANS_LOG_TABLE_FIELD_ENABLED10', 0, 'Y');
INSERT INTO `r_trans_attribute` VALUES (4525, 11, 0, 'TRANS_LOG_TABLE_FIELD_ID11', 0, 'STARTDATE');
INSERT INTO `r_trans_attribute` VALUES (4526, 11, 0, 'TRANS_LOG_TABLE_FIELD_NAME11', 0, 'STARTDATE');
INSERT INTO `r_trans_attribute` VALUES (4527, 11, 0, 'TRANS_LOG_TABLE_FIELD_ENABLED11', 0, 'Y');
INSERT INTO `r_trans_attribute` VALUES (4528, 11, 0, 'TRANS_LOG_TABLE_FIELD_ID12', 0, 'ENDDATE');
INSERT INTO `r_trans_attribute` VALUES (4529, 11, 0, 'TRANS_LOG_TABLE_FIELD_NAME12', 0, 'ENDDATE');
INSERT INTO `r_trans_attribute` VALUES (4530, 11, 0, 'TRANS_LOG_TABLE_FIELD_ENABLED12', 0, 'Y');
INSERT INTO `r_trans_attribute` VALUES (4531, 11, 0, 'TRANS_LOG_TABLE_FIELD_ID13', 0, 'LOGDATE');
INSERT INTO `r_trans_attribute` VALUES (4532, 11, 0, 'TRANS_LOG_TABLE_FIELD_NAME13', 0, 'LOGDATE');
INSERT INTO `r_trans_attribute` VALUES (4533, 11, 0, 'TRANS_LOG_TABLE_FIELD_ENABLED13', 0, 'Y');
INSERT INTO `r_trans_attribute` VALUES (4534, 11, 0, 'TRANS_LOG_TABLE_FIELD_ID14', 0, 'DEPDATE');
INSERT INTO `r_trans_attribute` VALUES (4535, 11, 0, 'TRANS_LOG_TABLE_FIELD_NAME14', 0, 'DEPDATE');
INSERT INTO `r_trans_attribute` VALUES (4536, 11, 0, 'TRANS_LOG_TABLE_FIELD_ENABLED14', 0, 'Y');
INSERT INTO `r_trans_attribute` VALUES (4537, 11, 0, 'TRANS_LOG_TABLE_FIELD_ID15', 0, 'REPLAYDATE');
INSERT INTO `r_trans_attribute` VALUES (4538, 11, 0, 'TRANS_LOG_TABLE_FIELD_NAME15', 0, 'REPLAYDATE');
INSERT INTO `r_trans_attribute` VALUES (4539, 11, 0, 'TRANS_LOG_TABLE_FIELD_ENABLED15', 0, 'Y');
INSERT INTO `r_trans_attribute` VALUES (4540, 11, 0, 'TRANS_LOG_TABLE_FIELD_ID16', 0, 'LOG_FIELD');
INSERT INTO `r_trans_attribute` VALUES (4541, 11, 0, 'TRANS_LOG_TABLE_FIELD_NAME16', 0, 'LOG_FIELD');
INSERT INTO `r_trans_attribute` VALUES (4542, 11, 0, 'TRANS_LOG_TABLE_FIELD_ENABLED16', 0, 'Y');
INSERT INTO `r_trans_attribute` VALUES (4543, 11, 0, 'TRANS_LOG_TABLE_FIELD_ID17', 0, 'EXECUTING_SERVER');
INSERT INTO `r_trans_attribute` VALUES (4544, 11, 0, 'TRANS_LOG_TABLE_FIELD_NAME17', 0, 'EXECUTING_SERVER');
INSERT INTO `r_trans_attribute` VALUES (4545, 11, 0, 'TRANS_LOG_TABLE_FIELD_ENABLED17', 0, 'N');
INSERT INTO `r_trans_attribute` VALUES (4546, 11, 0, 'TRANS_LOG_TABLE_FIELD_ID18', 0, 'EXECUTING_USER');
INSERT INTO `r_trans_attribute` VALUES (4547, 11, 0, 'TRANS_LOG_TABLE_FIELD_NAME18', 0, 'EXECUTING_USER');
INSERT INTO `r_trans_attribute` VALUES (4548, 11, 0, 'TRANS_LOG_TABLE_FIELD_ENABLED18', 0, 'N');
INSERT INTO `r_trans_attribute` VALUES (4549, 11, 0, 'TRANS_LOG_TABLE_FIELD_ID19', 0, 'CLIENT');
INSERT INTO `r_trans_attribute` VALUES (4550, 11, 0, 'TRANS_LOG_TABLE_FIELD_NAME19', 0, 'CLIENT');
INSERT INTO `r_trans_attribute` VALUES (4551, 11, 0, 'TRANS_LOG_TABLE_FIELD_ENABLED19', 0, 'N');
INSERT INTO `r_trans_attribute` VALUES (4552, 11, 0, 'TRANSLOG_TABLE_INTERVAL', 0, NULL);
INSERT INTO `r_trans_attribute` VALUES (4553, 11, 0, 'TRANSLOG_TABLE_SIZE_LIMIT', 0, NULL);
INSERT INTO `r_trans_attribute` VALUES (4554, 11, 0, 'STEP_LOG_TABLE_CONNECTION_NAME', 0, NULL);
INSERT INTO `r_trans_attribute` VALUES (4555, 11, 0, 'STEP_LOG_TABLE_SCHEMA_NAME', 0, NULL);
INSERT INTO `r_trans_attribute` VALUES (4556, 11, 0, 'STEP_LOG_TABLE_TABLE_NAME', 0, NULL);
INSERT INTO `r_trans_attribute` VALUES (4557, 11, 0, 'STEP_LOG_TABLE_TIMEOUT_IN_DAYS', 0, NULL);
INSERT INTO `r_trans_attribute` VALUES (4558, 11, 0, 'STEP_LOG_TABLE_FIELD_ID0', 0, 'ID_BATCH');
INSERT INTO `r_trans_attribute` VALUES (4559, 11, 0, 'STEP_LOG_TABLE_FIELD_NAME0', 0, 'ID_BATCH');
INSERT INTO `r_trans_attribute` VALUES (4560, 11, 0, 'STEP_LOG_TABLE_FIELD_ENABLED0', 0, 'Y');
INSERT INTO `r_trans_attribute` VALUES (4561, 11, 0, 'STEP_LOG_TABLE_FIELD_ID1', 0, 'CHANNEL_ID');
INSERT INTO `r_trans_attribute` VALUES (4562, 11, 0, 'STEP_LOG_TABLE_FIELD_NAME1', 0, 'CHANNEL_ID');
INSERT INTO `r_trans_attribute` VALUES (4563, 11, 0, 'STEP_LOG_TABLE_FIELD_ENABLED1', 0, 'Y');
INSERT INTO `r_trans_attribute` VALUES (4564, 11, 0, 'STEP_LOG_TABLE_FIELD_ID2', 0, 'LOG_DATE');
INSERT INTO `r_trans_attribute` VALUES (4565, 11, 0, 'STEP_LOG_TABLE_FIELD_NAME2', 0, 'LOG_DATE');
INSERT INTO `r_trans_attribute` VALUES (4566, 11, 0, 'STEP_LOG_TABLE_FIELD_ENABLED2', 0, 'Y');
INSERT INTO `r_trans_attribute` VALUES (4567, 11, 0, 'STEP_LOG_TABLE_FIELD_ID3', 0, 'TRANSNAME');
INSERT INTO `r_trans_attribute` VALUES (4568, 11, 0, 'STEP_LOG_TABLE_FIELD_NAME3', 0, 'TRANSNAME');
INSERT INTO `r_trans_attribute` VALUES (4569, 11, 0, 'STEP_LOG_TABLE_FIELD_ENABLED3', 0, 'Y');
INSERT INTO `r_trans_attribute` VALUES (4570, 11, 0, 'STEP_LOG_TABLE_FIELD_ID4', 0, 'STEPNAME');
INSERT INTO `r_trans_attribute` VALUES (4571, 11, 0, 'STEP_LOG_TABLE_FIELD_NAME4', 0, 'STEPNAME');
INSERT INTO `r_trans_attribute` VALUES (4572, 11, 0, 'STEP_LOG_TABLE_FIELD_ENABLED4', 0, 'Y');
INSERT INTO `r_trans_attribute` VALUES (4573, 11, 0, 'STEP_LOG_TABLE_FIELD_ID5', 0, 'STEP_COPY');
INSERT INTO `r_trans_attribute` VALUES (4574, 11, 0, 'STEP_LOG_TABLE_FIELD_NAME5', 0, 'STEP_COPY');
INSERT INTO `r_trans_attribute` VALUES (4575, 11, 0, 'STEP_LOG_TABLE_FIELD_ENABLED5', 0, 'Y');
INSERT INTO `r_trans_attribute` VALUES (4576, 11, 0, 'STEP_LOG_TABLE_FIELD_ID6', 0, 'LINES_READ');
INSERT INTO `r_trans_attribute` VALUES (4577, 11, 0, 'STEP_LOG_TABLE_FIELD_NAME6', 0, 'LINES_READ');
INSERT INTO `r_trans_attribute` VALUES (4578, 11, 0, 'STEP_LOG_TABLE_FIELD_ENABLED6', 0, 'Y');
INSERT INTO `r_trans_attribute` VALUES (4579, 11, 0, 'STEP_LOG_TABLE_FIELD_ID7', 0, 'LINES_WRITTEN');
INSERT INTO `r_trans_attribute` VALUES (4580, 11, 0, 'STEP_LOG_TABLE_FIELD_NAME7', 0, 'LINES_WRITTEN');
INSERT INTO `r_trans_attribute` VALUES (4581, 11, 0, 'STEP_LOG_TABLE_FIELD_ENABLED7', 0, 'Y');
INSERT INTO `r_trans_attribute` VALUES (4582, 11, 0, 'STEP_LOG_TABLE_FIELD_ID8', 0, 'LINES_UPDATED');
INSERT INTO `r_trans_attribute` VALUES (4583, 11, 0, 'STEP_LOG_TABLE_FIELD_NAME8', 0, 'LINES_UPDATED');
INSERT INTO `r_trans_attribute` VALUES (4584, 11, 0, 'STEP_LOG_TABLE_FIELD_ENABLED8', 0, 'Y');
INSERT INTO `r_trans_attribute` VALUES (4585, 11, 0, 'STEP_LOG_TABLE_FIELD_ID9', 0, 'LINES_INPUT');
INSERT INTO `r_trans_attribute` VALUES (4586, 11, 0, 'STEP_LOG_TABLE_FIELD_NAME9', 0, 'LINES_INPUT');
INSERT INTO `r_trans_attribute` VALUES (4587, 11, 0, 'STEP_LOG_TABLE_FIELD_ENABLED9', 0, 'Y');
INSERT INTO `r_trans_attribute` VALUES (4588, 11, 0, 'STEP_LOG_TABLE_FIELD_ID10', 0, 'LINES_OUTPUT');
INSERT INTO `r_trans_attribute` VALUES (4589, 11, 0, 'STEP_LOG_TABLE_FIELD_NAME10', 0, 'LINES_OUTPUT');
INSERT INTO `r_trans_attribute` VALUES (4590, 11, 0, 'STEP_LOG_TABLE_FIELD_ENABLED10', 0, 'Y');
INSERT INTO `r_trans_attribute` VALUES (4591, 11, 0, 'STEP_LOG_TABLE_FIELD_ID11', 0, 'LINES_REJECTED');
INSERT INTO `r_trans_attribute` VALUES (4592, 11, 0, 'STEP_LOG_TABLE_FIELD_NAME11', 0, 'LINES_REJECTED');
INSERT INTO `r_trans_attribute` VALUES (4593, 11, 0, 'STEP_LOG_TABLE_FIELD_ENABLED11', 0, 'Y');
INSERT INTO `r_trans_attribute` VALUES (4594, 11, 0, 'STEP_LOG_TABLE_FIELD_ID12', 0, 'ERRORS');
INSERT INTO `r_trans_attribute` VALUES (4595, 11, 0, 'STEP_LOG_TABLE_FIELD_NAME12', 0, 'ERRORS');
INSERT INTO `r_trans_attribute` VALUES (4596, 11, 0, 'STEP_LOG_TABLE_FIELD_ENABLED12', 0, 'Y');
INSERT INTO `r_trans_attribute` VALUES (4597, 11, 0, 'STEP_LOG_TABLE_FIELD_ID13', 0, 'LOG_FIELD');
INSERT INTO `r_trans_attribute` VALUES (4598, 11, 0, 'STEP_LOG_TABLE_FIELD_NAME13', 0, 'LOG_FIELD');
INSERT INTO `r_trans_attribute` VALUES (4599, 11, 0, 'STEP_LOG_TABLE_FIELD_ENABLED13', 0, 'N');
INSERT INTO `r_trans_attribute` VALUES (4600, 11, 0, 'PERFORMANCE_LOG_TABLE_CONNECTION_NAME', 0, NULL);
INSERT INTO `r_trans_attribute` VALUES (4601, 11, 0, 'PERFORMANCE_LOG_TABLE_SCHEMA_NAME', 0, NULL);
INSERT INTO `r_trans_attribute` VALUES (4602, 11, 0, 'PERFORMANCE_LOG_TABLE_TABLE_NAME', 0, NULL);
INSERT INTO `r_trans_attribute` VALUES (4603, 11, 0, 'PERFORMANCE_LOG_TABLE_TIMEOUT_IN_DAYS', 0, NULL);
INSERT INTO `r_trans_attribute` VALUES (4604, 11, 0, 'PERFORMANCE_LOG_TABLE_FIELD_ID0', 0, 'ID_BATCH');
INSERT INTO `r_trans_attribute` VALUES (4605, 11, 0, 'PERFORMANCE_LOG_TABLE_FIELD_NAME0', 0, 'ID_BATCH');
INSERT INTO `r_trans_attribute` VALUES (4606, 11, 0, 'PERFORMANCE_LOG_TABLE_FIELD_ENABLED0', 0, 'Y');
INSERT INTO `r_trans_attribute` VALUES (4607, 11, 0, 'PERFORMANCE_LOG_TABLE_FIELD_ID1', 0, 'SEQ_NR');
INSERT INTO `r_trans_attribute` VALUES (4608, 11, 0, 'PERFORMANCE_LOG_TABLE_FIELD_NAME1', 0, 'SEQ_NR');
INSERT INTO `r_trans_attribute` VALUES (4609, 11, 0, 'PERFORMANCE_LOG_TABLE_FIELD_ENABLED1', 0, 'Y');
INSERT INTO `r_trans_attribute` VALUES (4610, 11, 0, 'PERFORMANCE_LOG_TABLE_FIELD_ID2', 0, 'LOGDATE');
INSERT INTO `r_trans_attribute` VALUES (4611, 11, 0, 'PERFORMANCE_LOG_TABLE_FIELD_NAME2', 0, 'LOGDATE');
INSERT INTO `r_trans_attribute` VALUES (4612, 11, 0, 'PERFORMANCE_LOG_TABLE_FIELD_ENABLED2', 0, 'Y');
INSERT INTO `r_trans_attribute` VALUES (4613, 11, 0, 'PERFORMANCE_LOG_TABLE_FIELD_ID3', 0, 'TRANSNAME');
INSERT INTO `r_trans_attribute` VALUES (4614, 11, 0, 'PERFORMANCE_LOG_TABLE_FIELD_NAME3', 0, 'TRANSNAME');
INSERT INTO `r_trans_attribute` VALUES (4615, 11, 0, 'PERFORMANCE_LOG_TABLE_FIELD_ENABLED3', 0, 'Y');
INSERT INTO `r_trans_attribute` VALUES (4616, 11, 0, 'PERFORMANCE_LOG_TABLE_FIELD_ID4', 0, 'STEPNAME');
INSERT INTO `r_trans_attribute` VALUES (4617, 11, 0, 'PERFORMANCE_LOG_TABLE_FIELD_NAME4', 0, 'STEPNAME');
INSERT INTO `r_trans_attribute` VALUES (4618, 11, 0, 'PERFORMANCE_LOG_TABLE_FIELD_ENABLED4', 0, 'Y');
INSERT INTO `r_trans_attribute` VALUES (4619, 11, 0, 'PERFORMANCE_LOG_TABLE_FIELD_ID5', 0, 'STEP_COPY');
INSERT INTO `r_trans_attribute` VALUES (4620, 11, 0, 'PERFORMANCE_LOG_TABLE_FIELD_NAME5', 0, 'STEP_COPY');
INSERT INTO `r_trans_attribute` VALUES (4621, 11, 0, 'PERFORMANCE_LOG_TABLE_FIELD_ENABLED5', 0, 'Y');
INSERT INTO `r_trans_attribute` VALUES (4622, 11, 0, 'PERFORMANCE_LOG_TABLE_FIELD_ID6', 0, 'LINES_READ');
INSERT INTO `r_trans_attribute` VALUES (4623, 11, 0, 'PERFORMANCE_LOG_TABLE_FIELD_NAME6', 0, 'LINES_READ');
INSERT INTO `r_trans_attribute` VALUES (4624, 11, 0, 'PERFORMANCE_LOG_TABLE_FIELD_ENABLED6', 0, 'Y');
INSERT INTO `r_trans_attribute` VALUES (4625, 11, 0, 'PERFORMANCE_LOG_TABLE_FIELD_ID7', 0, 'LINES_WRITTEN');
INSERT INTO `r_trans_attribute` VALUES (4626, 11, 0, 'PERFORMANCE_LOG_TABLE_FIELD_NAME7', 0, 'LINES_WRITTEN');
INSERT INTO `r_trans_attribute` VALUES (4627, 11, 0, 'PERFORMANCE_LOG_TABLE_FIELD_ENABLED7', 0, 'Y');
INSERT INTO `r_trans_attribute` VALUES (4628, 11, 0, 'PERFORMANCE_LOG_TABLE_FIELD_ID8', 0, 'LINES_UPDATED');
INSERT INTO `r_trans_attribute` VALUES (4629, 11, 0, 'PERFORMANCE_LOG_TABLE_FIELD_NAME8', 0, 'LINES_UPDATED');
INSERT INTO `r_trans_attribute` VALUES (4630, 11, 0, 'PERFORMANCE_LOG_TABLE_FIELD_ENABLED8', 0, 'Y');
INSERT INTO `r_trans_attribute` VALUES (4631, 11, 0, 'PERFORMANCE_LOG_TABLE_FIELD_ID9', 0, 'LINES_INPUT');
INSERT INTO `r_trans_attribute` VALUES (4632, 11, 0, 'PERFORMANCE_LOG_TABLE_FIELD_NAME9', 0, 'LINES_INPUT');
INSERT INTO `r_trans_attribute` VALUES (4633, 11, 0, 'PERFORMANCE_LOG_TABLE_FIELD_ENABLED9', 0, 'Y');
INSERT INTO `r_trans_attribute` VALUES (4634, 11, 0, 'PERFORMANCE_LOG_TABLE_FIELD_ID10', 0, 'LINES_OUTPUT');
INSERT INTO `r_trans_attribute` VALUES (4635, 11, 0, 'PERFORMANCE_LOG_TABLE_FIELD_NAME10', 0, 'LINES_OUTPUT');
INSERT INTO `r_trans_attribute` VALUES (4636, 11, 0, 'PERFORMANCE_LOG_TABLE_FIELD_ENABLED10', 0, 'Y');
INSERT INTO `r_trans_attribute` VALUES (4637, 11, 0, 'PERFORMANCE_LOG_TABLE_FIELD_ID11', 0, 'LINES_REJECTED');
INSERT INTO `r_trans_attribute` VALUES (4638, 11, 0, 'PERFORMANCE_LOG_TABLE_FIELD_NAME11', 0, 'LINES_REJECTED');
INSERT INTO `r_trans_attribute` VALUES (4639, 11, 0, 'PERFORMANCE_LOG_TABLE_FIELD_ENABLED11', 0, 'Y');
INSERT INTO `r_trans_attribute` VALUES (4640, 11, 0, 'PERFORMANCE_LOG_TABLE_FIELD_ID12', 0, 'ERRORS');
INSERT INTO `r_trans_attribute` VALUES (4641, 11, 0, 'PERFORMANCE_LOG_TABLE_FIELD_NAME12', 0, 'ERRORS');
INSERT INTO `r_trans_attribute` VALUES (4642, 11, 0, 'PERFORMANCE_LOG_TABLE_FIELD_ENABLED12', 0, 'Y');
INSERT INTO `r_trans_attribute` VALUES (4643, 11, 0, 'PERFORMANCE_LOG_TABLE_FIELD_ID13', 0, 'INPUT_BUFFER_ROWS');
INSERT INTO `r_trans_attribute` VALUES (4644, 11, 0, 'PERFORMANCE_LOG_TABLE_FIELD_NAME13', 0, 'INPUT_BUFFER_ROWS');
INSERT INTO `r_trans_attribute` VALUES (4645, 11, 0, 'PERFORMANCE_LOG_TABLE_FIELD_ENABLED13', 0, 'Y');
INSERT INTO `r_trans_attribute` VALUES (4646, 11, 0, 'PERFORMANCE_LOG_TABLE_FIELD_ID14', 0, 'OUTPUT_BUFFER_ROWS');
INSERT INTO `r_trans_attribute` VALUES (4647, 11, 0, 'PERFORMANCE_LOG_TABLE_FIELD_NAME14', 0, 'OUTPUT_BUFFER_ROWS');
INSERT INTO `r_trans_attribute` VALUES (4648, 11, 0, 'PERFORMANCE_LOG_TABLE_FIELD_ENABLED14', 0, 'Y');
INSERT INTO `r_trans_attribute` VALUES (4649, 11, 0, 'PERFORMANCELOG_TABLE_INTERVAL', 0, NULL);
INSERT INTO `r_trans_attribute` VALUES (4650, 11, 0, 'CHANNEL_LOG_TABLE_CONNECTION_NAME', 0, NULL);
INSERT INTO `r_trans_attribute` VALUES (4651, 11, 0, 'CHANNEL_LOG_TABLE_SCHEMA_NAME', 0, NULL);
INSERT INTO `r_trans_attribute` VALUES (4652, 11, 0, 'CHANNEL_LOG_TABLE_TABLE_NAME', 0, NULL);
INSERT INTO `r_trans_attribute` VALUES (4653, 11, 0, 'CHANNEL_LOG_TABLE_TIMEOUT_IN_DAYS', 0, NULL);
INSERT INTO `r_trans_attribute` VALUES (4654, 11, 0, 'CHANNEL_LOG_TABLE_FIELD_ID0', 0, 'ID_BATCH');
INSERT INTO `r_trans_attribute` VALUES (4655, 11, 0, 'CHANNEL_LOG_TABLE_FIELD_NAME0', 0, 'ID_BATCH');
INSERT INTO `r_trans_attribute` VALUES (4656, 11, 0, 'CHANNEL_LOG_TABLE_FIELD_ENABLED0', 0, 'Y');
INSERT INTO `r_trans_attribute` VALUES (4657, 11, 0, 'CHANNEL_LOG_TABLE_FIELD_ID1', 0, 'CHANNEL_ID');
INSERT INTO `r_trans_attribute` VALUES (4658, 11, 0, 'CHANNEL_LOG_TABLE_FIELD_NAME1', 0, 'CHANNEL_ID');
INSERT INTO `r_trans_attribute` VALUES (4659, 11, 0, 'CHANNEL_LOG_TABLE_FIELD_ENABLED1', 0, 'Y');
INSERT INTO `r_trans_attribute` VALUES (4660, 11, 0, 'CHANNEL_LOG_TABLE_FIELD_ID2', 0, 'LOG_DATE');
INSERT INTO `r_trans_attribute` VALUES (4661, 11, 0, 'CHANNEL_LOG_TABLE_FIELD_NAME2', 0, 'LOG_DATE');
INSERT INTO `r_trans_attribute` VALUES (4662, 11, 0, 'CHANNEL_LOG_TABLE_FIELD_ENABLED2', 0, 'Y');
INSERT INTO `r_trans_attribute` VALUES (4663, 11, 0, 'CHANNEL_LOG_TABLE_FIELD_ID3', 0, 'LOGGING_OBJECT_TYPE');
INSERT INTO `r_trans_attribute` VALUES (4664, 11, 0, 'CHANNEL_LOG_TABLE_FIELD_NAME3', 0, 'LOGGING_OBJECT_TYPE');
INSERT INTO `r_trans_attribute` VALUES (4665, 11, 0, 'CHANNEL_LOG_TABLE_FIELD_ENABLED3', 0, 'Y');
INSERT INTO `r_trans_attribute` VALUES (4666, 11, 0, 'CHANNEL_LOG_TABLE_FIELD_ID4', 0, 'OBJECT_NAME');
INSERT INTO `r_trans_attribute` VALUES (4667, 11, 0, 'CHANNEL_LOG_TABLE_FIELD_NAME4', 0, 'OBJECT_NAME');
INSERT INTO `r_trans_attribute` VALUES (4668, 11, 0, 'CHANNEL_LOG_TABLE_FIELD_ENABLED4', 0, 'Y');
INSERT INTO `r_trans_attribute` VALUES (4669, 11, 0, 'CHANNEL_LOG_TABLE_FIELD_ID5', 0, 'OBJECT_COPY');
INSERT INTO `r_trans_attribute` VALUES (4670, 11, 0, 'CHANNEL_LOG_TABLE_FIELD_NAME5', 0, 'OBJECT_COPY');
INSERT INTO `r_trans_attribute` VALUES (4671, 11, 0, 'CHANNEL_LOG_TABLE_FIELD_ENABLED5', 0, 'Y');
INSERT INTO `r_trans_attribute` VALUES (4672, 11, 0, 'CHANNEL_LOG_TABLE_FIELD_ID6', 0, 'REPOSITORY_DIRECTORY');
INSERT INTO `r_trans_attribute` VALUES (4673, 11, 0, 'CHANNEL_LOG_TABLE_FIELD_NAME6', 0, 'REPOSITORY_DIRECTORY');
INSERT INTO `r_trans_attribute` VALUES (4674, 11, 0, 'CHANNEL_LOG_TABLE_FIELD_ENABLED6', 0, 'Y');
INSERT INTO `r_trans_attribute` VALUES (4675, 11, 0, 'CHANNEL_LOG_TABLE_FIELD_ID7', 0, 'FILENAME');
INSERT INTO `r_trans_attribute` VALUES (4676, 11, 0, 'CHANNEL_LOG_TABLE_FIELD_NAME7', 0, 'FILENAME');
INSERT INTO `r_trans_attribute` VALUES (4677, 11, 0, 'CHANNEL_LOG_TABLE_FIELD_ENABLED7', 0, 'Y');
INSERT INTO `r_trans_attribute` VALUES (4678, 11, 0, 'CHANNEL_LOG_TABLE_FIELD_ID8', 0, 'OBJECT_ID');
INSERT INTO `r_trans_attribute` VALUES (4679, 11, 0, 'CHANNEL_LOG_TABLE_FIELD_NAME8', 0, 'OBJECT_ID');
INSERT INTO `r_trans_attribute` VALUES (4680, 11, 0, 'CHANNEL_LOG_TABLE_FIELD_ENABLED8', 0, 'Y');
INSERT INTO `r_trans_attribute` VALUES (4681, 11, 0, 'CHANNEL_LOG_TABLE_FIELD_ID9', 0, 'OBJECT_REVISION');
INSERT INTO `r_trans_attribute` VALUES (4682, 11, 0, 'CHANNEL_LOG_TABLE_FIELD_NAME9', 0, 'OBJECT_REVISION');
INSERT INTO `r_trans_attribute` VALUES (4683, 11, 0, 'CHANNEL_LOG_TABLE_FIELD_ENABLED9', 0, 'Y');
INSERT INTO `r_trans_attribute` VALUES (4684, 11, 0, 'CHANNEL_LOG_TABLE_FIELD_ID10', 0, 'PARENT_CHANNEL_ID');
INSERT INTO `r_trans_attribute` VALUES (4685, 11, 0, 'CHANNEL_LOG_TABLE_FIELD_NAME10', 0, 'PARENT_CHANNEL_ID');
INSERT INTO `r_trans_attribute` VALUES (4686, 11, 0, 'CHANNEL_LOG_TABLE_FIELD_ENABLED10', 0, 'Y');
INSERT INTO `r_trans_attribute` VALUES (4687, 11, 0, 'CHANNEL_LOG_TABLE_FIELD_ID11', 0, 'ROOT_CHANNEL_ID');
INSERT INTO `r_trans_attribute` VALUES (4688, 11, 0, 'CHANNEL_LOG_TABLE_FIELD_NAME11', 0, 'ROOT_CHANNEL_ID');
INSERT INTO `r_trans_attribute` VALUES (4689, 11, 0, 'CHANNEL_LOG_TABLE_FIELD_ENABLED11', 0, 'Y');
INSERT INTO `r_trans_attribute` VALUES (4690, 12, 0, 'UNIQUE_CONNECTIONS', 0, 'N');
INSERT INTO `r_trans_attribute` VALUES (4691, 12, 0, 'FEEDBACK_SHOWN', 0, 'Y');
INSERT INTO `r_trans_attribute` VALUES (4692, 12, 0, 'FEEDBACK_SIZE', 50000, NULL);
INSERT INTO `r_trans_attribute` VALUES (4693, 12, 0, 'USING_THREAD_PRIORITIES', 0, 'Y');
INSERT INTO `r_trans_attribute` VALUES (4694, 12, 0, 'SHARED_FILE', 0, NULL);
INSERT INTO `r_trans_attribute` VALUES (4695, 12, 0, 'CAPTURE_STEP_PERFORMANCE', 0, 'N');
INSERT INTO `r_trans_attribute` VALUES (4696, 12, 0, 'STEP_PERFORMANCE_CAPTURING_DELAY', 1000, NULL);
INSERT INTO `r_trans_attribute` VALUES (4697, 12, 0, 'STEP_PERFORMANCE_CAPTURING_SIZE_LIMIT', 0, '100');
INSERT INTO `r_trans_attribute` VALUES (4698, 12, 0, 'STEP_PERFORMANCE_LOG_TABLE', 0, NULL);
INSERT INTO `r_trans_attribute` VALUES (4699, 12, 0, 'LOG_SIZE_LIMIT', 0, NULL);
INSERT INTO `r_trans_attribute` VALUES (4700, 12, 0, 'LOG_INTERVAL', 0, NULL);
INSERT INTO `r_trans_attribute` VALUES (4701, 12, 0, 'TRANSFORMATION_TYPE', 0, 'Normal');
INSERT INTO `r_trans_attribute` VALUES (4702, 12, 0, 'SLEEP_TIME_EMPTY', 50, NULL);
INSERT INTO `r_trans_attribute` VALUES (4703, 12, 0, 'SLEEP_TIME_FULL', 50, NULL);
INSERT INTO `r_trans_attribute` VALUES (4704, 12, 0, 'TRANS_LOG_TABLE_CONNECTION_NAME', 0, NULL);
INSERT INTO `r_trans_attribute` VALUES (4705, 12, 0, 'TRANS_LOG_TABLE_SCHEMA_NAME', 0, NULL);
INSERT INTO `r_trans_attribute` VALUES (4706, 12, 0, 'TRANS_LOG_TABLE_TABLE_NAME', 0, NULL);
INSERT INTO `r_trans_attribute` VALUES (4707, 12, 0, 'TRANS_LOG_TABLE_TIMEOUT_IN_DAYS', 0, NULL);
INSERT INTO `r_trans_attribute` VALUES (4708, 12, 0, 'TRANS_LOG_TABLE_FIELD_ID0', 0, 'ID_BATCH');
INSERT INTO `r_trans_attribute` VALUES (4709, 12, 0, 'TRANS_LOG_TABLE_FIELD_NAME0', 0, 'ID_BATCH');
INSERT INTO `r_trans_attribute` VALUES (4710, 12, 0, 'TRANS_LOG_TABLE_FIELD_ENABLED0', 0, 'Y');
INSERT INTO `r_trans_attribute` VALUES (4711, 12, 0, 'TRANS_LOG_TABLE_FIELD_ID1', 0, 'CHANNEL_ID');
INSERT INTO `r_trans_attribute` VALUES (4712, 12, 0, 'TRANS_LOG_TABLE_FIELD_NAME1', 0, 'CHANNEL_ID');
INSERT INTO `r_trans_attribute` VALUES (4713, 12, 0, 'TRANS_LOG_TABLE_FIELD_ENABLED1', 0, 'Y');
INSERT INTO `r_trans_attribute` VALUES (4714, 12, 0, 'TRANS_LOG_TABLE_FIELD_ID2', 0, 'TRANSNAME');
INSERT INTO `r_trans_attribute` VALUES (4715, 12, 0, 'TRANS_LOG_TABLE_FIELD_NAME2', 0, 'TRANSNAME');
INSERT INTO `r_trans_attribute` VALUES (4716, 12, 0, 'TRANS_LOG_TABLE_FIELD_ENABLED2', 0, 'Y');
INSERT INTO `r_trans_attribute` VALUES (4717, 12, 0, 'TRANS_LOG_TABLE_FIELD_ID3', 0, 'STATUS');
INSERT INTO `r_trans_attribute` VALUES (4718, 12, 0, 'TRANS_LOG_TABLE_FIELD_NAME3', 0, 'STATUS');
INSERT INTO `r_trans_attribute` VALUES (4719, 12, 0, 'TRANS_LOG_TABLE_FIELD_ENABLED3', 0, 'Y');
INSERT INTO `r_trans_attribute` VALUES (4720, 12, 0, 'TRANS_LOG_TABLE_FIELD_ID4', 0, 'LINES_READ');
INSERT INTO `r_trans_attribute` VALUES (4721, 12, 0, 'TRANS_LOG_TABLE_FIELD_NAME4', 0, 'LINES_READ');
INSERT INTO `r_trans_attribute` VALUES (4722, 12, 0, 'TRANS_LOG_TABLE_FIELD_ENABLED4', 0, 'Y');
INSERT INTO `r_trans_attribute` VALUES (4723, 12, 0, 'TRANS_LOG_TABLE_FIELD_SUBJECT4', 0, NULL);
INSERT INTO `r_trans_attribute` VALUES (4724, 12, 0, 'TRANS_LOG_TABLE_FIELD_ID5', 0, 'LINES_WRITTEN');
INSERT INTO `r_trans_attribute` VALUES (4725, 12, 0, 'TRANS_LOG_TABLE_FIELD_NAME5', 0, 'LINES_WRITTEN');
INSERT INTO `r_trans_attribute` VALUES (4726, 12, 0, 'TRANS_LOG_TABLE_FIELD_ENABLED5', 0, 'Y');
INSERT INTO `r_trans_attribute` VALUES (4727, 12, 0, 'TRANS_LOG_TABLE_FIELD_SUBJECT5', 0, NULL);
INSERT INTO `r_trans_attribute` VALUES (4728, 12, 0, 'TRANS_LOG_TABLE_FIELD_ID6', 0, 'LINES_UPDATED');
INSERT INTO `r_trans_attribute` VALUES (4729, 12, 0, 'TRANS_LOG_TABLE_FIELD_NAME6', 0, 'LINES_UPDATED');
INSERT INTO `r_trans_attribute` VALUES (4730, 12, 0, 'TRANS_LOG_TABLE_FIELD_ENABLED6', 0, 'Y');
INSERT INTO `r_trans_attribute` VALUES (4731, 12, 0, 'TRANS_LOG_TABLE_FIELD_SUBJECT6', 0, NULL);
INSERT INTO `r_trans_attribute` VALUES (4732, 12, 0, 'TRANS_LOG_TABLE_FIELD_ID7', 0, 'LINES_INPUT');
INSERT INTO `r_trans_attribute` VALUES (4733, 12, 0, 'TRANS_LOG_TABLE_FIELD_NAME7', 0, 'LINES_INPUT');
INSERT INTO `r_trans_attribute` VALUES (4734, 12, 0, 'TRANS_LOG_TABLE_FIELD_ENABLED7', 0, 'Y');
INSERT INTO `r_trans_attribute` VALUES (4735, 12, 0, 'TRANS_LOG_TABLE_FIELD_SUBJECT7', 0, NULL);
INSERT INTO `r_trans_attribute` VALUES (4736, 12, 0, 'TRANS_LOG_TABLE_FIELD_ID8', 0, 'LINES_OUTPUT');
INSERT INTO `r_trans_attribute` VALUES (4737, 12, 0, 'TRANS_LOG_TABLE_FIELD_NAME8', 0, 'LINES_OUTPUT');
INSERT INTO `r_trans_attribute` VALUES (4738, 12, 0, 'TRANS_LOG_TABLE_FIELD_ENABLED8', 0, 'Y');
INSERT INTO `r_trans_attribute` VALUES (4739, 12, 0, 'TRANS_LOG_TABLE_FIELD_SUBJECT8', 0, NULL);
INSERT INTO `r_trans_attribute` VALUES (4740, 12, 0, 'TRANS_LOG_TABLE_FIELD_ID9', 0, 'LINES_REJECTED');
INSERT INTO `r_trans_attribute` VALUES (4741, 12, 0, 'TRANS_LOG_TABLE_FIELD_NAME9', 0, 'LINES_REJECTED');
INSERT INTO `r_trans_attribute` VALUES (4742, 12, 0, 'TRANS_LOG_TABLE_FIELD_ENABLED9', 0, 'Y');
INSERT INTO `r_trans_attribute` VALUES (4743, 12, 0, 'TRANS_LOG_TABLE_FIELD_SUBJECT9', 0, NULL);
INSERT INTO `r_trans_attribute` VALUES (4744, 12, 0, 'TRANS_LOG_TABLE_FIELD_ID10', 0, 'ERRORS');
INSERT INTO `r_trans_attribute` VALUES (4745, 12, 0, 'TRANS_LOG_TABLE_FIELD_NAME10', 0, 'ERRORS');
INSERT INTO `r_trans_attribute` VALUES (4746, 12, 0, 'TRANS_LOG_TABLE_FIELD_ENABLED10', 0, 'Y');
INSERT INTO `r_trans_attribute` VALUES (4747, 12, 0, 'TRANS_LOG_TABLE_FIELD_ID11', 0, 'STARTDATE');
INSERT INTO `r_trans_attribute` VALUES (4748, 12, 0, 'TRANS_LOG_TABLE_FIELD_NAME11', 0, 'STARTDATE');
INSERT INTO `r_trans_attribute` VALUES (4749, 12, 0, 'TRANS_LOG_TABLE_FIELD_ENABLED11', 0, 'Y');
INSERT INTO `r_trans_attribute` VALUES (4750, 12, 0, 'TRANS_LOG_TABLE_FIELD_ID12', 0, 'ENDDATE');
INSERT INTO `r_trans_attribute` VALUES (4751, 12, 0, 'TRANS_LOG_TABLE_FIELD_NAME12', 0, 'ENDDATE');
INSERT INTO `r_trans_attribute` VALUES (4752, 12, 0, 'TRANS_LOG_TABLE_FIELD_ENABLED12', 0, 'Y');
INSERT INTO `r_trans_attribute` VALUES (4753, 12, 0, 'TRANS_LOG_TABLE_FIELD_ID13', 0, 'LOGDATE');
INSERT INTO `r_trans_attribute` VALUES (4754, 12, 0, 'TRANS_LOG_TABLE_FIELD_NAME13', 0, 'LOGDATE');
INSERT INTO `r_trans_attribute` VALUES (4755, 12, 0, 'TRANS_LOG_TABLE_FIELD_ENABLED13', 0, 'Y');
INSERT INTO `r_trans_attribute` VALUES (4756, 12, 0, 'TRANS_LOG_TABLE_FIELD_ID14', 0, 'DEPDATE');
INSERT INTO `r_trans_attribute` VALUES (4757, 12, 0, 'TRANS_LOG_TABLE_FIELD_NAME14', 0, 'DEPDATE');
INSERT INTO `r_trans_attribute` VALUES (4758, 12, 0, 'TRANS_LOG_TABLE_FIELD_ENABLED14', 0, 'Y');
INSERT INTO `r_trans_attribute` VALUES (4759, 12, 0, 'TRANS_LOG_TABLE_FIELD_ID15', 0, 'REPLAYDATE');
INSERT INTO `r_trans_attribute` VALUES (4760, 12, 0, 'TRANS_LOG_TABLE_FIELD_NAME15', 0, 'REPLAYDATE');
INSERT INTO `r_trans_attribute` VALUES (4761, 12, 0, 'TRANS_LOG_TABLE_FIELD_ENABLED15', 0, 'Y');
INSERT INTO `r_trans_attribute` VALUES (4762, 12, 0, 'TRANS_LOG_TABLE_FIELD_ID16', 0, 'LOG_FIELD');
INSERT INTO `r_trans_attribute` VALUES (4763, 12, 0, 'TRANS_LOG_TABLE_FIELD_NAME16', 0, 'LOG_FIELD');
INSERT INTO `r_trans_attribute` VALUES (4764, 12, 0, 'TRANS_LOG_TABLE_FIELD_ENABLED16', 0, 'Y');
INSERT INTO `r_trans_attribute` VALUES (4765, 12, 0, 'TRANS_LOG_TABLE_FIELD_ID17', 0, 'EXECUTING_SERVER');
INSERT INTO `r_trans_attribute` VALUES (4766, 12, 0, 'TRANS_LOG_TABLE_FIELD_NAME17', 0, 'EXECUTING_SERVER');
INSERT INTO `r_trans_attribute` VALUES (4767, 12, 0, 'TRANS_LOG_TABLE_FIELD_ENABLED17', 0, 'N');
INSERT INTO `r_trans_attribute` VALUES (4768, 12, 0, 'TRANS_LOG_TABLE_FIELD_ID18', 0, 'EXECUTING_USER');
INSERT INTO `r_trans_attribute` VALUES (4769, 12, 0, 'TRANS_LOG_TABLE_FIELD_NAME18', 0, 'EXECUTING_USER');
INSERT INTO `r_trans_attribute` VALUES (4770, 12, 0, 'TRANS_LOG_TABLE_FIELD_ENABLED18', 0, 'N');
INSERT INTO `r_trans_attribute` VALUES (4771, 12, 0, 'TRANS_LOG_TABLE_FIELD_ID19', 0, 'CLIENT');
INSERT INTO `r_trans_attribute` VALUES (4772, 12, 0, 'TRANS_LOG_TABLE_FIELD_NAME19', 0, 'CLIENT');
INSERT INTO `r_trans_attribute` VALUES (4773, 12, 0, 'TRANS_LOG_TABLE_FIELD_ENABLED19', 0, 'N');
INSERT INTO `r_trans_attribute` VALUES (4774, 12, 0, 'TRANSLOG_TABLE_INTERVAL', 0, NULL);
INSERT INTO `r_trans_attribute` VALUES (4775, 12, 0, 'TRANSLOG_TABLE_SIZE_LIMIT', 0, NULL);
INSERT INTO `r_trans_attribute` VALUES (4776, 12, 0, 'STEP_LOG_TABLE_CONNECTION_NAME', 0, NULL);
INSERT INTO `r_trans_attribute` VALUES (4777, 12, 0, 'STEP_LOG_TABLE_SCHEMA_NAME', 0, NULL);
INSERT INTO `r_trans_attribute` VALUES (4778, 12, 0, 'STEP_LOG_TABLE_TABLE_NAME', 0, NULL);
INSERT INTO `r_trans_attribute` VALUES (4779, 12, 0, 'STEP_LOG_TABLE_TIMEOUT_IN_DAYS', 0, NULL);
INSERT INTO `r_trans_attribute` VALUES (4780, 12, 0, 'STEP_LOG_TABLE_FIELD_ID0', 0, 'ID_BATCH');
INSERT INTO `r_trans_attribute` VALUES (4781, 12, 0, 'STEP_LOG_TABLE_FIELD_NAME0', 0, 'ID_BATCH');
INSERT INTO `r_trans_attribute` VALUES (4782, 12, 0, 'STEP_LOG_TABLE_FIELD_ENABLED0', 0, 'Y');
INSERT INTO `r_trans_attribute` VALUES (4783, 12, 0, 'STEP_LOG_TABLE_FIELD_ID1', 0, 'CHANNEL_ID');
INSERT INTO `r_trans_attribute` VALUES (4784, 12, 0, 'STEP_LOG_TABLE_FIELD_NAME1', 0, 'CHANNEL_ID');
INSERT INTO `r_trans_attribute` VALUES (4785, 12, 0, 'STEP_LOG_TABLE_FIELD_ENABLED1', 0, 'Y');
INSERT INTO `r_trans_attribute` VALUES (4786, 12, 0, 'STEP_LOG_TABLE_FIELD_ID2', 0, 'LOG_DATE');
INSERT INTO `r_trans_attribute` VALUES (4787, 12, 0, 'STEP_LOG_TABLE_FIELD_NAME2', 0, 'LOG_DATE');
INSERT INTO `r_trans_attribute` VALUES (4788, 12, 0, 'STEP_LOG_TABLE_FIELD_ENABLED2', 0, 'Y');
INSERT INTO `r_trans_attribute` VALUES (4789, 12, 0, 'STEP_LOG_TABLE_FIELD_ID3', 0, 'TRANSNAME');
INSERT INTO `r_trans_attribute` VALUES (4790, 12, 0, 'STEP_LOG_TABLE_FIELD_NAME3', 0, 'TRANSNAME');
INSERT INTO `r_trans_attribute` VALUES (4791, 12, 0, 'STEP_LOG_TABLE_FIELD_ENABLED3', 0, 'Y');
INSERT INTO `r_trans_attribute` VALUES (4792, 12, 0, 'STEP_LOG_TABLE_FIELD_ID4', 0, 'STEPNAME');
INSERT INTO `r_trans_attribute` VALUES (4793, 12, 0, 'STEP_LOG_TABLE_FIELD_NAME4', 0, 'STEPNAME');
INSERT INTO `r_trans_attribute` VALUES (4794, 12, 0, 'STEP_LOG_TABLE_FIELD_ENABLED4', 0, 'Y');
INSERT INTO `r_trans_attribute` VALUES (4795, 12, 0, 'STEP_LOG_TABLE_FIELD_ID5', 0, 'STEP_COPY');
INSERT INTO `r_trans_attribute` VALUES (4796, 12, 0, 'STEP_LOG_TABLE_FIELD_NAME5', 0, 'STEP_COPY');
INSERT INTO `r_trans_attribute` VALUES (4797, 12, 0, 'STEP_LOG_TABLE_FIELD_ENABLED5', 0, 'Y');
INSERT INTO `r_trans_attribute` VALUES (4798, 12, 0, 'STEP_LOG_TABLE_FIELD_ID6', 0, 'LINES_READ');
INSERT INTO `r_trans_attribute` VALUES (4799, 12, 0, 'STEP_LOG_TABLE_FIELD_NAME6', 0, 'LINES_READ');
INSERT INTO `r_trans_attribute` VALUES (4800, 12, 0, 'STEP_LOG_TABLE_FIELD_ENABLED6', 0, 'Y');
INSERT INTO `r_trans_attribute` VALUES (4801, 12, 0, 'STEP_LOG_TABLE_FIELD_ID7', 0, 'LINES_WRITTEN');
INSERT INTO `r_trans_attribute` VALUES (4802, 12, 0, 'STEP_LOG_TABLE_FIELD_NAME7', 0, 'LINES_WRITTEN');
INSERT INTO `r_trans_attribute` VALUES (4803, 12, 0, 'STEP_LOG_TABLE_FIELD_ENABLED7', 0, 'Y');
INSERT INTO `r_trans_attribute` VALUES (4804, 12, 0, 'STEP_LOG_TABLE_FIELD_ID8', 0, 'LINES_UPDATED');
INSERT INTO `r_trans_attribute` VALUES (4805, 12, 0, 'STEP_LOG_TABLE_FIELD_NAME8', 0, 'LINES_UPDATED');
INSERT INTO `r_trans_attribute` VALUES (4806, 12, 0, 'STEP_LOG_TABLE_FIELD_ENABLED8', 0, 'Y');
INSERT INTO `r_trans_attribute` VALUES (4807, 12, 0, 'STEP_LOG_TABLE_FIELD_ID9', 0, 'LINES_INPUT');
INSERT INTO `r_trans_attribute` VALUES (4808, 12, 0, 'STEP_LOG_TABLE_FIELD_NAME9', 0, 'LINES_INPUT');
INSERT INTO `r_trans_attribute` VALUES (4809, 12, 0, 'STEP_LOG_TABLE_FIELD_ENABLED9', 0, 'Y');
INSERT INTO `r_trans_attribute` VALUES (4810, 12, 0, 'STEP_LOG_TABLE_FIELD_ID10', 0, 'LINES_OUTPUT');
INSERT INTO `r_trans_attribute` VALUES (4811, 12, 0, 'STEP_LOG_TABLE_FIELD_NAME10', 0, 'LINES_OUTPUT');
INSERT INTO `r_trans_attribute` VALUES (4812, 12, 0, 'STEP_LOG_TABLE_FIELD_ENABLED10', 0, 'Y');
INSERT INTO `r_trans_attribute` VALUES (4813, 12, 0, 'STEP_LOG_TABLE_FIELD_ID11', 0, 'LINES_REJECTED');
INSERT INTO `r_trans_attribute` VALUES (4814, 12, 0, 'STEP_LOG_TABLE_FIELD_NAME11', 0, 'LINES_REJECTED');
INSERT INTO `r_trans_attribute` VALUES (4815, 12, 0, 'STEP_LOG_TABLE_FIELD_ENABLED11', 0, 'Y');
INSERT INTO `r_trans_attribute` VALUES (4816, 12, 0, 'STEP_LOG_TABLE_FIELD_ID12', 0, 'ERRORS');
INSERT INTO `r_trans_attribute` VALUES (4817, 12, 0, 'STEP_LOG_TABLE_FIELD_NAME12', 0, 'ERRORS');
INSERT INTO `r_trans_attribute` VALUES (4818, 12, 0, 'STEP_LOG_TABLE_FIELD_ENABLED12', 0, 'Y');
INSERT INTO `r_trans_attribute` VALUES (4819, 12, 0, 'STEP_LOG_TABLE_FIELD_ID13', 0, 'LOG_FIELD');
INSERT INTO `r_trans_attribute` VALUES (4820, 12, 0, 'STEP_LOG_TABLE_FIELD_NAME13', 0, 'LOG_FIELD');
INSERT INTO `r_trans_attribute` VALUES (4821, 12, 0, 'STEP_LOG_TABLE_FIELD_ENABLED13', 0, 'N');
INSERT INTO `r_trans_attribute` VALUES (4822, 12, 0, 'PERFORMANCE_LOG_TABLE_CONNECTION_NAME', 0, NULL);
INSERT INTO `r_trans_attribute` VALUES (4823, 12, 0, 'PERFORMANCE_LOG_TABLE_SCHEMA_NAME', 0, NULL);
INSERT INTO `r_trans_attribute` VALUES (4824, 12, 0, 'PERFORMANCE_LOG_TABLE_TABLE_NAME', 0, NULL);
INSERT INTO `r_trans_attribute` VALUES (4825, 12, 0, 'PERFORMANCE_LOG_TABLE_TIMEOUT_IN_DAYS', 0, NULL);
INSERT INTO `r_trans_attribute` VALUES (4826, 12, 0, 'PERFORMANCE_LOG_TABLE_FIELD_ID0', 0, 'ID_BATCH');
INSERT INTO `r_trans_attribute` VALUES (4827, 12, 0, 'PERFORMANCE_LOG_TABLE_FIELD_NAME0', 0, 'ID_BATCH');
INSERT INTO `r_trans_attribute` VALUES (4828, 12, 0, 'PERFORMANCE_LOG_TABLE_FIELD_ENABLED0', 0, 'Y');
INSERT INTO `r_trans_attribute` VALUES (4829, 12, 0, 'PERFORMANCE_LOG_TABLE_FIELD_ID1', 0, 'SEQ_NR');
INSERT INTO `r_trans_attribute` VALUES (4830, 12, 0, 'PERFORMANCE_LOG_TABLE_FIELD_NAME1', 0, 'SEQ_NR');
INSERT INTO `r_trans_attribute` VALUES (4831, 12, 0, 'PERFORMANCE_LOG_TABLE_FIELD_ENABLED1', 0, 'Y');
INSERT INTO `r_trans_attribute` VALUES (4832, 12, 0, 'PERFORMANCE_LOG_TABLE_FIELD_ID2', 0, 'LOGDATE');
INSERT INTO `r_trans_attribute` VALUES (4833, 12, 0, 'PERFORMANCE_LOG_TABLE_FIELD_NAME2', 0, 'LOGDATE');
INSERT INTO `r_trans_attribute` VALUES (4834, 12, 0, 'PERFORMANCE_LOG_TABLE_FIELD_ENABLED2', 0, 'Y');
INSERT INTO `r_trans_attribute` VALUES (4835, 12, 0, 'PERFORMANCE_LOG_TABLE_FIELD_ID3', 0, 'TRANSNAME');
INSERT INTO `r_trans_attribute` VALUES (4836, 12, 0, 'PERFORMANCE_LOG_TABLE_FIELD_NAME3', 0, 'TRANSNAME');
INSERT INTO `r_trans_attribute` VALUES (4837, 12, 0, 'PERFORMANCE_LOG_TABLE_FIELD_ENABLED3', 0, 'Y');
INSERT INTO `r_trans_attribute` VALUES (4838, 12, 0, 'PERFORMANCE_LOG_TABLE_FIELD_ID4', 0, 'STEPNAME');
INSERT INTO `r_trans_attribute` VALUES (4839, 12, 0, 'PERFORMANCE_LOG_TABLE_FIELD_NAME4', 0, 'STEPNAME');
INSERT INTO `r_trans_attribute` VALUES (4840, 12, 0, 'PERFORMANCE_LOG_TABLE_FIELD_ENABLED4', 0, 'Y');
INSERT INTO `r_trans_attribute` VALUES (4841, 12, 0, 'PERFORMANCE_LOG_TABLE_FIELD_ID5', 0, 'STEP_COPY');
INSERT INTO `r_trans_attribute` VALUES (4842, 12, 0, 'PERFORMANCE_LOG_TABLE_FIELD_NAME5', 0, 'STEP_COPY');
INSERT INTO `r_trans_attribute` VALUES (4843, 12, 0, 'PERFORMANCE_LOG_TABLE_FIELD_ENABLED5', 0, 'Y');
INSERT INTO `r_trans_attribute` VALUES (4844, 12, 0, 'PERFORMANCE_LOG_TABLE_FIELD_ID6', 0, 'LINES_READ');
INSERT INTO `r_trans_attribute` VALUES (4845, 12, 0, 'PERFORMANCE_LOG_TABLE_FIELD_NAME6', 0, 'LINES_READ');
INSERT INTO `r_trans_attribute` VALUES (4846, 12, 0, 'PERFORMANCE_LOG_TABLE_FIELD_ENABLED6', 0, 'Y');
INSERT INTO `r_trans_attribute` VALUES (4847, 12, 0, 'PERFORMANCE_LOG_TABLE_FIELD_ID7', 0, 'LINES_WRITTEN');
INSERT INTO `r_trans_attribute` VALUES (4848, 12, 0, 'PERFORMANCE_LOG_TABLE_FIELD_NAME7', 0, 'LINES_WRITTEN');
INSERT INTO `r_trans_attribute` VALUES (4849, 12, 0, 'PERFORMANCE_LOG_TABLE_FIELD_ENABLED7', 0, 'Y');
INSERT INTO `r_trans_attribute` VALUES (4850, 12, 0, 'PERFORMANCE_LOG_TABLE_FIELD_ID8', 0, 'LINES_UPDATED');
INSERT INTO `r_trans_attribute` VALUES (4851, 12, 0, 'PERFORMANCE_LOG_TABLE_FIELD_NAME8', 0, 'LINES_UPDATED');
INSERT INTO `r_trans_attribute` VALUES (4852, 12, 0, 'PERFORMANCE_LOG_TABLE_FIELD_ENABLED8', 0, 'Y');
INSERT INTO `r_trans_attribute` VALUES (4853, 12, 0, 'PERFORMANCE_LOG_TABLE_FIELD_ID9', 0, 'LINES_INPUT');
INSERT INTO `r_trans_attribute` VALUES (4854, 12, 0, 'PERFORMANCE_LOG_TABLE_FIELD_NAME9', 0, 'LINES_INPUT');
INSERT INTO `r_trans_attribute` VALUES (4855, 12, 0, 'PERFORMANCE_LOG_TABLE_FIELD_ENABLED9', 0, 'Y');
INSERT INTO `r_trans_attribute` VALUES (4856, 12, 0, 'PERFORMANCE_LOG_TABLE_FIELD_ID10', 0, 'LINES_OUTPUT');
INSERT INTO `r_trans_attribute` VALUES (4857, 12, 0, 'PERFORMANCE_LOG_TABLE_FIELD_NAME10', 0, 'LINES_OUTPUT');
INSERT INTO `r_trans_attribute` VALUES (4858, 12, 0, 'PERFORMANCE_LOG_TABLE_FIELD_ENABLED10', 0, 'Y');
INSERT INTO `r_trans_attribute` VALUES (4859, 12, 0, 'PERFORMANCE_LOG_TABLE_FIELD_ID11', 0, 'LINES_REJECTED');
INSERT INTO `r_trans_attribute` VALUES (4860, 12, 0, 'PERFORMANCE_LOG_TABLE_FIELD_NAME11', 0, 'LINES_REJECTED');
INSERT INTO `r_trans_attribute` VALUES (4861, 12, 0, 'PERFORMANCE_LOG_TABLE_FIELD_ENABLED11', 0, 'Y');
INSERT INTO `r_trans_attribute` VALUES (4862, 12, 0, 'PERFORMANCE_LOG_TABLE_FIELD_ID12', 0, 'ERRORS');
INSERT INTO `r_trans_attribute` VALUES (4863, 12, 0, 'PERFORMANCE_LOG_TABLE_FIELD_NAME12', 0, 'ERRORS');
INSERT INTO `r_trans_attribute` VALUES (4864, 12, 0, 'PERFORMANCE_LOG_TABLE_FIELD_ENABLED12', 0, 'Y');
INSERT INTO `r_trans_attribute` VALUES (4865, 12, 0, 'PERFORMANCE_LOG_TABLE_FIELD_ID13', 0, 'INPUT_BUFFER_ROWS');
INSERT INTO `r_trans_attribute` VALUES (4866, 12, 0, 'PERFORMANCE_LOG_TABLE_FIELD_NAME13', 0, 'INPUT_BUFFER_ROWS');
INSERT INTO `r_trans_attribute` VALUES (4867, 12, 0, 'PERFORMANCE_LOG_TABLE_FIELD_ENABLED13', 0, 'Y');
INSERT INTO `r_trans_attribute` VALUES (4868, 12, 0, 'PERFORMANCE_LOG_TABLE_FIELD_ID14', 0, 'OUTPUT_BUFFER_ROWS');
INSERT INTO `r_trans_attribute` VALUES (4869, 12, 0, 'PERFORMANCE_LOG_TABLE_FIELD_NAME14', 0, 'OUTPUT_BUFFER_ROWS');
INSERT INTO `r_trans_attribute` VALUES (4870, 12, 0, 'PERFORMANCE_LOG_TABLE_FIELD_ENABLED14', 0, 'Y');
INSERT INTO `r_trans_attribute` VALUES (4871, 12, 0, 'PERFORMANCELOG_TABLE_INTERVAL', 0, NULL);
INSERT INTO `r_trans_attribute` VALUES (4872, 12, 0, 'CHANNEL_LOG_TABLE_CONNECTION_NAME', 0, NULL);
INSERT INTO `r_trans_attribute` VALUES (4873, 12, 0, 'CHANNEL_LOG_TABLE_SCHEMA_NAME', 0, NULL);
INSERT INTO `r_trans_attribute` VALUES (4874, 12, 0, 'CHANNEL_LOG_TABLE_TABLE_NAME', 0, NULL);
INSERT INTO `r_trans_attribute` VALUES (4875, 12, 0, 'CHANNEL_LOG_TABLE_TIMEOUT_IN_DAYS', 0, NULL);
INSERT INTO `r_trans_attribute` VALUES (4876, 12, 0, 'CHANNEL_LOG_TABLE_FIELD_ID0', 0, 'ID_BATCH');
INSERT INTO `r_trans_attribute` VALUES (4877, 12, 0, 'CHANNEL_LOG_TABLE_FIELD_NAME0', 0, 'ID_BATCH');
INSERT INTO `r_trans_attribute` VALUES (4878, 12, 0, 'CHANNEL_LOG_TABLE_FIELD_ENABLED0', 0, 'Y');
INSERT INTO `r_trans_attribute` VALUES (4879, 12, 0, 'CHANNEL_LOG_TABLE_FIELD_ID1', 0, 'CHANNEL_ID');
INSERT INTO `r_trans_attribute` VALUES (4880, 12, 0, 'CHANNEL_LOG_TABLE_FIELD_NAME1', 0, 'CHANNEL_ID');
INSERT INTO `r_trans_attribute` VALUES (4881, 12, 0, 'CHANNEL_LOG_TABLE_FIELD_ENABLED1', 0, 'Y');
INSERT INTO `r_trans_attribute` VALUES (4882, 12, 0, 'CHANNEL_LOG_TABLE_FIELD_ID2', 0, 'LOG_DATE');
INSERT INTO `r_trans_attribute` VALUES (4883, 12, 0, 'CHANNEL_LOG_TABLE_FIELD_NAME2', 0, 'LOG_DATE');
INSERT INTO `r_trans_attribute` VALUES (4884, 12, 0, 'CHANNEL_LOG_TABLE_FIELD_ENABLED2', 0, 'Y');
INSERT INTO `r_trans_attribute` VALUES (4885, 12, 0, 'CHANNEL_LOG_TABLE_FIELD_ID3', 0, 'LOGGING_OBJECT_TYPE');
INSERT INTO `r_trans_attribute` VALUES (4886, 12, 0, 'CHANNEL_LOG_TABLE_FIELD_NAME3', 0, 'LOGGING_OBJECT_TYPE');
INSERT INTO `r_trans_attribute` VALUES (4887, 12, 0, 'CHANNEL_LOG_TABLE_FIELD_ENABLED3', 0, 'Y');
INSERT INTO `r_trans_attribute` VALUES (4888, 12, 0, 'CHANNEL_LOG_TABLE_FIELD_ID4', 0, 'OBJECT_NAME');
INSERT INTO `r_trans_attribute` VALUES (4889, 12, 0, 'CHANNEL_LOG_TABLE_FIELD_NAME4', 0, 'OBJECT_NAME');
INSERT INTO `r_trans_attribute` VALUES (4890, 12, 0, 'CHANNEL_LOG_TABLE_FIELD_ENABLED4', 0, 'Y');
INSERT INTO `r_trans_attribute` VALUES (4891, 12, 0, 'CHANNEL_LOG_TABLE_FIELD_ID5', 0, 'OBJECT_COPY');
INSERT INTO `r_trans_attribute` VALUES (4892, 12, 0, 'CHANNEL_LOG_TABLE_FIELD_NAME5', 0, 'OBJECT_COPY');
INSERT INTO `r_trans_attribute` VALUES (4893, 12, 0, 'CHANNEL_LOG_TABLE_FIELD_ENABLED5', 0, 'Y');
INSERT INTO `r_trans_attribute` VALUES (4894, 12, 0, 'CHANNEL_LOG_TABLE_FIELD_ID6', 0, 'REPOSITORY_DIRECTORY');
INSERT INTO `r_trans_attribute` VALUES (4895, 12, 0, 'CHANNEL_LOG_TABLE_FIELD_NAME6', 0, 'REPOSITORY_DIRECTORY');
INSERT INTO `r_trans_attribute` VALUES (4896, 12, 0, 'CHANNEL_LOG_TABLE_FIELD_ENABLED6', 0, 'Y');
INSERT INTO `r_trans_attribute` VALUES (4897, 12, 0, 'CHANNEL_LOG_TABLE_FIELD_ID7', 0, 'FILENAME');
INSERT INTO `r_trans_attribute` VALUES (4898, 12, 0, 'CHANNEL_LOG_TABLE_FIELD_NAME7', 0, 'FILENAME');
INSERT INTO `r_trans_attribute` VALUES (4899, 12, 0, 'CHANNEL_LOG_TABLE_FIELD_ENABLED7', 0, 'Y');
INSERT INTO `r_trans_attribute` VALUES (4900, 12, 0, 'CHANNEL_LOG_TABLE_FIELD_ID8', 0, 'OBJECT_ID');
INSERT INTO `r_trans_attribute` VALUES (4901, 12, 0, 'CHANNEL_LOG_TABLE_FIELD_NAME8', 0, 'OBJECT_ID');
INSERT INTO `r_trans_attribute` VALUES (4902, 12, 0, 'CHANNEL_LOG_TABLE_FIELD_ENABLED8', 0, 'Y');
INSERT INTO `r_trans_attribute` VALUES (4903, 12, 0, 'CHANNEL_LOG_TABLE_FIELD_ID9', 0, 'OBJECT_REVISION');
INSERT INTO `r_trans_attribute` VALUES (4904, 12, 0, 'CHANNEL_LOG_TABLE_FIELD_NAME9', 0, 'OBJECT_REVISION');
INSERT INTO `r_trans_attribute` VALUES (4905, 12, 0, 'CHANNEL_LOG_TABLE_FIELD_ENABLED9', 0, 'Y');
INSERT INTO `r_trans_attribute` VALUES (4906, 12, 0, 'CHANNEL_LOG_TABLE_FIELD_ID10', 0, 'PARENT_CHANNEL_ID');
INSERT INTO `r_trans_attribute` VALUES (4907, 12, 0, 'CHANNEL_LOG_TABLE_FIELD_NAME10', 0, 'PARENT_CHANNEL_ID');
INSERT INTO `r_trans_attribute` VALUES (4908, 12, 0, 'CHANNEL_LOG_TABLE_FIELD_ENABLED10', 0, 'Y');
INSERT INTO `r_trans_attribute` VALUES (4909, 12, 0, 'CHANNEL_LOG_TABLE_FIELD_ID11', 0, 'ROOT_CHANNEL_ID');
INSERT INTO `r_trans_attribute` VALUES (4910, 12, 0, 'CHANNEL_LOG_TABLE_FIELD_NAME11', 0, 'ROOT_CHANNEL_ID');
INSERT INTO `r_trans_attribute` VALUES (4911, 12, 0, 'CHANNEL_LOG_TABLE_FIELD_ENABLED11', 0, 'Y');
INSERT INTO `r_trans_attribute` VALUES (4912, 13, 0, 'UNIQUE_CONNECTIONS', 0, 'N');
INSERT INTO `r_trans_attribute` VALUES (4913, 13, 0, 'FEEDBACK_SHOWN', 0, 'Y');
INSERT INTO `r_trans_attribute` VALUES (4914, 13, 0, 'FEEDBACK_SIZE', 50000, NULL);
INSERT INTO `r_trans_attribute` VALUES (4915, 13, 0, 'USING_THREAD_PRIORITIES', 0, 'Y');
INSERT INTO `r_trans_attribute` VALUES (4916, 13, 0, 'SHARED_FILE', 0, NULL);
INSERT INTO `r_trans_attribute` VALUES (4917, 13, 0, 'CAPTURE_STEP_PERFORMANCE', 0, 'N');
INSERT INTO `r_trans_attribute` VALUES (4918, 13, 0, 'STEP_PERFORMANCE_CAPTURING_DELAY', 1000, NULL);
INSERT INTO `r_trans_attribute` VALUES (4919, 13, 0, 'STEP_PERFORMANCE_CAPTURING_SIZE_LIMIT', 0, '100');
INSERT INTO `r_trans_attribute` VALUES (4920, 13, 0, 'STEP_PERFORMANCE_LOG_TABLE', 0, NULL);
INSERT INTO `r_trans_attribute` VALUES (4921, 13, 0, 'LOG_SIZE_LIMIT', 0, NULL);
INSERT INTO `r_trans_attribute` VALUES (4922, 13, 0, 'LOG_INTERVAL', 0, NULL);
INSERT INTO `r_trans_attribute` VALUES (4923, 13, 0, 'TRANSFORMATION_TYPE', 0, 'Normal');
INSERT INTO `r_trans_attribute` VALUES (4924, 13, 0, 'SLEEP_TIME_EMPTY', 50, NULL);
INSERT INTO `r_trans_attribute` VALUES (4925, 13, 0, 'SLEEP_TIME_FULL', 50, NULL);
INSERT INTO `r_trans_attribute` VALUES (4926, 13, 0, 'TRANS_LOG_TABLE_CONNECTION_NAME', 0, NULL);
INSERT INTO `r_trans_attribute` VALUES (4927, 13, 0, 'TRANS_LOG_TABLE_SCHEMA_NAME', 0, NULL);
INSERT INTO `r_trans_attribute` VALUES (4928, 13, 0, 'TRANS_LOG_TABLE_TABLE_NAME', 0, NULL);
INSERT INTO `r_trans_attribute` VALUES (4929, 13, 0, 'TRANS_LOG_TABLE_TIMEOUT_IN_DAYS', 0, NULL);
INSERT INTO `r_trans_attribute` VALUES (4930, 13, 0, 'TRANS_LOG_TABLE_FIELD_ID0', 0, 'ID_BATCH');
INSERT INTO `r_trans_attribute` VALUES (4931, 13, 0, 'TRANS_LOG_TABLE_FIELD_NAME0', 0, 'ID_BATCH');
INSERT INTO `r_trans_attribute` VALUES (4932, 13, 0, 'TRANS_LOG_TABLE_FIELD_ENABLED0', 0, 'Y');
INSERT INTO `r_trans_attribute` VALUES (4933, 13, 0, 'TRANS_LOG_TABLE_FIELD_ID1', 0, 'CHANNEL_ID');
INSERT INTO `r_trans_attribute` VALUES (4934, 13, 0, 'TRANS_LOG_TABLE_FIELD_NAME1', 0, 'CHANNEL_ID');
INSERT INTO `r_trans_attribute` VALUES (4935, 13, 0, 'TRANS_LOG_TABLE_FIELD_ENABLED1', 0, 'Y');
INSERT INTO `r_trans_attribute` VALUES (4936, 13, 0, 'TRANS_LOG_TABLE_FIELD_ID2', 0, 'TRANSNAME');
INSERT INTO `r_trans_attribute` VALUES (4937, 13, 0, 'TRANS_LOG_TABLE_FIELD_NAME2', 0, 'TRANSNAME');
INSERT INTO `r_trans_attribute` VALUES (4938, 13, 0, 'TRANS_LOG_TABLE_FIELD_ENABLED2', 0, 'Y');
INSERT INTO `r_trans_attribute` VALUES (4939, 13, 0, 'TRANS_LOG_TABLE_FIELD_ID3', 0, 'STATUS');
INSERT INTO `r_trans_attribute` VALUES (4940, 13, 0, 'TRANS_LOG_TABLE_FIELD_NAME3', 0, 'STATUS');
INSERT INTO `r_trans_attribute` VALUES (4941, 13, 0, 'TRANS_LOG_TABLE_FIELD_ENABLED3', 0, 'Y');
INSERT INTO `r_trans_attribute` VALUES (4942, 13, 0, 'TRANS_LOG_TABLE_FIELD_ID4', 0, 'LINES_READ');
INSERT INTO `r_trans_attribute` VALUES (4943, 13, 0, 'TRANS_LOG_TABLE_FIELD_NAME4', 0, 'LINES_READ');
INSERT INTO `r_trans_attribute` VALUES (4944, 13, 0, 'TRANS_LOG_TABLE_FIELD_ENABLED4', 0, 'Y');
INSERT INTO `r_trans_attribute` VALUES (4945, 13, 0, 'TRANS_LOG_TABLE_FIELD_SUBJECT4', 0, NULL);
INSERT INTO `r_trans_attribute` VALUES (4946, 13, 0, 'TRANS_LOG_TABLE_FIELD_ID5', 0, 'LINES_WRITTEN');
INSERT INTO `r_trans_attribute` VALUES (4947, 13, 0, 'TRANS_LOG_TABLE_FIELD_NAME5', 0, 'LINES_WRITTEN');
INSERT INTO `r_trans_attribute` VALUES (4948, 13, 0, 'TRANS_LOG_TABLE_FIELD_ENABLED5', 0, 'Y');
INSERT INTO `r_trans_attribute` VALUES (4949, 13, 0, 'TRANS_LOG_TABLE_FIELD_SUBJECT5', 0, NULL);
INSERT INTO `r_trans_attribute` VALUES (4950, 13, 0, 'TRANS_LOG_TABLE_FIELD_ID6', 0, 'LINES_UPDATED');
INSERT INTO `r_trans_attribute` VALUES (4951, 13, 0, 'TRANS_LOG_TABLE_FIELD_NAME6', 0, 'LINES_UPDATED');
INSERT INTO `r_trans_attribute` VALUES (4952, 13, 0, 'TRANS_LOG_TABLE_FIELD_ENABLED6', 0, 'Y');
INSERT INTO `r_trans_attribute` VALUES (4953, 13, 0, 'TRANS_LOG_TABLE_FIELD_SUBJECT6', 0, NULL);
INSERT INTO `r_trans_attribute` VALUES (4954, 13, 0, 'TRANS_LOG_TABLE_FIELD_ID7', 0, 'LINES_INPUT');
INSERT INTO `r_trans_attribute` VALUES (4955, 13, 0, 'TRANS_LOG_TABLE_FIELD_NAME7', 0, 'LINES_INPUT');
INSERT INTO `r_trans_attribute` VALUES (4956, 13, 0, 'TRANS_LOG_TABLE_FIELD_ENABLED7', 0, 'Y');
INSERT INTO `r_trans_attribute` VALUES (4957, 13, 0, 'TRANS_LOG_TABLE_FIELD_SUBJECT7', 0, NULL);
INSERT INTO `r_trans_attribute` VALUES (4958, 13, 0, 'TRANS_LOG_TABLE_FIELD_ID8', 0, 'LINES_OUTPUT');
INSERT INTO `r_trans_attribute` VALUES (4959, 13, 0, 'TRANS_LOG_TABLE_FIELD_NAME8', 0, 'LINES_OUTPUT');
INSERT INTO `r_trans_attribute` VALUES (4960, 13, 0, 'TRANS_LOG_TABLE_FIELD_ENABLED8', 0, 'Y');
INSERT INTO `r_trans_attribute` VALUES (4961, 13, 0, 'TRANS_LOG_TABLE_FIELD_SUBJECT8', 0, NULL);
INSERT INTO `r_trans_attribute` VALUES (4962, 13, 0, 'TRANS_LOG_TABLE_FIELD_ID9', 0, 'LINES_REJECTED');
INSERT INTO `r_trans_attribute` VALUES (4963, 13, 0, 'TRANS_LOG_TABLE_FIELD_NAME9', 0, 'LINES_REJECTED');
INSERT INTO `r_trans_attribute` VALUES (4964, 13, 0, 'TRANS_LOG_TABLE_FIELD_ENABLED9', 0, 'Y');
INSERT INTO `r_trans_attribute` VALUES (4965, 13, 0, 'TRANS_LOG_TABLE_FIELD_SUBJECT9', 0, NULL);
INSERT INTO `r_trans_attribute` VALUES (4966, 13, 0, 'TRANS_LOG_TABLE_FIELD_ID10', 0, 'ERRORS');
INSERT INTO `r_trans_attribute` VALUES (4967, 13, 0, 'TRANS_LOG_TABLE_FIELD_NAME10', 0, 'ERRORS');
INSERT INTO `r_trans_attribute` VALUES (4968, 13, 0, 'TRANS_LOG_TABLE_FIELD_ENABLED10', 0, 'Y');
INSERT INTO `r_trans_attribute` VALUES (4969, 13, 0, 'TRANS_LOG_TABLE_FIELD_ID11', 0, 'STARTDATE');
INSERT INTO `r_trans_attribute` VALUES (4970, 13, 0, 'TRANS_LOG_TABLE_FIELD_NAME11', 0, 'STARTDATE');
INSERT INTO `r_trans_attribute` VALUES (4971, 13, 0, 'TRANS_LOG_TABLE_FIELD_ENABLED11', 0, 'Y');
INSERT INTO `r_trans_attribute` VALUES (4972, 13, 0, 'TRANS_LOG_TABLE_FIELD_ID12', 0, 'ENDDATE');
INSERT INTO `r_trans_attribute` VALUES (4973, 13, 0, 'TRANS_LOG_TABLE_FIELD_NAME12', 0, 'ENDDATE');
INSERT INTO `r_trans_attribute` VALUES (4974, 13, 0, 'TRANS_LOG_TABLE_FIELD_ENABLED12', 0, 'Y');
INSERT INTO `r_trans_attribute` VALUES (4975, 13, 0, 'TRANS_LOG_TABLE_FIELD_ID13', 0, 'LOGDATE');
INSERT INTO `r_trans_attribute` VALUES (4976, 13, 0, 'TRANS_LOG_TABLE_FIELD_NAME13', 0, 'LOGDATE');
INSERT INTO `r_trans_attribute` VALUES (4977, 13, 0, 'TRANS_LOG_TABLE_FIELD_ENABLED13', 0, 'Y');
INSERT INTO `r_trans_attribute` VALUES (4978, 13, 0, 'TRANS_LOG_TABLE_FIELD_ID14', 0, 'DEPDATE');
INSERT INTO `r_trans_attribute` VALUES (4979, 13, 0, 'TRANS_LOG_TABLE_FIELD_NAME14', 0, 'DEPDATE');
INSERT INTO `r_trans_attribute` VALUES (4980, 13, 0, 'TRANS_LOG_TABLE_FIELD_ENABLED14', 0, 'Y');
INSERT INTO `r_trans_attribute` VALUES (4981, 13, 0, 'TRANS_LOG_TABLE_FIELD_ID15', 0, 'REPLAYDATE');
INSERT INTO `r_trans_attribute` VALUES (4982, 13, 0, 'TRANS_LOG_TABLE_FIELD_NAME15', 0, 'REPLAYDATE');
INSERT INTO `r_trans_attribute` VALUES (4983, 13, 0, 'TRANS_LOG_TABLE_FIELD_ENABLED15', 0, 'Y');
INSERT INTO `r_trans_attribute` VALUES (4984, 13, 0, 'TRANS_LOG_TABLE_FIELD_ID16', 0, 'LOG_FIELD');
INSERT INTO `r_trans_attribute` VALUES (4985, 13, 0, 'TRANS_LOG_TABLE_FIELD_NAME16', 0, 'LOG_FIELD');
INSERT INTO `r_trans_attribute` VALUES (4986, 13, 0, 'TRANS_LOG_TABLE_FIELD_ENABLED16', 0, 'Y');
INSERT INTO `r_trans_attribute` VALUES (4987, 13, 0, 'TRANS_LOG_TABLE_FIELD_ID17', 0, 'EXECUTING_SERVER');
INSERT INTO `r_trans_attribute` VALUES (4988, 13, 0, 'TRANS_LOG_TABLE_FIELD_NAME17', 0, 'EXECUTING_SERVER');
INSERT INTO `r_trans_attribute` VALUES (4989, 13, 0, 'TRANS_LOG_TABLE_FIELD_ENABLED17', 0, 'N');
INSERT INTO `r_trans_attribute` VALUES (4990, 13, 0, 'TRANS_LOG_TABLE_FIELD_ID18', 0, 'EXECUTING_USER');
INSERT INTO `r_trans_attribute` VALUES (4991, 13, 0, 'TRANS_LOG_TABLE_FIELD_NAME18', 0, 'EXECUTING_USER');
INSERT INTO `r_trans_attribute` VALUES (4992, 13, 0, 'TRANS_LOG_TABLE_FIELD_ENABLED18', 0, 'N');
INSERT INTO `r_trans_attribute` VALUES (4993, 13, 0, 'TRANS_LOG_TABLE_FIELD_ID19', 0, 'CLIENT');
INSERT INTO `r_trans_attribute` VALUES (4994, 13, 0, 'TRANS_LOG_TABLE_FIELD_NAME19', 0, 'CLIENT');
INSERT INTO `r_trans_attribute` VALUES (4995, 13, 0, 'TRANS_LOG_TABLE_FIELD_ENABLED19', 0, 'N');
INSERT INTO `r_trans_attribute` VALUES (4996, 13, 0, 'TRANSLOG_TABLE_INTERVAL', 0, NULL);
INSERT INTO `r_trans_attribute` VALUES (4997, 13, 0, 'TRANSLOG_TABLE_SIZE_LIMIT', 0, NULL);
INSERT INTO `r_trans_attribute` VALUES (4998, 13, 0, 'STEP_LOG_TABLE_CONNECTION_NAME', 0, NULL);
INSERT INTO `r_trans_attribute` VALUES (4999, 13, 0, 'STEP_LOG_TABLE_SCHEMA_NAME', 0, NULL);
INSERT INTO `r_trans_attribute` VALUES (5000, 13, 0, 'STEP_LOG_TABLE_TABLE_NAME', 0, NULL);
INSERT INTO `r_trans_attribute` VALUES (5001, 13, 0, 'STEP_LOG_TABLE_TIMEOUT_IN_DAYS', 0, NULL);
INSERT INTO `r_trans_attribute` VALUES (5002, 13, 0, 'STEP_LOG_TABLE_FIELD_ID0', 0, 'ID_BATCH');
INSERT INTO `r_trans_attribute` VALUES (5003, 13, 0, 'STEP_LOG_TABLE_FIELD_NAME0', 0, 'ID_BATCH');
INSERT INTO `r_trans_attribute` VALUES (5004, 13, 0, 'STEP_LOG_TABLE_FIELD_ENABLED0', 0, 'Y');
INSERT INTO `r_trans_attribute` VALUES (5005, 13, 0, 'STEP_LOG_TABLE_FIELD_ID1', 0, 'CHANNEL_ID');
INSERT INTO `r_trans_attribute` VALUES (5006, 13, 0, 'STEP_LOG_TABLE_FIELD_NAME1', 0, 'CHANNEL_ID');
INSERT INTO `r_trans_attribute` VALUES (5007, 13, 0, 'STEP_LOG_TABLE_FIELD_ENABLED1', 0, 'Y');
INSERT INTO `r_trans_attribute` VALUES (5008, 13, 0, 'STEP_LOG_TABLE_FIELD_ID2', 0, 'LOG_DATE');
INSERT INTO `r_trans_attribute` VALUES (5009, 13, 0, 'STEP_LOG_TABLE_FIELD_NAME2', 0, 'LOG_DATE');
INSERT INTO `r_trans_attribute` VALUES (5010, 13, 0, 'STEP_LOG_TABLE_FIELD_ENABLED2', 0, 'Y');
INSERT INTO `r_trans_attribute` VALUES (5011, 13, 0, 'STEP_LOG_TABLE_FIELD_ID3', 0, 'TRANSNAME');
INSERT INTO `r_trans_attribute` VALUES (5012, 13, 0, 'STEP_LOG_TABLE_FIELD_NAME3', 0, 'TRANSNAME');
INSERT INTO `r_trans_attribute` VALUES (5013, 13, 0, 'STEP_LOG_TABLE_FIELD_ENABLED3', 0, 'Y');
INSERT INTO `r_trans_attribute` VALUES (5014, 13, 0, 'STEP_LOG_TABLE_FIELD_ID4', 0, 'STEPNAME');
INSERT INTO `r_trans_attribute` VALUES (5015, 13, 0, 'STEP_LOG_TABLE_FIELD_NAME4', 0, 'STEPNAME');
INSERT INTO `r_trans_attribute` VALUES (5016, 13, 0, 'STEP_LOG_TABLE_FIELD_ENABLED4', 0, 'Y');
INSERT INTO `r_trans_attribute` VALUES (5017, 13, 0, 'STEP_LOG_TABLE_FIELD_ID5', 0, 'STEP_COPY');
INSERT INTO `r_trans_attribute` VALUES (5018, 13, 0, 'STEP_LOG_TABLE_FIELD_NAME5', 0, 'STEP_COPY');
INSERT INTO `r_trans_attribute` VALUES (5019, 13, 0, 'STEP_LOG_TABLE_FIELD_ENABLED5', 0, 'Y');
INSERT INTO `r_trans_attribute` VALUES (5020, 13, 0, 'STEP_LOG_TABLE_FIELD_ID6', 0, 'LINES_READ');
INSERT INTO `r_trans_attribute` VALUES (5021, 13, 0, 'STEP_LOG_TABLE_FIELD_NAME6', 0, 'LINES_READ');
INSERT INTO `r_trans_attribute` VALUES (5022, 13, 0, 'STEP_LOG_TABLE_FIELD_ENABLED6', 0, 'Y');
INSERT INTO `r_trans_attribute` VALUES (5023, 13, 0, 'STEP_LOG_TABLE_FIELD_ID7', 0, 'LINES_WRITTEN');
INSERT INTO `r_trans_attribute` VALUES (5024, 13, 0, 'STEP_LOG_TABLE_FIELD_NAME7', 0, 'LINES_WRITTEN');
INSERT INTO `r_trans_attribute` VALUES (5025, 13, 0, 'STEP_LOG_TABLE_FIELD_ENABLED7', 0, 'Y');
INSERT INTO `r_trans_attribute` VALUES (5026, 13, 0, 'STEP_LOG_TABLE_FIELD_ID8', 0, 'LINES_UPDATED');
INSERT INTO `r_trans_attribute` VALUES (5027, 13, 0, 'STEP_LOG_TABLE_FIELD_NAME8', 0, 'LINES_UPDATED');
INSERT INTO `r_trans_attribute` VALUES (5028, 13, 0, 'STEP_LOG_TABLE_FIELD_ENABLED8', 0, 'Y');
INSERT INTO `r_trans_attribute` VALUES (5029, 13, 0, 'STEP_LOG_TABLE_FIELD_ID9', 0, 'LINES_INPUT');
INSERT INTO `r_trans_attribute` VALUES (5030, 13, 0, 'STEP_LOG_TABLE_FIELD_NAME9', 0, 'LINES_INPUT');
INSERT INTO `r_trans_attribute` VALUES (5031, 13, 0, 'STEP_LOG_TABLE_FIELD_ENABLED9', 0, 'Y');
INSERT INTO `r_trans_attribute` VALUES (5032, 13, 0, 'STEP_LOG_TABLE_FIELD_ID10', 0, 'LINES_OUTPUT');
INSERT INTO `r_trans_attribute` VALUES (5033, 13, 0, 'STEP_LOG_TABLE_FIELD_NAME10', 0, 'LINES_OUTPUT');
INSERT INTO `r_trans_attribute` VALUES (5034, 13, 0, 'STEP_LOG_TABLE_FIELD_ENABLED10', 0, 'Y');
INSERT INTO `r_trans_attribute` VALUES (5035, 13, 0, 'STEP_LOG_TABLE_FIELD_ID11', 0, 'LINES_REJECTED');
INSERT INTO `r_trans_attribute` VALUES (5036, 13, 0, 'STEP_LOG_TABLE_FIELD_NAME11', 0, 'LINES_REJECTED');
INSERT INTO `r_trans_attribute` VALUES (5037, 13, 0, 'STEP_LOG_TABLE_FIELD_ENABLED11', 0, 'Y');
INSERT INTO `r_trans_attribute` VALUES (5038, 13, 0, 'STEP_LOG_TABLE_FIELD_ID12', 0, 'ERRORS');
INSERT INTO `r_trans_attribute` VALUES (5039, 13, 0, 'STEP_LOG_TABLE_FIELD_NAME12', 0, 'ERRORS');
INSERT INTO `r_trans_attribute` VALUES (5040, 13, 0, 'STEP_LOG_TABLE_FIELD_ENABLED12', 0, 'Y');
INSERT INTO `r_trans_attribute` VALUES (5041, 13, 0, 'STEP_LOG_TABLE_FIELD_ID13', 0, 'LOG_FIELD');
INSERT INTO `r_trans_attribute` VALUES (5042, 13, 0, 'STEP_LOG_TABLE_FIELD_NAME13', 0, 'LOG_FIELD');
INSERT INTO `r_trans_attribute` VALUES (5043, 13, 0, 'STEP_LOG_TABLE_FIELD_ENABLED13', 0, 'N');
INSERT INTO `r_trans_attribute` VALUES (5044, 13, 0, 'PERFORMANCE_LOG_TABLE_CONNECTION_NAME', 0, NULL);
INSERT INTO `r_trans_attribute` VALUES (5045, 13, 0, 'PERFORMANCE_LOG_TABLE_SCHEMA_NAME', 0, NULL);
INSERT INTO `r_trans_attribute` VALUES (5046, 13, 0, 'PERFORMANCE_LOG_TABLE_TABLE_NAME', 0, NULL);
INSERT INTO `r_trans_attribute` VALUES (5047, 13, 0, 'PERFORMANCE_LOG_TABLE_TIMEOUT_IN_DAYS', 0, NULL);
INSERT INTO `r_trans_attribute` VALUES (5048, 13, 0, 'PERFORMANCE_LOG_TABLE_FIELD_ID0', 0, 'ID_BATCH');
INSERT INTO `r_trans_attribute` VALUES (5049, 13, 0, 'PERFORMANCE_LOG_TABLE_FIELD_NAME0', 0, 'ID_BATCH');
INSERT INTO `r_trans_attribute` VALUES (5050, 13, 0, 'PERFORMANCE_LOG_TABLE_FIELD_ENABLED0', 0, 'Y');
INSERT INTO `r_trans_attribute` VALUES (5051, 13, 0, 'PERFORMANCE_LOG_TABLE_FIELD_ID1', 0, 'SEQ_NR');
INSERT INTO `r_trans_attribute` VALUES (5052, 13, 0, 'PERFORMANCE_LOG_TABLE_FIELD_NAME1', 0, 'SEQ_NR');
INSERT INTO `r_trans_attribute` VALUES (5053, 13, 0, 'PERFORMANCE_LOG_TABLE_FIELD_ENABLED1', 0, 'Y');
INSERT INTO `r_trans_attribute` VALUES (5054, 13, 0, 'PERFORMANCE_LOG_TABLE_FIELD_ID2', 0, 'LOGDATE');
INSERT INTO `r_trans_attribute` VALUES (5055, 13, 0, 'PERFORMANCE_LOG_TABLE_FIELD_NAME2', 0, 'LOGDATE');
INSERT INTO `r_trans_attribute` VALUES (5056, 13, 0, 'PERFORMANCE_LOG_TABLE_FIELD_ENABLED2', 0, 'Y');
INSERT INTO `r_trans_attribute` VALUES (5057, 13, 0, 'PERFORMANCE_LOG_TABLE_FIELD_ID3', 0, 'TRANSNAME');
INSERT INTO `r_trans_attribute` VALUES (5058, 13, 0, 'PERFORMANCE_LOG_TABLE_FIELD_NAME3', 0, 'TRANSNAME');
INSERT INTO `r_trans_attribute` VALUES (5059, 13, 0, 'PERFORMANCE_LOG_TABLE_FIELD_ENABLED3', 0, 'Y');
INSERT INTO `r_trans_attribute` VALUES (5060, 13, 0, 'PERFORMANCE_LOG_TABLE_FIELD_ID4', 0, 'STEPNAME');
INSERT INTO `r_trans_attribute` VALUES (5061, 13, 0, 'PERFORMANCE_LOG_TABLE_FIELD_NAME4', 0, 'STEPNAME');
INSERT INTO `r_trans_attribute` VALUES (5062, 13, 0, 'PERFORMANCE_LOG_TABLE_FIELD_ENABLED4', 0, 'Y');
INSERT INTO `r_trans_attribute` VALUES (5063, 13, 0, 'PERFORMANCE_LOG_TABLE_FIELD_ID5', 0, 'STEP_COPY');
INSERT INTO `r_trans_attribute` VALUES (5064, 13, 0, 'PERFORMANCE_LOG_TABLE_FIELD_NAME5', 0, 'STEP_COPY');
INSERT INTO `r_trans_attribute` VALUES (5065, 13, 0, 'PERFORMANCE_LOG_TABLE_FIELD_ENABLED5', 0, 'Y');
INSERT INTO `r_trans_attribute` VALUES (5066, 13, 0, 'PERFORMANCE_LOG_TABLE_FIELD_ID6', 0, 'LINES_READ');
INSERT INTO `r_trans_attribute` VALUES (5067, 13, 0, 'PERFORMANCE_LOG_TABLE_FIELD_NAME6', 0, 'LINES_READ');
INSERT INTO `r_trans_attribute` VALUES (5068, 13, 0, 'PERFORMANCE_LOG_TABLE_FIELD_ENABLED6', 0, 'Y');
INSERT INTO `r_trans_attribute` VALUES (5069, 13, 0, 'PERFORMANCE_LOG_TABLE_FIELD_ID7', 0, 'LINES_WRITTEN');
INSERT INTO `r_trans_attribute` VALUES (5070, 13, 0, 'PERFORMANCE_LOG_TABLE_FIELD_NAME7', 0, 'LINES_WRITTEN');
INSERT INTO `r_trans_attribute` VALUES (5071, 13, 0, 'PERFORMANCE_LOG_TABLE_FIELD_ENABLED7', 0, 'Y');
INSERT INTO `r_trans_attribute` VALUES (5072, 13, 0, 'PERFORMANCE_LOG_TABLE_FIELD_ID8', 0, 'LINES_UPDATED');
INSERT INTO `r_trans_attribute` VALUES (5073, 13, 0, 'PERFORMANCE_LOG_TABLE_FIELD_NAME8', 0, 'LINES_UPDATED');
INSERT INTO `r_trans_attribute` VALUES (5074, 13, 0, 'PERFORMANCE_LOG_TABLE_FIELD_ENABLED8', 0, 'Y');
INSERT INTO `r_trans_attribute` VALUES (5075, 13, 0, 'PERFORMANCE_LOG_TABLE_FIELD_ID9', 0, 'LINES_INPUT');
INSERT INTO `r_trans_attribute` VALUES (5076, 13, 0, 'PERFORMANCE_LOG_TABLE_FIELD_NAME9', 0, 'LINES_INPUT');
INSERT INTO `r_trans_attribute` VALUES (5077, 13, 0, 'PERFORMANCE_LOG_TABLE_FIELD_ENABLED9', 0, 'Y');
INSERT INTO `r_trans_attribute` VALUES (5078, 13, 0, 'PERFORMANCE_LOG_TABLE_FIELD_ID10', 0, 'LINES_OUTPUT');
INSERT INTO `r_trans_attribute` VALUES (5079, 13, 0, 'PERFORMANCE_LOG_TABLE_FIELD_NAME10', 0, 'LINES_OUTPUT');
INSERT INTO `r_trans_attribute` VALUES (5080, 13, 0, 'PERFORMANCE_LOG_TABLE_FIELD_ENABLED10', 0, 'Y');
INSERT INTO `r_trans_attribute` VALUES (5081, 13, 0, 'PERFORMANCE_LOG_TABLE_FIELD_ID11', 0, 'LINES_REJECTED');
INSERT INTO `r_trans_attribute` VALUES (5082, 13, 0, 'PERFORMANCE_LOG_TABLE_FIELD_NAME11', 0, 'LINES_REJECTED');
INSERT INTO `r_trans_attribute` VALUES (5083, 13, 0, 'PERFORMANCE_LOG_TABLE_FIELD_ENABLED11', 0, 'Y');
INSERT INTO `r_trans_attribute` VALUES (5084, 13, 0, 'PERFORMANCE_LOG_TABLE_FIELD_ID12', 0, 'ERRORS');
INSERT INTO `r_trans_attribute` VALUES (5085, 13, 0, 'PERFORMANCE_LOG_TABLE_FIELD_NAME12', 0, 'ERRORS');
INSERT INTO `r_trans_attribute` VALUES (5086, 13, 0, 'PERFORMANCE_LOG_TABLE_FIELD_ENABLED12', 0, 'Y');
INSERT INTO `r_trans_attribute` VALUES (5087, 13, 0, 'PERFORMANCE_LOG_TABLE_FIELD_ID13', 0, 'INPUT_BUFFER_ROWS');
INSERT INTO `r_trans_attribute` VALUES (5088, 13, 0, 'PERFORMANCE_LOG_TABLE_FIELD_NAME13', 0, 'INPUT_BUFFER_ROWS');
INSERT INTO `r_trans_attribute` VALUES (5089, 13, 0, 'PERFORMANCE_LOG_TABLE_FIELD_ENABLED13', 0, 'Y');
INSERT INTO `r_trans_attribute` VALUES (5090, 13, 0, 'PERFORMANCE_LOG_TABLE_FIELD_ID14', 0, 'OUTPUT_BUFFER_ROWS');
INSERT INTO `r_trans_attribute` VALUES (5091, 13, 0, 'PERFORMANCE_LOG_TABLE_FIELD_NAME14', 0, 'OUTPUT_BUFFER_ROWS');
INSERT INTO `r_trans_attribute` VALUES (5092, 13, 0, 'PERFORMANCE_LOG_TABLE_FIELD_ENABLED14', 0, 'Y');
INSERT INTO `r_trans_attribute` VALUES (5093, 13, 0, 'PERFORMANCELOG_TABLE_INTERVAL', 0, NULL);
INSERT INTO `r_trans_attribute` VALUES (5094, 13, 0, 'CHANNEL_LOG_TABLE_CONNECTION_NAME', 0, NULL);
INSERT INTO `r_trans_attribute` VALUES (5095, 13, 0, 'CHANNEL_LOG_TABLE_SCHEMA_NAME', 0, NULL);
INSERT INTO `r_trans_attribute` VALUES (5096, 13, 0, 'CHANNEL_LOG_TABLE_TABLE_NAME', 0, NULL);
INSERT INTO `r_trans_attribute` VALUES (5097, 13, 0, 'CHANNEL_LOG_TABLE_TIMEOUT_IN_DAYS', 0, NULL);
INSERT INTO `r_trans_attribute` VALUES (5098, 13, 0, 'CHANNEL_LOG_TABLE_FIELD_ID0', 0, 'ID_BATCH');
INSERT INTO `r_trans_attribute` VALUES (5099, 13, 0, 'CHANNEL_LOG_TABLE_FIELD_NAME0', 0, 'ID_BATCH');
INSERT INTO `r_trans_attribute` VALUES (5100, 13, 0, 'CHANNEL_LOG_TABLE_FIELD_ENABLED0', 0, 'Y');
INSERT INTO `r_trans_attribute` VALUES (5101, 13, 0, 'CHANNEL_LOG_TABLE_FIELD_ID1', 0, 'CHANNEL_ID');
INSERT INTO `r_trans_attribute` VALUES (5102, 13, 0, 'CHANNEL_LOG_TABLE_FIELD_NAME1', 0, 'CHANNEL_ID');
INSERT INTO `r_trans_attribute` VALUES (5103, 13, 0, 'CHANNEL_LOG_TABLE_FIELD_ENABLED1', 0, 'Y');
INSERT INTO `r_trans_attribute` VALUES (5104, 13, 0, 'CHANNEL_LOG_TABLE_FIELD_ID2', 0, 'LOG_DATE');
INSERT INTO `r_trans_attribute` VALUES (5105, 13, 0, 'CHANNEL_LOG_TABLE_FIELD_NAME2', 0, 'LOG_DATE');
INSERT INTO `r_trans_attribute` VALUES (5106, 13, 0, 'CHANNEL_LOG_TABLE_FIELD_ENABLED2', 0, 'Y');
INSERT INTO `r_trans_attribute` VALUES (5107, 13, 0, 'CHANNEL_LOG_TABLE_FIELD_ID3', 0, 'LOGGING_OBJECT_TYPE');
INSERT INTO `r_trans_attribute` VALUES (5108, 13, 0, 'CHANNEL_LOG_TABLE_FIELD_NAME3', 0, 'LOGGING_OBJECT_TYPE');
INSERT INTO `r_trans_attribute` VALUES (5109, 13, 0, 'CHANNEL_LOG_TABLE_FIELD_ENABLED3', 0, 'Y');
INSERT INTO `r_trans_attribute` VALUES (5110, 13, 0, 'CHANNEL_LOG_TABLE_FIELD_ID4', 0, 'OBJECT_NAME');
INSERT INTO `r_trans_attribute` VALUES (5111, 13, 0, 'CHANNEL_LOG_TABLE_FIELD_NAME4', 0, 'OBJECT_NAME');
INSERT INTO `r_trans_attribute` VALUES (5112, 13, 0, 'CHANNEL_LOG_TABLE_FIELD_ENABLED4', 0, 'Y');
INSERT INTO `r_trans_attribute` VALUES (5113, 13, 0, 'CHANNEL_LOG_TABLE_FIELD_ID5', 0, 'OBJECT_COPY');
INSERT INTO `r_trans_attribute` VALUES (5114, 13, 0, 'CHANNEL_LOG_TABLE_FIELD_NAME5', 0, 'OBJECT_COPY');
INSERT INTO `r_trans_attribute` VALUES (5115, 13, 0, 'CHANNEL_LOG_TABLE_FIELD_ENABLED5', 0, 'Y');
INSERT INTO `r_trans_attribute` VALUES (5116, 13, 0, 'CHANNEL_LOG_TABLE_FIELD_ID6', 0, 'REPOSITORY_DIRECTORY');
INSERT INTO `r_trans_attribute` VALUES (5117, 13, 0, 'CHANNEL_LOG_TABLE_FIELD_NAME6', 0, 'REPOSITORY_DIRECTORY');
INSERT INTO `r_trans_attribute` VALUES (5118, 13, 0, 'CHANNEL_LOG_TABLE_FIELD_ENABLED6', 0, 'Y');
INSERT INTO `r_trans_attribute` VALUES (5119, 13, 0, 'CHANNEL_LOG_TABLE_FIELD_ID7', 0, 'FILENAME');
INSERT INTO `r_trans_attribute` VALUES (5120, 13, 0, 'CHANNEL_LOG_TABLE_FIELD_NAME7', 0, 'FILENAME');
INSERT INTO `r_trans_attribute` VALUES (5121, 13, 0, 'CHANNEL_LOG_TABLE_FIELD_ENABLED7', 0, 'Y');
INSERT INTO `r_trans_attribute` VALUES (5122, 13, 0, 'CHANNEL_LOG_TABLE_FIELD_ID8', 0, 'OBJECT_ID');
INSERT INTO `r_trans_attribute` VALUES (5123, 13, 0, 'CHANNEL_LOG_TABLE_FIELD_NAME8', 0, 'OBJECT_ID');
INSERT INTO `r_trans_attribute` VALUES (5124, 13, 0, 'CHANNEL_LOG_TABLE_FIELD_ENABLED8', 0, 'Y');
INSERT INTO `r_trans_attribute` VALUES (5125, 13, 0, 'CHANNEL_LOG_TABLE_FIELD_ID9', 0, 'OBJECT_REVISION');
INSERT INTO `r_trans_attribute` VALUES (5126, 13, 0, 'CHANNEL_LOG_TABLE_FIELD_NAME9', 0, 'OBJECT_REVISION');
INSERT INTO `r_trans_attribute` VALUES (5127, 13, 0, 'CHANNEL_LOG_TABLE_FIELD_ENABLED9', 0, 'Y');
INSERT INTO `r_trans_attribute` VALUES (5128, 13, 0, 'CHANNEL_LOG_TABLE_FIELD_ID10', 0, 'PARENT_CHANNEL_ID');
INSERT INTO `r_trans_attribute` VALUES (5129, 13, 0, 'CHANNEL_LOG_TABLE_FIELD_NAME10', 0, 'PARENT_CHANNEL_ID');
INSERT INTO `r_trans_attribute` VALUES (5130, 13, 0, 'CHANNEL_LOG_TABLE_FIELD_ENABLED10', 0, 'Y');
INSERT INTO `r_trans_attribute` VALUES (5131, 13, 0, 'CHANNEL_LOG_TABLE_FIELD_ID11', 0, 'ROOT_CHANNEL_ID');
INSERT INTO `r_trans_attribute` VALUES (5132, 13, 0, 'CHANNEL_LOG_TABLE_FIELD_NAME11', 0, 'ROOT_CHANNEL_ID');
INSERT INTO `r_trans_attribute` VALUES (5133, 13, 0, 'CHANNEL_LOG_TABLE_FIELD_ENABLED11', 0, 'Y');

-- ----------------------------
-- Table structure for r_trans_cluster
-- ----------------------------
DROP TABLE IF EXISTS `r_trans_cluster`;
CREATE TABLE `r_trans_cluster`  (
  `ID_TRANS_CLUSTER` bigint(20) NOT NULL,
  `ID_TRANSFORMATION` int(11) NULL DEFAULT NULL,
  `ID_CLUSTER` int(11) NULL DEFAULT NULL,
  PRIMARY KEY (`ID_TRANS_CLUSTER`) USING BTREE
) ENGINE = InnoDB CHARACTER SET = utf8 COLLATE = utf8_general_ci ROW_FORMAT = Dynamic;

-- ----------------------------
-- Table structure for r_trans_hop
-- ----------------------------
DROP TABLE IF EXISTS `r_trans_hop`;
CREATE TABLE `r_trans_hop`  (
  `ID_TRANS_HOP` bigint(20) NOT NULL,
  `ID_TRANSFORMATION` int(11) NULL DEFAULT NULL,
  `ID_STEP_FROM` int(11) NULL DEFAULT NULL,
  `ID_STEP_TO` int(11) NULL DEFAULT NULL,
  `ENABLED` tinyint(1) NULL DEFAULT NULL,
  PRIMARY KEY (`ID_TRANS_HOP`) USING BTREE
) ENGINE = InnoDB CHARACTER SET = utf8 COLLATE = utf8_general_ci ROW_FORMAT = Dynamic;

-- ----------------------------
-- Records of r_trans_hop
-- ----------------------------
INSERT INTO `r_trans_hop` VALUES (3, 3, 9, 5, 1);
INSERT INTO `r_trans_hop` VALUES (4, 3, 8, 6, 1);
INSERT INTO `r_trans_hop` VALUES (5, 3, 5, 8, 1);
INSERT INTO `r_trans_hop` VALUES (6, 3, 6, 7, 1);
INSERT INTO `r_trans_hop` VALUES (7, 3, 7, 10, 1);
INSERT INTO `r_trans_hop` VALUES (8, 4, 14, 11, 1);
INSERT INTO `r_trans_hop` VALUES (9, 4, 11, 12, 1);
INSERT INTO `r_trans_hop` VALUES (10, 4, 12, 13, 1);
INSERT INTO `r_trans_hop` VALUES (11, 4, 13, 15, 1);
INSERT INTO `r_trans_hop` VALUES (17, 6, 23, 22, 1);
INSERT INTO `r_trans_hop` VALUES (18, 6, 22, 24, 1);
INSERT INTO `r_trans_hop` VALUES (19, 1, 26, 25, 1);
INSERT INTO `r_trans_hop` VALUES (21, 5, 32, 30, 1);
INSERT INTO `r_trans_hop` VALUES (22, 5, 30, 29, 1);
INSERT INTO `r_trans_hop` VALUES (23, 5, 29, 33, 1);
INSERT INTO `r_trans_hop` VALUES (24, 5, 33, 31, 1);
INSERT INTO `r_trans_hop` VALUES (25, 5, 31, 34, 1);
INSERT INTO `r_trans_hop` VALUES (32, 8, 45, 46, 1);
INSERT INTO `r_trans_hop` VALUES (36, 7, 52, 53, 1);
INSERT INTO `r_trans_hop` VALUES (37, 7, 53, 54, 1);
INSERT INTO `r_trans_hop` VALUES (38, 2, 55, 56, 1);
INSERT INTO `r_trans_hop` VALUES (39, 9, 58, 57, 1);
INSERT INTO `r_trans_hop` VALUES (40, 10, 59, 60, 1);
INSERT INTO `r_trans_hop` VALUES (41, 11, 61, 62, 1);
INSERT INTO `r_trans_hop` VALUES (42, 12, 63, 65, 1);
INSERT INTO `r_trans_hop` VALUES (43, 13, 66, 67, 1);

-- ----------------------------
-- Table structure for r_trans_lock
-- ----------------------------
DROP TABLE IF EXISTS `r_trans_lock`;
CREATE TABLE `r_trans_lock`  (
  `ID_TRANS_LOCK` bigint(20) NOT NULL,
  `ID_TRANSFORMATION` int(11) NULL DEFAULT NULL,
  `ID_USER` int(11) NULL DEFAULT NULL,
  `LOCK_MESSAGE` mediumtext CHARACTER SET utf8 COLLATE utf8_general_ci NULL,
  `LOCK_DATE` datetime(0) NULL DEFAULT NULL,
  PRIMARY KEY (`ID_TRANS_LOCK`) USING BTREE
) ENGINE = InnoDB CHARACTER SET = utf8 COLLATE = utf8_general_ci ROW_FORMAT = Dynamic;

-- ----------------------------
-- Table structure for r_trans_note
-- ----------------------------
DROP TABLE IF EXISTS `r_trans_note`;
CREATE TABLE `r_trans_note`  (
  `ID_TRANSFORMATION` int(11) NULL DEFAULT NULL,
  `ID_NOTE` int(11) NULL DEFAULT NULL
) ENGINE = InnoDB CHARACTER SET = utf8 COLLATE = utf8_general_ci ROW_FORMAT = Dynamic;

-- ----------------------------
-- Table structure for r_trans_partition_schema
-- ----------------------------
DROP TABLE IF EXISTS `r_trans_partition_schema`;
CREATE TABLE `r_trans_partition_schema`  (
  `ID_TRANS_PARTITION_SCHEMA` bigint(20) NOT NULL,
  `ID_TRANSFORMATION` int(11) NULL DEFAULT NULL,
  `ID_PARTITION_SCHEMA` int(11) NULL DEFAULT NULL,
  PRIMARY KEY (`ID_TRANS_PARTITION_SCHEMA`) USING BTREE
) ENGINE = InnoDB CHARACTER SET = utf8 COLLATE = utf8_general_ci ROW_FORMAT = Dynamic;

-- ----------------------------
-- Table structure for r_trans_slave
-- ----------------------------
DROP TABLE IF EXISTS `r_trans_slave`;
CREATE TABLE `r_trans_slave`  (
  `ID_TRANS_SLAVE` bigint(20) NOT NULL,
  `ID_TRANSFORMATION` int(11) NULL DEFAULT NULL,
  `ID_SLAVE` int(11) NULL DEFAULT NULL,
  PRIMARY KEY (`ID_TRANS_SLAVE`) USING BTREE
) ENGINE = InnoDB CHARACTER SET = utf8 COLLATE = utf8_general_ci ROW_FORMAT = Dynamic;

-- ----------------------------
-- Table structure for r_trans_step_condition
-- ----------------------------
DROP TABLE IF EXISTS `r_trans_step_condition`;
CREATE TABLE `r_trans_step_condition`  (
  `ID_TRANSFORMATION` int(11) NULL DEFAULT NULL,
  `ID_STEP` int(11) NULL DEFAULT NULL,
  `ID_CONDITION` int(11) NULL DEFAULT NULL
) ENGINE = InnoDB CHARACTER SET = utf8 COLLATE = utf8_general_ci ROW_FORMAT = Dynamic;

-- ----------------------------
-- Table structure for r_transformation
-- ----------------------------
DROP TABLE IF EXISTS `r_transformation`;
CREATE TABLE `r_transformation`  (
  `ID_TRANSFORMATION` bigint(20) NOT NULL,
  `ID_DIRECTORY` int(11) NULL DEFAULT NULL,
  `NAME` varchar(255) CHARACTER SET utf8 COLLATE utf8_general_ci NULL DEFAULT NULL,
  `DESCRIPTION` mediumtext CHARACTER SET utf8 COLLATE utf8_general_ci NULL,
  `EXTENDED_DESCRIPTION` mediumtext CHARACTER SET utf8 COLLATE utf8_general_ci NULL,
  `TRANS_VERSION` varchar(255) CHARACTER SET utf8 COLLATE utf8_general_ci NULL DEFAULT NULL,
  `TRANS_STATUS` int(11) NULL DEFAULT NULL,
  `ID_STEP_READ` int(11) NULL DEFAULT NULL,
  `ID_STEP_WRITE` int(11) NULL DEFAULT NULL,
  `ID_STEP_INPUT` int(11) NULL DEFAULT NULL,
  `ID_STEP_OUTPUT` int(11) NULL DEFAULT NULL,
  `ID_STEP_UPDATE` int(11) NULL DEFAULT NULL,
  `ID_DATABASE_LOG` int(11) NULL DEFAULT NULL,
  `TABLE_NAME_LOG` varchar(255) CHARACTER SET utf8 COLLATE utf8_general_ci NULL DEFAULT NULL,
  `USE_BATCHID` tinyint(1) NULL DEFAULT NULL,
  `USE_LOGFIELD` tinyint(1) NULL DEFAULT NULL,
  `ID_DATABASE_MAXDATE` int(11) NULL DEFAULT NULL,
  `TABLE_NAME_MAXDATE` varchar(255) CHARACTER SET utf8 COLLATE utf8_general_ci NULL DEFAULT NULL,
  `FIELD_NAME_MAXDATE` varchar(255) CHARACTER SET utf8 COLLATE utf8_general_ci NULL DEFAULT NULL,
  `OFFSET_MAXDATE` double NULL DEFAULT NULL,
  `DIFF_MAXDATE` double NULL DEFAULT NULL,
  `CREATED_USER` varchar(255) CHARACTER SET utf8 COLLATE utf8_general_ci NULL DEFAULT NULL,
  `CREATED_DATE` datetime(0) NULL DEFAULT NULL,
  `MODIFIED_USER` varchar(255) CHARACTER SET utf8 COLLATE utf8_general_ci NULL DEFAULT NULL,
  `MODIFIED_DATE` datetime(0) NULL DEFAULT NULL,
  `SIZE_ROWSET` int(11) NULL DEFAULT NULL,
  PRIMARY KEY (`ID_TRANSFORMATION`) USING BTREE
) ENGINE = InnoDB CHARACTER SET = utf8 COLLATE = utf8_general_ci ROW_FORMAT = Dynamic;

-- ----------------------------
-- Records of r_transformation
-- ----------------------------
INSERT INTO `r_transformation` VALUES (1, 0, '设置表名', NULL, NULL, NULL, -1, NULL, NULL, NULL, NULL, NULL, -1, NULL, 1, 1, -1, NULL, NULL, 0, 0, '-', '2020-03-06 17:31:38', 'admin', '2020-03-17 11:26:25', 10000);
INSERT INTO `r_transformation` VALUES (2, 0, '批量同步表转换', NULL, NULL, NULL, 0, NULL, NULL, NULL, NULL, NULL, -1, NULL, 1, 1, -1, NULL, NULL, 0, 0, '-', '2020-03-06 17:30:50', 'admin', '2020-03-17 17:42:48', 10000);
INSERT INTO `r_transformation` VALUES (3, 0, '库表同步抓取转换', NULL, NULL, NULL, -1, NULL, NULL, NULL, NULL, NULL, -1, NULL, 1, 1, -1, NULL, NULL, 0, 0, '-', '2020-03-06 09:04:05', 'admin', '2020-03-16 17:20:09', 10000);
INSERT INTO `r_transformation` VALUES (4, 0, '库表同步推送转换', NULL, NULL, NULL, -1, NULL, NULL, NULL, NULL, NULL, -1, NULL, 1, 1, -1, NULL, NULL, 0, 0, '-', '2020-03-05 10:51:53', 'admin', '2020-03-16 17:24:35', 10000);
INSERT INTO `r_transformation` VALUES (5, 0, '接口同步转换', NULL, NULL, NULL, -1, NULL, NULL, NULL, NULL, NULL, -1, NULL, 1, 1, -1, NULL, NULL, 0, 0, '-', '2020-03-03 13:21:07', 'admin', '2020-03-17 14:55:17', 10000);
INSERT INTO `r_transformation` VALUES (6, 0, '获取ftp信息转换', NULL, NULL, NULL, -1, NULL, NULL, NULL, NULL, NULL, -1, NULL, 1, 1, -1, NULL, NULL, 0, 0, '-', '2020-03-10 13:02:09', 'admin', '2020-03-16 17:30:40', 10000);
INSERT INTO `r_transformation` VALUES (7, 0, '测试转换', NULL, NULL, NULL, 0, NULL, NULL, NULL, NULL, NULL, -1, NULL, 1, 1, -1, NULL, NULL, 0, 0, '-', '2020-03-17 16:05:35', 'admin', '2020-03-17 17:33:44', 10000);
INSERT INTO `r_transformation` VALUES (8, 0, '测试转换2', NULL, NULL, NULL, -1, NULL, NULL, NULL, NULL, NULL, -1, NULL, 1, 1, -1, NULL, NULL, 0, 0, '-', '2020-03-17 17:02:41', 'admin', '2020-03-17 17:06:35', 10000);
INSERT INTO `r_transformation` VALUES (9, 0, '取表结果', NULL, NULL, NULL, -1, NULL, NULL, NULL, NULL, NULL, -1, NULL, 1, 1, -1, NULL, NULL, 0, 0, '-', '2020-03-17 17:22:38', 'admin', '2020-03-17 17:52:14', 10000);
INSERT INTO `r_transformation` VALUES (10, 0, 'data_pool2lx上', NULL, NULL, NULL, -1, NULL, NULL, NULL, NULL, NULL, -1, NULL, 1, 1, -1, NULL, NULL, 0, 0, '-', '2020-05-11 15:19:22', 'admin', '2020-05-11 15:27:19', 10000);
INSERT INTO `r_transformation` VALUES (11, 0, '转换 1', NULL, NULL, NULL, -1, NULL, NULL, NULL, NULL, NULL, -1, NULL, 1, 1, -1, NULL, NULL, 0, 0, '-', '2020-05-27 17:36:46', 'admin', '2020-05-28 14:34:01', 10000);
INSERT INTO `r_transformation` VALUES (12, 0, '转换 2', NULL, NULL, NULL, -1, NULL, NULL, NULL, NULL, NULL, -1, NULL, 1, 1, -1, NULL, NULL, 0, 0, '-', '2020-05-28 17:55:25', 'admin', '2020-05-29 14:39:46', 10000);
INSERT INTO `r_transformation` VALUES (13, 0, 'ssss', NULL, NULL, NULL, -1, NULL, NULL, NULL, NULL, NULL, -1, NULL, 1, 1, -1, NULL, NULL, 0, 0, '-', '2020-05-28 17:55:25', 'admin', '2020-06-28 13:30:31', 10000);

-- ----------------------------
-- Table structure for r_user
-- ----------------------------
DROP TABLE IF EXISTS `r_user`;
CREATE TABLE `r_user`  (
  `ID_USER` bigint(20) NOT NULL,
  `LOGIN` varchar(255) CHARACTER SET utf8 COLLATE utf8_general_ci NULL DEFAULT NULL,
  `PASSWORD` varchar(255) CHARACTER SET utf8 COLLATE utf8_general_ci NULL DEFAULT NULL,
  `NAME` varchar(255) CHARACTER SET utf8 COLLATE utf8_general_ci NULL DEFAULT NULL,
  `DESCRIPTION` varchar(255) CHARACTER SET utf8 COLLATE utf8_general_ci NULL DEFAULT NULL,
  `ENABLED` tinyint(1) NULL DEFAULT NULL,
  PRIMARY KEY (`ID_USER`) USING BTREE
) ENGINE = InnoDB CHARACTER SET = utf8 COLLATE = utf8_general_ci ROW_FORMAT = Dynamic;

-- ----------------------------
-- Records of r_user
-- ----------------------------
INSERT INTO `r_user` VALUES (1, 'admin', '2be98afc86aa7f2e4cb79ce71da9fa6d4', 'Administrator', 'User manager', 1);
INSERT INTO `r_user` VALUES (2, 'guest', '2be98afc86aa7f2e4cb79ce77cb97bcce', 'Guest account', 'Read-only guest account', 1);

-- ----------------------------
-- Table structure for r_value
-- ----------------------------
DROP TABLE IF EXISTS `r_value`;
CREATE TABLE `r_value`  (
  `ID_VALUE` bigint(20) NOT NULL,
  `NAME` varchar(255) CHARACTER SET utf8 COLLATE utf8_general_ci NULL DEFAULT NULL,
  `VALUE_TYPE` varchar(255) CHARACTER SET utf8 COLLATE utf8_general_ci NULL DEFAULT NULL,
  `VALUE_STR` varchar(255) CHARACTER SET utf8 COLLATE utf8_general_ci NULL DEFAULT NULL,
  `IS_NULL` tinyint(1) NULL DEFAULT NULL,
  PRIMARY KEY (`ID_VALUE`) USING BTREE
) ENGINE = InnoDB CHARACTER SET = utf8 COLLATE = utf8_general_ci ROW_FORMAT = Dynamic;

-- ----------------------------
-- Table structure for r_version
-- ----------------------------
DROP TABLE IF EXISTS `r_version`;
CREATE TABLE `r_version`  (
  `ID_VERSION` bigint(20) NOT NULL,
  `MAJOR_VERSION` int(11) NULL DEFAULT NULL,
  `MINOR_VERSION` int(11) NULL DEFAULT NULL,
  `UPGRADE_DATE` datetime(0) NULL DEFAULT NULL,
  `IS_UPGRADE` tinyint(1) NULL DEFAULT NULL,
  PRIMARY KEY (`ID_VERSION`) USING BTREE
) ENGINE = InnoDB CHARACTER SET = utf8 COLLATE = utf8_general_ci ROW_FORMAT = Dynamic;

-- ----------------------------
-- Records of r_version
-- ----------------------------
INSERT INTO `r_version` VALUES (1, 5, 0, '2020-01-15 16:58:58', 0);
INSERT INTO `r_version` VALUES (2, 5, 0, '2020-02-11 10:09:05', 1);
INSERT INTO `r_version` VALUES (3, 5, 0, '2020-05-11 15:04:55', 1);
INSERT INTO `r_version` VALUES (4, 5, 0, '2020-05-13 17:11:19', 1);
INSERT INTO `r_version` VALUES (5, 5, 0, '2020-05-27 17:34:25', 1);
INSERT INTO `r_version` VALUES (6, 5, 0, '2020-05-29 17:11:24', 1);
INSERT INTO `r_version` VALUES (7, 5, 0, '2020-06-16 15:00:58', 1);

SET FOREIGN_KEY_CHECKS = 1;
